frequency_hz,band_index,band_label,energy,energy_relative_db,gate,activation_rms,activation_relative_db
50.0,0,<300 Hz,0.49225515127182007,-0.08365505933761597,0.6679303646087646,0.3501100540161133,-0.09679116308689117
50.0,1,300-800 Hz,6.387135363183916e-05,-38.95249557495117,0.5394530296325684,0.03381838649511337,-20.397825241088867
50.0,2,0.8-2 kHz,1.744714791129809e-05,-44.588314056396484,0.5560382604598999,0.054363079369068146,-16.274803161621094
50.0,3,2-4 kHz,6.527369805553462e-06,-48.858177185058594,0.5583019256591797,0.05510870739817619,-16.156478881835938
50.0,4,>4 kHz,4.885059297521366e-06,-50.116859436035156,0.5326516628265381,0.031576938927173615,-20.99348258972168
75.0,0,<300 Hz,0.48181214928627014,-0.1767803132534027,0.6660100221633911,0.3453405499458313,-0.215931236743927
75.0,1,300-800 Hz,0.00017337477765977383,-34.615699768066406,0.5394859910011292,0.03400789573788643,-20.349288940429688
75.0,2,0.8-2 kHz,1.8713435565587133e-05,-44.28402328491211,0.5560386180877686,0.05436484143137932,-16.274520874023438
75.0,3,2-4 kHz,6.535511602123734e-06,-48.85276412963867,0.5583019256591797,0.05510871857404709,-16.156476974487305
75.0,4,>4 kHz,4.966397682437673e-06,-50.045143127441406,0.5326516628265381,0.03157708793878555,-20.993440628051758
100.0,0,<300 Hz,0.46526870131492615,-0.32851946353912354,0.6629287600517273,0.33773621916770935,-0.40932995080947876
100.0,1,300-800 Hz,0.0005565729225054383,-29.550338745117188,0.5396013259887695,0.03466305509209633,-20.18354606628418
100.0,2,0.8-2 kHz,2.0911846149829216e-05,-43.801631927490234,0.5560392141342163,0.05436790734529495,-16.274030685424805
100.0,3,2-4 kHz,6.546490112668835e-06,-48.84547424316406,0.5583019852638245,0.05510874092578888,-16.15647315979004
100.0,4,>4 kHz,5.10914060214418e-06,-49.922080993652344,0.5326517224311829,0.03157733753323555,-20.99337387084961
125.0,0,<300 Hz,0.4413841962814331,-0.557390034198761,0.658393144607544,0.32664746046066284,-0.6992969512939453
125.0,1,300-800 Hz,0.0016231888439506292,-24.901866912841797,0.5399221777915955,0.0364280641078949,-19.752161026000977
125.0,2,0.8-2 kHz,2.3437907657353207e-05,-43.30636978149414,0.5560400485992432,0.054371438920497894,-16.273466110229492
125.0,3,2-4 kHz,6.560099791386165e-06,-48.836456298828125,0.5583019852638245,0.05510875582695007,-16.156471252441406
125.0,4,>4 kHz,5.268599579721922e-06,-49.788604736328125,0.5326517820358276,0.03157762438058853,-20.99329376220703
150.0,0,<300 Hz,0.4094089865684509,-0.8839839696884155,0.6521551609039307,0.31158578395843506,-1.1093300580978394
150.0,1,300-800 Hz,0.004128874745219946,-20.84724235534668,0.5406743288040161,0.04029054194688797,-18.876821517944336
150.0,2,0.8-2 kHz,2.5264362193411216e-05,-42.98047637939453,0.5560406446456909,0.05437399446964264,-16.27305793762207
150.0,3,2-4 kHz,6.577691692655208e-06,-48.82482147216797,0.5583019852638245,0.055108778178691864,-16.15646743774414
150.0,4,>4 kHz,5.370727194531355e-06,-49.705230712890625,0.5326517820358276,0.03157780319452286,-20.993244171142578
175.0,0,<300 Hz,0.36947619915008545,-1.3296931982040405,0.6440861821174622,0.29239577054977417,-1.6614611148834229
175.0,1,300-800 Hz,0.009251795709133148,-17.34329605102539,0.5422058701515198,0.04728701710700989,-17.48604393005371
175.0,2,0.8-2 kHz,2.5632827600929886e-05,-42.91759490966797,0.5560407042503357,0.05437450855970383,-16.27297592163086
175.0,3,2-4 kHz,6.600419510505162e-06,-48.809844970703125,0.5583019852638245,0.05510881543159485,-16.156461715698242
175.0,4,>4 kHz,5.361812327464577e-06,-49.71244430541992,0.5326517820358276,0.031577788293361664,-20.993249893188477
200.0,0,<300 Hz,0.3228271007537842,-1.9158580303192139,0.6342470645904541,0.2693735659122467,-2.373783588409424
200.0,1,300-800 Hz,0.018547631800174713,-14.322672843933105,0.5449630618095398,0.05806560441851616,-15.70250415802002
200.0,2,0.8-2 kHz,2.4590015527792275e-05,-43.09796905517578,0.5560404062271118,0.054373063147068024,-16.27320671081543
200.0,3,2-4 kHz,6.628749360970687e-06,-48.79124069213867,0.5583019852638245,0.05510885268449783,-16.156455993652344
200.0,4,>4 kHz,5.248327397566754e-06,-49.80535125732422,0.5326517820358276,0.03157758712768555,-20.993305206298828
225.0,0,<300 Hz,0.27177923917770386,-2.6633951663970947,0.6229373216629028,0.24329401552677155,-3.258254051208496
225.0,1,300-800 Hz,0.03373183682560921,-11.725157737731934,0.5494072437286377,0.0727473720908165,-13.744536399841309
225.0,2,0.8-2 kHz,2.292525823577307e-05,-43.40241241455078,0.5560398697853088,0.05437074229121208,-16.273576736450195
225.0,3,2-4 kHz,6.6601974140212405e-06,-48.77068328857422,0.5583020448684692,0.055108897387981415,-16.156448364257812
225.0,4,>4 kHz,5.092030733067077e-06,-49.9366455078125,0.5326517224311829,0.03157730773091316,-20.99338150024414
250.0,0,<300 Hz,0.2194179892539978,-3.5928354263305664,0.610705554485321,0.2153301239013672,-4.318787097930908
250.0,1,300-800 Hz,0.05630454048514366,-9.500123977661133,0.5558803677558899,0.09109029173851013,-11.791440963745117
250.0,2,0.8-2 kHz,2.1581749024335295e-05,-43.664695739746094,0.5560394525527954,0.05436887592077255,-16.273876190185547
250.0,3,2-4 kHz,6.691789167234674e-06,-48.7501335144043,0.5583020448684692,0.055108942091464996,-16.15644073486328
250.0,4,>4 kHz,4.965368134435266e-06,-50.046043395996094,0.5326516628265381,0.03157708793878555,-20.993440628051758
275.0,0,<300 Hz,0.16907721757888794,-4.724706649780273,0.5982985496520996,0.1868806630373001,-5.549595832824707
275.0,1,300-800 Hz,0.08711263537406921,-7.604746341705322,0.5644656419754028,0.11263668537139893,-9.947285652160645
275.0,2,0.8-2 kHz,2.106741158058867e-05,-43.769447326660156,0.5560393333435059,0.054368168115615845,-16.273988723754883
275.0,3,2-4 kHz,6.721262252540328e-06,-48.731048583984375,0.5583020448684692,0.05510897934436798,-16.156435012817383
275.0,4,>4 kHz,4.9030722948373295e-06,-50.10087585449219,0.5326516628265381,0.0315769724547863,-20.993473052978516
300.0,0,<300 Hz,0.12374699860811234,-6.0802106857299805,0.5865445137023926,0.15935848653316498,-6.933379173278809
300.0,1,300-800 Hz,0.12599465250968933,-6.002036094665527,0.5749073624610901,0.1367342174053192,-8.263339042663574
300.0,2,0.8-2 kHz,2.132234294549562e-05,-43.71720886230469,0.5560393929481506,0.054368533194065094,-16.2739315032959
300.0,3,2-4 kHz,6.753386060154298e-06,-48.71034240722656,0.5583020448684692,0.05510902777314186,-16.15642738342285
300.0,4,>4 kHz,4.89121202917886e-06,-50.111392974853516,0.5326516628265381,0.03157695382833481,-20.993478775024414
325.0,0,<300 Hz,0.08557335287332535,-7.682171821594238,0.5761904716491699,0.13401082158088684,-8.438085556030273
325.0,1,300-800 Hz,0.17164288461208344,-4.659299850463867,0.5866349935531616,0.16250716149806976,-6.763432502746582
325.0,2,0.8-2 kHz,2.205470264016185e-05,-43.57054901123047,0.556039571762085,0.05436956137418747,-16.273767471313477
325.0,3,2-4 kHz,6.793760803702753e-06,-48.68445587158203,0.5583020448684692,0.055109087377786636,-16.156417846679688
325.0,4,>4 kHz,4.8956785576592665e-06,-50.107425689697266,0.5326516628265381,0.031576961278915405,-20.99347686767578
350.0,0,<300 Hz,0.05558048188686371,-9.556334495544434,0.5677469372749329,0.11182013899087906,-10.010481834411621
350.0,1,300-800 Hz,0.22174625098705292,-3.546994924545288,0.5988866090774536,0.18887221813201904,-5.457520961761475
350.0,2,0.8-2 kHz,2.3087373847374693e-05,-43.37181091308594,0.5560399293899536,0.05437102168798447,-16.27353286743164
350.0,3,2-4 kHz,6.847572876722552e-06,-48.65019226074219,0.5583020448684692,0.05510915815830231,-16.15640640258789
350.0,4,>4 kHz,4.906903996015899e-06,-50.09748077392578,0.5326516628265381,0.031576983630657196,-20.993471145629883
375.0,0,<300 Hz,0.033669888973236084,-11.73314094543457,0.5613994002342224,0.09347863495349884,-11.566635131835938
375.0,1,300-800 Hz,0.2733742594718933,-2.63798189163208,0.610876202583313,0.21463729441165924,-4.346778869628906
375.0,2,0.8-2 kHz,2.4374226995860226e-05,-43.13624954223633,0.5560402870178223,0.054372839629650116,-16.273242950439453
375.0,3,2-4 kHz,6.9096968218218535e-06,-48.61096954345703,0.558302104473114,0.05510924756526947,-16.15639305114746
375.0,4,>4 kHz,4.946885837853188e-06,-50.06223678588867,0.5326516628265381,0.03157705068588257,-20.993452072143555
400.0,0,<300 Hz,0.018859239295125008,-14.250316619873047,0.5570202469825745,0.0793684870004654,-12.987920761108398
400.0,1,300-800 Hz,0.32347792387008667,-1.9071112871170044,0.621936559677124,0.23865748941898346,-3.4253814220428467
400.0,2,0.8-2 kHz,2.582454362709541e-05,-42.885231018066406,0.5560407638549805,0.05437488108873367,-16.27291488647461
400.0,3,2-4 kHz,6.967834451643284e-06,-48.574581146240234,0.558302104473114,0.055109329521656036,-16.15637969970703
400.0,4,>4 kHz,5.048960701969918e-06,-49.973541259765625,0.5326517224311829,0.03157723695039749,-20.99340057373047
425.0,0,<300 Hz,0.009657802060246468,-17.156774520874023,0.5542628765106201,0.06948186457157135,-14.143453598022461
425.0,1,300-800 Hz,0.36935049295425415,-1.3311707973480225,0.6315977573394775,0.2599855661392212,-2.6818981170654297
425.0,2,0.8-2 kHz,2.7306330594001338e-05,-42.642921447753906,0.5560412406921387,0.05437697097659111,-16.272581100463867
425.0,3,2-4 kHz,7.0179485192056745e-06,-48.54345703125,0.558302104473114,0.05510939657688141,-16.156370162963867
425.0,4,>4 kHz,5.208476522966521e-06,-49.83845138549805,0.5326517820358276,0.03157751262187958,-20.993324279785156
450.0,0,<300 Hz,0.004453394562005997,-20.518646240234375,0.5526906251907349,0.06332632899284363,-14.949196815490723
450.0,1,300-800 Hz,0.4089217185974121,-0.8891561031341553,0.6395953297615051,0.27795901894569397,-2.101267099380493
450.0,2,0.8-2 kHz,2.89010949927615e-05,-42.39641571044922,0.5560417175292969,0.05437922477722168,-16.2722225189209
450.0,3,2-4 kHz,7.06348419043934e-06,-48.51536560058594,0.5583021640777588,0.05510945990681648,-16.156360626220703
450.0,4,>4 kHz,5.372159648686647e-06,-49.704071044921875,0.5326517820358276,0.031577810645103455,-20.993242263793945
475.0,0,<300 Hz,0.0018103839829564095,-24.4278507232666,0.551888644695282,0.05999315530061722,-15.418848991394043
475.0,1,300-800 Hz,0.44083285331726074,-0.562818169593811,0.6458292007446289,0.2922014594078064,-1.6672351360321045
475.0,2,0.8-2 kHz,3.0929080821806565e-05,-42.101890563964844,0.5560423135757446,0.054382093250751495,-16.271764755249023
475.0,3,2-4 kHz,7.122594524844317e-06,-48.47917556762695,0.5583021640777588,0.05510954558849335,-16.156347274780273
475.0,4,>4 kHz,5.462490662466735e-06,-49.63165283203125,0.5326517820358276,0.03157796710729599,-20.99319839477539
500.0,0,<300 Hz,0.0006308308802545071,-29.006427764892578,0.5515299439430237,0.05845188722014427,-15.644912719726562
500.0,1,300-800 Hz,0.46431848406791687,-0.3373981714248657,0.650299072265625,0.302552193403244,-1.364876627922058
500.0,2,0.8-2 kHz,3.387296601431444e-05,-41.70702362060547,0.556043267250061,0.05438625440001488,-16.271099090576172
500.0,3,2-4 kHz,7.206247573776636e-06,-48.428462982177734,0.5583021640777588,0.0551096573472023,-16.156328201293945
500.0,4,>4 kHz,5.43499209015863e-06,-49.653568267822266,0.5326517820358276,0.03157792240381241,-20.99321174621582
525.0,0,<300 Hz,0.00018472320516593754,-34.3403434753418,0.5513941049575806,0.05785948038101196,-15.733392715454102
525.0,1,300-800 Hz,0.47898226976394653,-0.20236343145370483,0.6530406475067139,0.3089616298675537,-1.182792067527771
525.0,2,0.8-2 kHz,4.158986484981142e-05,-40.81568145751953,0.5560455918312073,0.0543970912694931,-16.26936912536621
525.0,3,2-4 kHz,7.309069587790873e-06,-48.36693572998047,0.5583022236824036,0.05510980635881424,-16.15630531311035
525.0,4,>4 kHz,5.309522748575546e-06,-49.755001068115234,0.5326517820358276,0.0315776988863945,-20.99327278137207
550.0,0,<300 Hz,5.162983143236488e-05,-39.87655258178711,0.5513535737991333,0.05768165737390518,-15.760128021240234
550.0,1,300-800 Hz,0.48456940054893494,-0.1519978791475296,0.6540755033493042,0.3113933503627777,-1.1146960258483887
550.0,2,0.8-2 kHz,7.606629515066743e-05,-38.193634033203125,0.5560561418533325,0.05444524809718132,-16.26168441772461
550.0,3,2-4 kHz,7.408642431983026e-06,-48.30817413330078,0.5583022832870483,0.05510994419455528,-16.156282424926758
550.0,4,>4 kHz,5.157260602572933e-06,-49.88136672973633,0.5326517820358276,0.03157742694020271,-20.99334716796875
575.0,0,<300 Hz,2.561283326940611e-05,-42.920982360839844,0.551345705986023,0.05764681100845337,-15.765377044677734
575.0,1,300-800 Hz,0.4808284640312195,-0.18565617501735687,0.653383195400238,0.30976584553718567,-1.1602122783660889
575.0,2,0.8-2 kHz,0.00021564465714618564,-33.66817092895508,0.5560988187789917,0.054639533162117004,-16.230743408203125
575.0,3,2-4 kHz,7.490661118936259e-06,-48.260353088378906,0.5583022832870483,0.055110059678554535,-16.156265258789062
575.0,4,>4 kHz,5.047793820267543e-06,-49.97454071044922,0.5326516628265381,0.03157723322510719,-20.9934024810791
600.0,0,<300 Hz,2.4461614884785376e-05,-43.12070846557617,0.5513453483581543,0.05764523893594742,-15.765613555908203
600.0,1,300-800 Hz,0.4675130248069763,-0.3076205849647522,0.6508995294570923,0.30395200848579407,-1.3247826099395752
600.0,2,0.8-2 kHz,0.0006655058823525906,-28.77404022216797,0.5562363862991333,0.055261269211769104,-16.132465362548828
600.0,3,2-4 kHz,7.550599548267201e-06,-48.22574234008789,0.5583022832870483,0.0551101416349411,-16.156251907348633
600.0,4,>4 kHz,5.004144441045355e-06,-50.01226043701172,0.5326516628265381,0.031577154994010925,-20.993423461914062
625.0,0,<300 Hz,2.4211947675212286e-05,-43.165260314941406,0.5513452887535095,0.05764489248394966,-15.765666007995605
625.0,1,300-800 Hz,0.4445269703865051,-0.526576578617096,0.6465387940406799,0.29383689165115356,-1.6187565326690674
625.0,2,0.8-2 kHz,0.0018557514995336533,-24.320358276367188,0.5565998554229736,0.05687664449214935,-15.882204055786133
625.0,3,2-4 kHz,7.618743438797537e-06,-48.18672561645508,0.5583022832870483,0.05511024221777916,-16.15623664855957
625.0,4,>4 kHz,5.0041544454870746e-06,-50.01224899291992,0.5326516628265381,0.031577154994010925,-20.993423461914062
650.0,0,<300 Hz,2.1832349375472404e-05,-43.61455535888672,0.5513445138931274,0.05764169991016388,-15.76614761352539
650.0,1,300-800 Hz,0.41216763854026794,-0.8548189401626587,0.6402380466461182,0.2794177234172821,-2.0558037757873535
650.0,2,0.8-2 kHz,0.00454119686037302,-20.433855056762695,0.5574182868003845,0.06037960201501846,-15.363078117370605
650.0,3,2-4 kHz,7.721826477791183e-06,-48.12835693359375,0.5583023428916931,0.0551103837788105,-16.156213760375977
650.0,4,>4 kHz,5.016402610635851e-06,-50.00163650512695,0.5326516628265381,0.03157717362046242,-20.993419647216797
675.0,0,<300 Hz,1.8794982679537497e-05,-44.26513671875,0.5513436198234558,0.05763761326670647,-15.766763687133789
675.0,1,300-800 Hz,0.37137898802757263,-1.3073843717575073,0.6320151090621948,0.2609161138534546,-2.650864601135254
675.0,2,0.8-2 kHz,0.009855834767222404,-17.068622589111328,0.5590305924415588,0.06683576107025146,-14.480705261230469
675.0,3,2-4 kHz,7.866457053751219e-06,-48.047767639160156,0.5583024024963379,0.05511058494448662,-16.15618133544922
675.0,4,>4 kHz,5.038203198637348e-06,-49.9827995300293,0.5326516628265381,0.0315772145986557,-20.993406295776367
700.0,0,<300 Hz,1.618001078895759e-05,-44.915771484375,0.5513428449630737,0.05763409659266472,-15.767292976379395
700.0,1,300-800 Hz,0.32391417026519775,-1.9012584686279297,0.6220304369926453,0.23886322975158691,-3.4178969860076904
700.0,2,0.8-2 kHz,0.019267527386546135,-14.157297134399414,0.561862051486969,0.0771297886967659,-13.236440658569336
700.0,3,2-4 kHz,8.028750016819686e-06,-47.95907974243164,0.5583024024963379,0.055110812187194824,-16.156147003173828
700.0,4,>4 kHz,5.094543666928075e-06,-49.934505462646484,0.5326517820358276,0.03157731890678406,-20.993377685546875
725.0,0,<300 Hz,1.421870638296241e-05,-45.47695541381836,0.551342248916626,0.0576314739882946,-15.767687797546387
725.0,1,300-800 Hz,0.2723175287246704,-2.654801845550537,0.6106370091438293,0.21412132680416107,-4.367684364318848
725.0,2,0.8-2 kHz,0.034396082162857056,-11.640467643737793,0.5663508176803589,0.09167636930942535,-11.735734939575195
725.0,3,2-4 kHz,8.15594830783084e-06,-47.890811920166016,0.5583024621009827,0.05511099100112915,-16.156118392944336
725.0,4,>4 kHz,5.219172635406721e-06,-49.82954025268555,0.5326517820358276,0.03157753869891167,-20.993316650390625
750.0,0,<300 Hz,1.2779870303347707e-05,-45.94029235839844,0.5513418316841125,0.0576295405626297,-15.767979621887207
750.0,1,300-800 Hz,0.21968963742256165,-3.5874624252319336,0.5983959436416626,0.18781980872154236,-5.5060553550720215
750.0,2,0.8-2 kHz,0.056699104607105255,-9.469796180725098,0.5728304386138916,0.11040065437555313,-10.121450424194336
750.0,3,2-4 kHz,8.252408406406175e-06,-47.839752197265625,0.5583025217056274,0.055111128836870193,-16.156097412109375
750.0,4,>4 kHz,5.396765573095763e-06,-49.68422317504883,0.5326517820358276,0.031577855348587036,-20.99323081970215
775.0,0,<300 Hz,1.1708103556884453e-05,-46.3206901550293,0.5513414740562439,0.05762810632586479,-15.768196105957031
775.0,1,300-800 Hz,0.1692681908607483,-4.719804286956787,0.5860384702682495,0.16121435165405273,-6.832808971405029
775.0,2,0.8-2 kHz,0.08708639442920685,-7.606054306030273,0.5814031362533569,0.13286656141281128,-8.512569427490234
775.0,3,2-4 kHz,8.3314725998207e-06,-47.79833984375,0.5583025217056274,0.05511123687028885,-16.15608024597168
775.0,4,>4 kHz,5.563189915847033e-06,-49.55231475830078,0.5326519012451172,0.031578149646520615,-20.993148803710938
800.0,0,<300 Hz,1.0912188372458331e-05,-46.62643814086914,0.5513412356376648,0.05762703716754913,-15.768356323242188
800.0,1,300-800 Hz,0.12392793595790863,-6.07386589050293,0.5743630528450012,0.13551276922225952,-8.341278076171875
800.0,2,0.8-2 kHz,0.12556692957878113,-6.016805171966553,0.5918543338775635,0.15835976600646973,-6.987986087799072
800.0,3,2-4 kHz,8.453660484519787e-06,-47.735107421875,0.5583025813102722,0.055111415684223175,-16.156051635742188
800.0,4,>4 kHz,5.643631084240042e-06,-49.48997116088867,0.5326519012451172,0.031578291207551956,-20.99311065673828
825.0,0,<300 Hz,1.0314055543858558e-05,-46.87126159667969,0.5513410568237305,0.057626236230134964,-15.768478393554688
825.0,1,300-800 Hz,0.08573731780052185,-7.673859119415283,0.5640884041786194,0.1117313802242279,-10.017379760742188
825.0,2,0.8-2 kHz,0.1710464060306549,-4.6744184494018555,0.6036542654037476,0.18590188026428223,-5.595207214355469
825.0,3,2-4 kHz,8.65746278577717e-06,-47.631649017333984,0.558302640914917,0.05511169508099556,-16.156007766723633
825.0,4,>4 kHz,5.597366907750256e-06,-49.525718688964844,0.5326519012451172,0.03157820925116539,-20.993133544921875
850.0,0,<300 Hz,9.820115337788593e-06,-47.08439254760742,0.5513408780097961,0.05762556940317154,-15.768577575683594
850.0,1,300-800 Hz,0.05569634586572647,-9.547290802001953,0.5557079911231995,0.0906309187412262,-11.835354804992676
850.0,2,0.8-2 kHz,0.22136102616786957,-3.5545458793640137,0.6160552501678467,0.21427269279956818,-4.361546039581299
850.0,3,2-4 kHz,8.895354767446406e-06,-47.51392364501953,0.558302640914917,0.05511202663183212,-16.155956268310547
850.0,4,>4 kHz,5.4598440328845754e-06,-49.63375473022461,0.5326517820358276,0.03157796710729599,-20.99319839477539
875.0,0,<300 Hz,9.312024303653743e-06,-47.31511688232422,0.5513406991958618,0.05762489140033722,-15.768680572509766
875.0,1,300-800 Hz,0.03372057527303696,-11.726608276367188,0.549403965473175,0.0727362334728241,-13.745866775512695
875.0,2,0.8-2 kHz,0.2735643982887268,-2.6349618434906006,0.6282451152801514,0.24210354685783386,-3.3008596897125244
875.0,3,2-4 kHz,9.114881322602741e-06,-47.40804672241211,0.5583027601242065,0.055112339556217194,-16.155906677246094
875.0,4,>4 kHz,5.3098606258572545e-06,-49.754722595214844,0.5326517820358276,0.0315777026116848,-20.993270874023438
900.0,0,<300 Hz,8.724711733520962e-06,-47.598045349121094,0.5513405799865723,0.057624105364084244,-15.768798828125
900.0,1,300-800 Hz,0.018853355199098587,-14.251670837402344,0.545053243637085,0.05838945135474205,-15.654195785522461
900.0,2,0.8-2 kHz,0.3244067430496216,-1.8946590423583984,0.6395004987716675,0.26804518699645996,-2.416722536087036
900.0,3,2-4 kHz,9.254532415070571e-06,-47.34201431274414,0.5583028197288513,0.055112533271312714,-16.15587615966797
900.0,4,>4 kHz,5.221231731411535e-06,-49.82782745361328,0.5326517820358276,0.031577542424201965,-20.993316650390625
925.0,0,<300 Hz,8.065188922046218e-06,-47.93941116333008,0.5513403415679932,0.05762321874499321,-15.768932342529297
925.0,1,300-800 Hz,0.00962074100971222,-17.173473358154297,0.5423158407211304,0.04775378480553627,-17.400726318359375
925.0,2,0.8-2 kHz,0.3708818554878235,-1.313202142715454,0.6492923498153687,0.2909613847732544,-1.7041759490966797
925.0,3,2-4 kHz,9.357675480714533e-06,-47.29387664794922,0.5583028197288513,0.055112674832344055,-16.155853271484375
925.0,4,>4 kHz,5.196091024117777e-06,-49.84878921508789,0.5326517820358276,0.031577497720718384,-20.993328094482422
950.0,0,<300 Hz,7.444028597092256e-06,-48.2874755859375,0.5513401627540588,0.057622384279966354,-15.769058227539062
950.0,1,300-800 Hz,0.004411530215293169,-20.55966567993164,0.5407590866088867,0.04070378467440605,-18.78818702697754
950.0,2,0.8-2 kHz,0.410701185464859,-0.8702981472015381,0.6573272943496704,0.3100854456424713,-1.1512548923492432
950.0,3,2-4 kHz,9.492709068581462e-06,-47.23165512084961,0.5583028793334961,0.055112868547439575,-16.15582275390625
950.0,4,>4 kHz,5.211134521232452e-06,-49.83623504638672,0.5326517820358276,0.03157752752304077,-20.99332046508789
975.0,0,<300 Hz,6.986008884268813e-06,-48.56326675415039,0.5513400435447693,0.05762176960706711,-15.76915168762207
975.0,1,300-800 Hz,0.0017798381159082055,-24.501752853393555,0.5399692058563232,0.03667958825826645,-19.692394256591797
975.0,2,0.8-2 kHz,0.4425840377807617,-0.5456004738807678,0.6635372042655945,0.32509779930114746,-0.7406023144721985
975.0,3,2-4 kHz,9.737299478729255e-06,-47.12117004394531,0.5583029389381409,0.055113211274147034,-16.15576934814453
975.0,4,>4 kHz,5.232434432400623e-06,-49.818519592285156,0.5326517820358276,0.031577564775943756,-20.993310928344727
1000.0,0,<300 Hz,6.712188223900739e-06,-48.736915588378906,0.5513399839401245,0.05762140452861786,-15.769206047058105
1000.0,1,300-800 Hz,0.0006152495625428855,-29.11504554748535,0.539618968963623,0.03476151078939438,-20.158910751342773
1000.0,2,0.8-2 kHz,0.4663137197494507,-0.3187759518623352,0.6680353879928589,0.3361121118068695,-0.4511997103691101
1000.0,3,2-4 kHz,1.0073610610561445e-05,-46.97370529174805,0.5583030581474304,0.05511368066072464,-16.15569496154785
1000.0,4,>4 kHz,5.260135367279872e-06,-49.795589447021484,0.5326517820358276,0.031577613204717636,-20.993297576904297
1025.0,0,<300 Hz,6.523837782879127e-06,-48.86052703857422,0.5513399243354797,0.057621151208877563,-15.769244194030762
1025.0,1,300-800 Hz,0.0001797903678379953,-34.45789337158203,0.539487898349762,0.03401825577020645,-20.346641540527344
1025.0,2,0.8-2 kHz,0.4825814664363861,-0.1698513925075531,0.6710599660873413,0.3435889482498169,-0.2600988745689392
1025.0,3,2-4 kHz,1.0413979907752946e-05,-46.82939147949219,0.5583031177520752,0.05511415749788284,-16.155620574951172
1025.0,4,>4 kHz,5.338022674550302e-06,-49.731754302978516,0.5326517820358276,0.03157775104045868,-20.99325942993164
1050.0,0,<300 Hz,6.282441063376609e-06,-49.02427291870117,0.551339864730835,0.0576208271086216,-15.769291877746582
1050.0,1,300-800 Hz,5.1160939619876444e-05,-39.91617202758789,0.5394492149353027,0.03379569202661514,-20.403654098510742
1050.0,2,0.8-2 kHz,0.4926925301551819,-0.07979810982942581,0.6729161739349365,0.34820690751075745,-0.1441352516412735
1050.0,3,2-4 kHz,1.0664420187822543e-05,-46.7261848449707,0.5583032369613647,0.0551145076751709,-16.155563354492188
1050.0,4,>4 kHz,5.488421265908983e-06,-49.611083984375,0.5326518416404724,0.03157801926136017,-20.99318504333496
1075.0,0,<300 Hz,5.91778234593221e-06,-49.283966064453125,0.5513397455215454,0.0576203428208828,-15.769366264343262
1075.0,1,300-800 Hz,2.5469860702287406e-05,-42.94529342651367,0.5394414663314819,0.033751003444194794,-20.415149688720703
1075.0,2,0.8-2 kHz,0.4982254207134247,-0.031298890709877014,0.6739243865013123,0.35072463750839233,-0.0815575122833252
1075.0,3,2-4 kHz,1.0821728210430592e-05,-46.662593841552734,0.5583032965660095,0.055114734917879105,-16.155527114868164
1075.0,4,>4 kHz,5.689664249075577e-06,-49.45469284057617,0.5326519012451172,0.03157837688922882,-20.993087768554688
1100.0,0,<300 Hz,5.494620836543618e-06,-49.606178283691406,0.5513396263122559,0.05761977285146713,-15.769452095031738
1100.0,1,300-800 Hz,2.33651626331266e-05,-43.31986999511719,0.5394407510757446,0.03374728560447693,-20.416107177734375
1100.0,2,0.8-2 kHz,0.5007279515266418,-0.009539352729916573,0.6743786334991455,0.35186123847961426,-0.05345403403043747
1100.0,3,2-4 kHz,1.09850170701975e-05,-46.59755325317383,0.5583033561706543,0.05511496216058731,-16.155492782592773
1100.0,4,>4 kHz,5.86365149501944e-06,-49.32387924194336,0.532651960849762,0.03157868608832359,-20.99300193786621
1125.0,0,<300 Hz,5.1447614168864675e-06,-49.89190673828125,0.5513394474983215,0.05761929973959923,-15.769523620605469
1125.0,1,300-800 Hz,2.2594731490244158e-05,-43.465484619140625,0.5394405722618103,0.0337459035217762,-20.416461944580078
1125.0,2,0.8-2 kHz,0.5014998912811279,-0.0028494265861809254,0.6745185256004333,0.352211594581604,-0.044809579849243164
1125.0,3,2-4 kHz,1.1278569218120538e-05,-46.48301696777344,0.5583034157752991,0.05511537194252014,-16.15542984008789
1125.0,4,>4 kHz,5.92936066823313e-06,-49.27547836303711,0.532651960849762,0.031578801572322845,-20.992969512939453
1150.0,0,<300 Hz,4.946798981109168e-06,-50.062313079833984,0.5513393878936768,0.05761903524398804,-15.769562721252441
1150.0,1,300-800 Hz,2.0444707843125798e-05,-43.899749755859375,0.5394399166107178,0.03374214097857475,-20.417430877685547
1150.0,2,0.8-2 kHz,0.5014819502830505,-0.0030048470944166183,0.6745152473449707,0.35220345854759216,-0.04501045495271683
1150.0,3,2-4 kHz,1.1728010576916859e-05,-46.313316345214844,0.5583035945892334,0.05511600151658058,-16.15532875061035
1150.0,4,>4 kHz,5.864158083568327e-06,-49.32350158691406,0.532651960849762,0.03157868981361389,-20.99300193786621
1175.0,0,<300 Hz,4.857153271586867e-06,-50.14173889160156,0.5513393878936768,0.057618916034698486,-15.76958179473877
1175.0,1,300-800 Hz,1.8017091861111112e-05,-44.448707580566406,0.5394392013549805,0.0337379015982151,-20.418521881103516
1175.0,2,0.8-2 kHz,0.501239538192749,-0.005104605108499527,0.674471378326416,0.3520934581756592,-0.04772377014160156
1175.0,3,2-4 kHz,1.2244680874573532e-05,-46.12608337402344,0.558303713798523,0.05511672794818878,-16.155214309692383
1175.0,4,>4 kHz,5.71489999856567e-06,-49.43547058105469,0.5326519012451172,0.0315784215927124,-20.99307632446289
1200.0,0,<300 Hz,4.760432602779474e-06,-50.22909164428711,0.5513393878936768,0.05761878937482834,-15.769600868225098
1200.0,1,300-800 Hz,1.5984755009412766e-05,-44.96849822998047,0.5394386053085327,0.03373435512185097,-20.419435501098633
1200.0,2,0.8-2 kHz,0.5010197162628174,-0.007009620312601328,0.6744314432144165,0.3519936800003052,-0.05018538236618042
1200.0,3,2-4 kHz,1.2674898243858479e-05,-45.976112365722656,0.5583038330078125,0.05511733144521713,-16.155118942260742
1200.0,4,>4 kHz,5.573004273173865e-06,-49.54466247558594,0.5326519012451172,0.031578171998262405,-20.993141174316406
1225.0,0,<300 Hz,4.559144599625142e-06,-50.41672134399414,0.5513392686843872,0.05761851742863655,-15.769641876220703
1225.0,1,300-800 Hz,1.4386419934453443e-05,-45.426029205322266,0.5394381284713745,0.03373156115412712,-20.42015266418457
1225.0,2,0.8-2 kHz,0.5008496046066284,-0.008484384045004845,0.6744006872177124,0.35191646218299866,-0.052090905606746674
1225.0,3,2-4 kHz,1.296340451517608e-05,-45.87836837768555,0.558303952217102,0.055117733776569366,-16.15505599975586
1225.0,4,>4 kHz,5.498536665982101e-06,-49.603084564208984,0.5326518416404724,0.03157803788781166,-20.993179321289062
1250.0,0,<300 Hz,4.2669439608289395e-06,-50.70438766479492,0.5513392090797424,0.05761812627315521,-15.769700050354004
1250.0,1,300-800 Hz,1.307969432673417e-05,-45.83958053588867,0.5394377112388611,0.03372928127646446,-20.420740127563477
1250.0,2,0.8-2 kHz,0.5006468296051025,-0.01024298183619976,0.6743639707565308,0.35182446241378784,-0.054362040013074875
1250.0,3,2-4 kHz,1.3205288269091398e-05,-45.79807662963867,0.5583040118217468,0.05511808022856712,-16.155000686645508
1250.0,4,>4 kHz,5.496227004186949e-06,-49.60491180419922,0.5326518416404724,0.03157803416252136,-20.993179321289062
1275.0,0,<300 Hz,3.985132480011089e-06,-51.001129150390625,0.5513390898704529,0.05761774629354477,-15.769757270812988
1275.0,1,300-800 Hz,1.1966258171014488e-05,-46.22597122192383,0.5394374132156372,0.033727340400218964,-20.421239852905273
1275.0,2,0.8-2 kHz,0.5003177523612976,-0.013098618946969509,0.6743042469024658,0.3516750931739807,-0.058050766587257385
1275.0,3,2-4 kHz,1.3562702406488825e-05,-45.682098388671875,0.5583040714263916,0.05511857941746712,-16.154922485351562
1275.0,4,>4 kHz,5.527680514205713e-06,-49.58013153076172,0.5326519012451172,0.03157809376716614,-20.9931640625
1300.0,0,<300 Hz,3.80672804567439e-06,-51.200035095214844,0.5513390302658081,0.05761750787496567,-15.769794464111328
1300.0,1,300-800 Hz,1.1035636816814076e-05,-46.57758331298828,0.5394371151924133,0.033725712448358536,-20.421659469604492
1300.0,2,0.8-2 kHz,0.49982309341430664,-0.017394695430994034,0.6742144823074341,0.35145050287246704,-0.06359957158565521
1300.0,3,2-4 kHz,1.4154399650578853e-05,-45.49664306640625,0.5583043098449707,0.05511941760778427,-16.1547908782959
1300.0,4,>4 kHz,5.553660685109207e-06,-49.55976486206055,0.5326519012451172,0.03157813847064972,-20.993152618408203
1325.0,0,<300 Hz,3.7430384054459864e-06,-51.2733154296875,0.5513390302658081,0.05761741101741791,-15.769807815551758
1325.0,1,300-800 Hz,1.0330651093681809e-05,-46.864280700683594,0.5394368767738342,0.033724479377269745,-20.421977996826172
1325.0,2,0.8-2 kHz,0.49920421838760376,-0.022775327786803246,0.6741021871566772,0.3511694371700287,-0.07054853439331055
1325.0,3,2-4 kHz,1.4884690244798549e-05,-45.278160095214844,0.5583045482635498,0.05512043833732605,-16.15462875366211
1325.0,4,>4 kHz,5.599157248070696e-06,-49.524330139160156,0.5326519012451172,0.031578220427036285,-20.99312973022461
1350.0,0,<300 Hz,3.7030961266282247e-06,-51.319908142089844,0.5513390302658081,0.057617366313934326,-15.769814491271973
1350.0,1,300-800 Hz,9.868428605841473e-06,-47.063079833984375,0.5394367575645447,0.03372367471456528,-20.422183990478516
1350.0,2,0.8-2 kHz,0.4985717833042145,-0.028280925005674362,0.6739872694015503,0.35088208317756653,-0.07765872031450272
1350.0,3,2-4 kHz,1.55886409629602e-05,-45.077476501464844,0.5583047866821289,0.05512142926454544,-16.15447235107422
1350.0,4,>4 kHz,5.702507223759312e-06,-49.44490051269531,0.5326519012451172,0.03157839924097061,-20.993080139160156
1375.0,0,<300 Hz,3.598451485231635e-06,-51.444400787353516,0.5513389706611633,0.057617221027612686,-15.76983642578125
1375.0,1,300-800 Hz,9.542754924041219e-06,-47.20882034301758,0.5394366383552551,0.033723101019859314,-20.422332763671875
1375.0,2,0.8-2 kHz,0.49806663393974304,-0.03268333896994591,0.6738954782485962,0.3506525754928589,-0.08334185928106308
1375.0,3,2-4 kHz,1.6163887266884558e-05,-44.920101165771484,0.5583049058914185,0.05512223765254021,-16.154346466064453
1375.0,4,>4 kHz,5.8887972045340575e-06,-49.30529022216797,0.5326519012451172,0.03157873451709747,-20.99298667907715
1400.0,0,<300 Hz,3.404035396670224e-06,-51.68561935424805,0.5513389110565186,0.057616956532001495,-15.769876480102539
1400.0,1,300-800 Hz,9.16509179660352e-06,-47.38418960571289,0.5394365191459656,0.03372243791818619,-20.422504425048828
1400.0,2,0.8-2 kHz,0.4978124499320984,-0.03490031138062477,0.67384934425354,0.3505370616912842,-0.0862041786313057
1400.0,3,2-4 kHz,1.6646892618155107e-05,-44.79222869873047,0.558305025100708,0.05512291565537453,-16.154239654541016
1400.0,4,>4 kHz,6.119237696111668e-06,-49.13858413696289,0.5326520204544067,0.031579144299030304,-20.992874145507812
1425.0,0,<300 Hz,3.1892275274003623e-06,-51.96870422363281,0.5513389110565186,0.05761667713522911,-15.769918441772461
1425.0,1,300-800 Hz,8.615206752438098e-06,-47.65290069580078,0.5394363403320312,0.03372148424386978,-20.422748565673828
1425.0,2,0.8-2 kHz,0.49787411093711853,-0.03436226770281792,0.6738605499267578,0.3505650460720062,-0.08551034331321716
1425.0,3,2-4 kHz,1.720403815852478e-05,-44.649253845214844,0.5583052635192871,0.0551237016916275,-16.154115676879883
1425.0,4,>4 kHz,6.2993344727146905e-06,-49.012611389160156,0.5326520800590515,0.03157946467399597,-20.992786407470703
1450.0,0,<300 Hz,3.0456169497483643e-06,-52.16880416870117,0.5513388514518738,0.05761648342013359,-15.76994800567627
1450.0,1,300-800 Hz,7.921848009573296e-06,-48.01729202270508,0.5394361615180969,0.03372027352452278,-20.42306137084961
1450.0,2,0.8-2 kHz,0.49823781847953796,-0.03119095042347908,0.6739267110824585,0.35073038935661316,-0.0814148411154747
1450.0,3,2-4 kHz,1.798923585738521e-05,-44.4554328918457,0.5583055019378662,0.05512480437755585,-16.153942108154297
1450.0,4,>4 kHz,6.3511834014207125e-06,-48.977012634277344,0.5326520800590515,0.03157955780625343,-20.99276351928711
1475.0,0,<300 Hz,2.9868551791878417e-06,-52.25341796875,0.551338791847229,0.05761640518903732,-15.769959449768066
1475.0,1,300-800 Hz,7.302048743440537e-06,-48.37110900878906,0.5394359827041626,0.03371919319033623,-20.423337936401367
1475.0,2,0.8-2 kHz,0.4988182783126831,-0.026134254410862923,0.6740320920944214,0.35099413990974426,-0.07488538324832916
1475.0,3,2-4 kHz,1.8954915503854863e-05,-44.22834014892578,0.5583057403564453,0.055126167833805084,-16.15372657775879
1475.0,4,>4 kHz,6.260373993427493e-06,-49.039554595947266,0.5326520800590515,0.0315793976187706,-20.99280548095703
1500.0,0,<300 Hz,2.976780706376303e-06,-52.268089294433594,0.551338791847229,0.05761638283729553,-15.769963264465332
1500.0,1,300-800 Hz,6.919358838786138e-06,-48.604896545410156,0.539435863494873,0.0337185263633728,-20.423511505126953
1500.0,2,0.8-2 kHz,0.4994885325431824,-0.020302634686231613,0.6741538047790527,0.35129857063293457,-0.06735535711050034
1500.0,3,2-4 kHz,2.0005894839414395e-05,-43.993980407714844,0.558306097984314,0.055127646774053574,-16.153493881225586
1500.0,4,>4 kHz,6.099498023104388e-06,-49.152618408203125,0.5326520204544067,0.031579114496707916,-20.99288558959961
1525.0,0,<300 Hz,2.927522473328281e-06,-52.340553283691406,0.551338791847229,0.05761631578207016,-15.769973754882812
1525.0,1,300-800 Hz,6.7701198531722184e-06,-48.69959259033203,0.5394358038902283,0.03371826559305191,-20.423580169677734
1525.0,2,0.8-2 kHz,0.5001251697540283,-0.01477077230811119,0.6742693185806274,0.3515876531600952,-0.06021033227443695
1525.0,3,2-4 kHz,2.1083702449686825e-05,-43.766090393066406,0.5583064556121826,0.055129166692495346,-16.153255462646484
1525.0,4,>4 kHz,5.962691830063704e-06,-49.25113296508789,0.532651960849762,0.03157886862754822,-20.992950439453125
1550.0,0,<300 Hz,2.8018973807775183e-06,-52.531036376953125,0.5513387322425842,0.057616155594587326,-15.769997596740723
1550.0,1,300-800 Hz,6.677716100966791e-06,-48.75927734375,0.5394357442855835,0.03371810168027878,-20.423620223999023
1550.0,2,0.8-2 kHz,0.5006493330001831,-0.010221444070339203,0.6743643283843994,0.35182562470436096,-0.05433338135480881
1550.0,3,2-4 kHz,2.223252522526309e-05,-43.53567123413086,0.5583068132400513,0.05513078719377518,-16.152999877929688
1550.0,4,>4 kHz,5.913051609240938e-06,-49.287445068359375,0.532651960849762,0.03157878294587135,-20.99297523498535
1575.0,0,<300 Hz,2.6372390493634157e-06,-52.79405975341797,0.5513386726379395,0.057615939527750015,-15.77003002166748
1575.0,1,300-800 Hz,6.4392720560135785e-06,-48.91719055175781,0.5394356846809387,0.03371768444776535,-20.42372703552246
1575.0,2,0.8-2 kHz,0.5010485649108887,-0.0067596836015582085,0.6744367480278015,0.35200685262680054,-0.04986046254634857
1575.0,3,2-4 kHz,2.3548353055957705e-05,-43.28594970703125,0.5583071708679199,0.05513264238834381,-16.152708053588867
1575.0,4,>4 kHz,5.942262760072481e-06,-49.26603698730469,0.532651960849762,0.03157883509993553,-20.992961883544922
1600.0,0,<300 Hz,2.4986875359900296e-06,-53.0284423828125,0.5513386726379395,0.057615745812654495,-15.770059585571289
1600.0,1,300-800 Hz,6.021780336595839e-06,-49.20830535888672,0.5394355654716492,0.03371695801615715,-20.42391586303711
1600.0,2,0.8-2 kHz,0.50136399269104,-0.004026357084512711,0.6744938492774963,0.35214996337890625,-0.046329792588949203
1600.0,3,2-4 kHz,2.515422602300532e-05,-42.99945068359375,0.5583076477050781,0.05513490363955498,-16.1523494720459
1600.0,4,>4 kHz,5.989218152535614e-06,-49.23185729980469,0.532651960849762,0.0315789170563221,-20.992937088012695
1625.0,0,<300 Hz,2.4418657176283887e-06,-53.12833786010742,0.5513386726379395,0.05761566758155823,-15.770071029663086
1625.0,1,300-800 Hz,5.5597561186004896e-06,-49.55500030517578,0.5394354462623596,0.03371615335345268,-20.424121856689453
1625.0,2,0.8-2 kHz,0.5016384720802307,-0.0016495082527399063,0.6745436191558838,0.35227450728416443,-0.043258413672447205
1625.0,3,2-4 kHz,2.724908699747175e-05,-42.65203857421875,0.5583083033561707,0.05513785406947136,-16.151885986328125
1625.0,4,>4 kHz,6.027755262039136e-06,-49.204002380371094,0.532651960849762,0.03157898411154747,-20.992919921875
1650.0,0,<300 Hz,2.43237354879966e-06,-53.14525604248047,0.5513386726379395,0.05761565640568733,-15.770072937011719
1650.0,1,300-800 Hz,5.242982297204435e-06,-49.809776306152344,0.5394353866577148,0.03371560201048851,-20.42426300048828
1650.0,2,0.8-2 kHz,0.5018290281295776,0.0,0.6745781302452087,0.35236096382141113,-0.04112698882818222
1650.0,3,2-4 kHz,3.0102679374977015e-05,-42.219505310058594,0.5583091974258423,0.0551418736577034,-16.15125274658203
1650.0,4,>4 kHz,6.084942924644565e-06,-49.162994384765625,0.5326520204544067,0.031579092144966125,-20.992889404296875
1675.0,0,<300 Hz,2.41590919358714e-06,-53.17475128173828,0.5513386726379395,0.05761563777923584,-15.770074844360352
1675.0,1,300-800 Hz,5.129307737661293e-06,-49.904972076416016,0.5394353270530701,0.03371540457010269,-20.42431640625
1675.0,2,0.8-2 kHz,0.5017004013061523,-0.0011132393265143037,0.6745548248291016,0.35230258107185364,-0.042566437274217606
1675.0,3,2-4 kHz,3.336899681016803e-05,-41.772125244140625,0.5583101511001587,0.0551464706659317,-16.150527954101562
1675.0,4,>4 kHz,6.2220879044616595e-06,-49.06619644165039,0.5326520204544067,0.031579338014125824,-20.992822647094727
1700.0,0,<300 Hz,2.3375773707812186e-06,-53.317901611328125,0.5513386130332947,0.05761553347110748,-15.77009105682373
1700.0,1,300-800 Hz,5.117821274325252e-06,-49.91470718383789,0.5394353270530701,0.0337153822183609,-20.424320220947266
1700.0,2,0.8-2 kHz,0.5007240176200867,-0.009573597460985184,0.6743778586387634,0.3518594801425934,-0.0534977912902832
1700.0,3,2-4 kHz,3.547194501152262e-05,-41.506710052490234,0.558310866355896,0.05514946207404137,-16.150056838989258
1700.0,4,>4 kHz,6.453035894082859e-06,-48.907920837402344,0.5326521396636963,0.031579744070768356,-20.99271011352539
1725.0,0,<300 Hz,2.2163583253131947e-06,-53.549156188964844,0.5513385534286499,0.05761536583304405,-15.770116806030273
1725.0,1,300-800 Hz,5.022141976951389e-06,-49.996665954589844,0.5394352674484253,0.03371521458029747,-20.42436408996582
1725.0,2,0.8-2 kHz,0.4980117380619049,-0.033161960542201996,0.6738854646682739,0.35062751173973083,-0.08396286517381668
1725.0,3,2-4 kHz,3.725333226611838e-05,-41.293907165527344,0.5583113431930542,0.05515202879905701,-16.1496524810791
1725.0,4,>4 kHz,6.717476935591549e-06,-48.733497619628906,0.5326521992683411,0.03158021718263626,-20.99258041381836
1750.0,0,<300 Hz,2.0970433070033323e-06,-53.78948211669922,0.5513385534286499,0.05761520564556122,-15.770140647888184
1750.0,1,300-800 Hz,4.778387847181875e-06,-50.212745666503906,0.5394352674484253,0.033714793622493744,-20.42447280883789
1750.0,2,0.8-2 kHz,0.492317259311676,-0.08310724794864655,0.6728476285934448,0.34803593158721924,-0.14840105175971985
1750.0,3,2-4 kHz,5.8285870181862265e-05,-39.34992599487305,0.5583177804946899,0.05518144369125366,-16.145021438598633
1750.0,4,>4 kHz,6.903022949700244e-06,-48.61516571044922,0.5326522588729858,0.031580548733472824,-20.992488861083984
1775.0,0,<300 Hz,2.0389825294842012e-06,-53.91142272949219,0.5513385534286499,0.05761514604091644,-15.770149230957031
1775.0,1,300-800 Hz,4.436978997546248e-06,-50.53468322753906,0.5394351482391357,0.03371419757604599,-20.424625396728516
1775.0,2,0.8-2 kHz,0.48213231563568115,-0.17389534413814545,0.6709771156311035,0.3433833718299866,-0.2652973532676697
1775.0,3,2-4 kHz,0.0001772258838173002,-34.520286560058594,0.5583541393280029,0.05534699559211731,-16.119001388549805
1775.0,4,>4 kHz,6.941108949831687e-06,-48.591270446777344,0.5326522588729858,0.031580615788698196,-20.99247169494629
1800.0,0,<300 Hz,2.0362226678116713e-06,-53.91730499267578,0.5513385534286499,0.05761513113975525,-15.770151138305664
1800.0,1,300-800 Hz,4.156176146352664e-06,-50.81861877441406,0.5394350290298462,0.03371370956301689,-20.42475128173828
1800.0,2,0.8-2 kHz,0.4658917188644409,-0.3227078914642334,0.6679563522338867,0.3359174132347107,-0.45623230934143066
1800.0,3,2-4 kHz,0.0006030527874827385,-29.202003479003906,0.5584842562675476,0.05593572184443474,-16.027097702026367
1800.0,4,>4 kHz,6.8296267272671685e-06,-48.661590576171875,0.5326522588729858,0.03158041834831238,-20.992525100708008
1825.0,0,<300 Hz,2.037855438175029e-06,-53.913822174072266,0.5513385534286499,0.05761513486504555,-15.770150184631348
1825.0,1,300-800 Hz,4.032118795294082e-06,-50.950225830078125,0.5394350290298462,0.03371348977088928,-20.424808502197266
1825.0,2,0.8-2 kHz,0.44227081537246704,-0.5486749410629272,0.6634771823883057,0.32495152950286865,-0.7445108890533447
1825.0,3,2-4 kHz,0.0017715466674417257,-24.52203369140625,0.5588409900665283,0.057523213326931,-15.78402042388916
1825.0,4,>4 kHz,6.657635822193697e-06,-48.77235794067383,0.5326521396636963,0.031580112874507904,-20.992610931396484
1850.0,0,<300 Hz,1.9890262592525687e-06,-54.01914978027344,0.5513384938240051,0.057615067809820175,-15.770160675048828
1850.0,1,300-800 Hz,4.022673238068819e-06,-50.960411071777344,0.5394349694252014,0.03371347486972809,-20.42481231689453
1850.0,2,0.8-2 kHz,0.4105321764945984,-0.8720858097076416,0.6572939157485962,0.31000518798828125,-1.1535037755966187
1850.0,3,2-4 kHz,0.004440326243638992,-20.531408309936523,0.5596538782119751,0.06101074442267418,-15.272756576538086
1850.0,4,>4 kHz,6.539262358273845e-06,-48.85026931762695,0.5326521396636963,0.03157990425825119,-20.99266815185547
1875.0,0,<300 Hz,1.8968714812217513e-06,-54.22517776489258,0.5513384938240051,0.057614944875240326,-15.77017879486084
1875.0,1,300-800 Hz,3.996944542450365e-06,-50.988277435302734,0.5394350290298462,0.03371343016624451,-20.424823760986328
1875.0,2,0.8-2 kHz,0.3708343803882599,-1.3137578964233398,0.6492825746536255,0.29093828797340393,-1.7048650979995728
1875.0,3,2-4 kHz,0.009738094173371792,-17.120817184448242,0.5612602233886719,0.0674637109041214,-14.399478912353516
1875.0,4,>4 kHz,6.529955498990603e-06,-48.85645294189453,0.5326521396636963,0.031579889357089996,-20.9926700592041
1900.0,0,<300 Hz,1.7970874068851117e-06,-54.459869384765625,0.5513384342193604,0.05761481449007988,-15.770198822021484
1900.0,1,300-800 Hz,3.861197455989895e-06,-51.13833999633789,0.5394349098205566,0.033713191747665405,-20.424884796142578
1900.0,2,0.8-2 kHz,0.3244079351425171,-1.8946431875228882,0.6395007371902466,0.26804572343826294,-2.4167046546936035
1900.0,3,2-4 kHz,0.01911703497171402,-14.191351890563965,0.5640803575515747,0.07775942981243134,-13.165821075439453
1900.0,4,>4 kHz,6.589802978851367e-06,-48.81683349609375,0.5326521396636963,0.03157999366521835,-20.99264144897461
1925.0,0,<300 Hz,1.733649696689099e-06,-54.615943908691406,0.5513384342193604,0.05761472508311272,-15.770212173461914
1925.0,1,300-800 Hz,3.628119202403468e-06,-51.40874481201172,0.5394349098205566,0.03371278941631317,-20.42498779296875
1925.0,2,0.8-2 kHz,0.2735193967819214,-2.635676860809326,0.62823486328125,0.24208003282546997,-3.301703691482544
1925.0,3,2-4 kHz,0.03417408466339111,-11.668588638305664,0.568545401096344,0.09230402112007141,-11.676469802856445
1925.0,4,>4 kHz,6.653499895037385e-06,-48.77505874633789,0.5326521992683411,0.031580112874507904,-20.992610931396484
1950.0,0,<300 Hz,1.7231129731953843e-06,-54.642417907714844,0.5513384342193604,0.05761471390724182,-15.770215034484863
1950.0,1,300-800 Hz,3.405524466870702e-06,-51.6837158203125,0.5394347906112671,0.03371240198612213,-20.42508888244629
1950.0,2,0.8-2 kHz,0.2211875319480896,-3.5579514503479004,0.6160136461257935,0.214177668094635,-4.36539888381958
1950.0,3,2-4 kHz,0.05634794384241104,-9.496776580810547,0.574984073638916,0.11101986467838287,-10.072869300842285
1950.0,4,>4 kHz,6.705174200760666e-06,-48.741455078125,0.5326521992683411,0.03158020228147507,-20.992584228515625
1975.0,0,<300 Hz,1.7293892824454815e-06,-54.62663269042969,0.5513384342193604,0.05761472508311272,-15.770212173461914
1975.0,1,300-800 Hz,3.2903169540077215e-06,-51.83318328857422,0.5394347906112671,0.03371220454573631,-20.425138473510742
1975.0,2,0.8-2 kHz,0.1707061529159546,-4.683066368103027,0.6035681366920471,0.1857033371925354,-5.604488849639893
1975.0,3,2-4 kHz,0.08654608577489853,-7.633083343505859,0.5834991931915283,0.13347521424293518,-8.472869873046875
1975.0,4,>4 kHz,6.780316653021146e-06,-48.69305419921875,0.5326522588729858,0.03158034011721611,-20.99254608154297
2000.0,0,<300 Hz,1.709144839878718e-06,-54.67776870727539,0.5513384342193604,0.05761468783020973,-15.770217895507812
2000.0,1,300-800 Hz,3.277656105638016e-06,-51.84992218017578,0.5394347906112671,0.033712178468704224,-20.425146102905273
2000.0,2,0.8-2 kHz,0.12507620453834534,-6.033811092376709,0.5917237997055054,0.1580495536327362,-7.005017280578613
2000.0,3,2-4 kHz,0.12480383366346359,-6.043278694152832,0.593885064125061,0.15896928310394287,-6.954617977142334
2000.0,4,>4 kHz,6.961853614484426e-06,-48.57830810546875,0.5326522588729858,0.031580664217472076,-20.99245834350586
2025.0,0,<300 Hz,1.6436256373708602e-06,-54.84752655029297,0.5513384342193604,0.057614609599113464,-15.770230293273926
2025.0,1,300-800 Hz,3.280191776866559e-06,-51.84656524658203,0.5394347906112671,0.03371218591928482,-20.42514419555664
2025.0,2,0.8-2 kHz,0.08650816977024078,-7.634986877441406,0.5812426805496216,0.13246192038059235,-8.5390625
2025.0,3,2-4 kHz,0.17008072137832642,-4.699007034301758,0.605627179145813,0.18654222786426544,-5.565340042114258
2025.0,4,>4 kHz,7.2564735091873445e-06,-48.39830017089844,0.5326523780822754,0.03158118575811386,-20.9923152923584
2050.0,0,<300 Hz,1.5606466376993922e-06,-55.072513580322266,0.5513384342193604,0.05761450156569481,-15.770245552062988
2050.0,1,300-800 Hz,3.2109953735925956e-06,-51.93916320800781,0.5394347310066223,0.03371205925941467,-20.4251766204834
2050.0,2,0.8-2 kHz,0.056116074323654175,-9.514684677124023,0.5726630687713623,0.1099402904510498,-10.157745361328125
2050.0,3,2-4 kHz,0.22028374671936035,-3.575733184814453,0.6179941892623901,0.2149968147277832,-4.332242488861084
2050.0,4,>4 kHz,7.5782409112434834e-06,-48.20987319946289,0.5326524376869202,0.031581759452819824,-20.992155075073242
2075.0,0,<300 Hz,1.5003620319475885e-06,-55.24359893798828,0.5513383746147156,0.05761441960930824,-15.770258903503418
2075.0,1,300-800 Hz,3.057698222619365e-06,-52.151611328125,0.5394346714019775,0.03371179476380348,-20.42524528503418
2075.0,2,0.8-2 kHz,0.03388229012489319,-11.705829620361328,0.5661996006965637,0.09121201932430267,-11.779841423034668
2075.0,3,2-4 kHz,0.272529661655426,-2.6514198780059814,0.6301848888397217,0.24298027157783508,-3.2694623470306396
2075.0,4,>4 kHz,7.781774002069142e-06,-48.09477233886719,0.5326524972915649,0.031582124531269073,-20.992053985595703
2100.0,0,<300 Hz,1.4817242117715068e-06,-55.29788589477539,0.5513383746147156,0.057614393532276154,-15.770262718200684
2100.0,1,300-800 Hz,2.8722408842440927e-06,-52.42334747314453,0.5394346714019775,0.033711470663547516,-20.425329208374023
2100.0,2,0.8-2 kHz,0.018867462873458862,-14.248422622680664,0.5617423057556152,0.0767153725028038,-13.283234596252441
2100.0,3,2-4 kHz,0.3235987424850464,-1.9054895639419556,0.6414778232574463,0.2691449820995331,-2.381157159805298
2100.0,4,>4 kHz,7.794266821292695e-06,-48.087806701660156,0.5326524972915649,0.031582146883010864,-20.992050170898438
2125.0,0,<300 Hz,1.4932605836293078e-06,-55.26420211791992,0.5513383150100708,0.05761440470814705,-15.770261764526367
2125.0,1,300-800 Hz,2.7495395897858543e-06,-52.61295700073242,0.539434552192688,0.033711258322000504,-20.425384521484375
2125.0,2,0.8-2 kHz,0.009578455239534378,-17.192604064941406,0.5589466691017151,0.06651191413402557,-14.522893905639648
2125.0,3,2-4 kHz,0.3704657554626465,-1.3180770874023438,0.6513359546661377,0.2923373579978943,-1.663196325302124
2125.0,4,>4 kHz,7.63973639550386e-06,-48.174774169921875,0.5326524972915649,0.031581878662109375,-20.992124557495117
2150.0,0,<300 Hz,1.488533939664194e-06,-55.27797317504883,0.5513383150100708,0.05761440098285675,-15.770262718200684
2150.0,1,300-800 Hz,2.7202079309063265e-06,-52.6595344543457,0.5394346117973328,0.033711209893226624,-20.425395965576172
2150.0,2,0.8-2 kHz,0.004368554800748825,-20.60218048095703,0.5573657751083374,0.06015954166650772,-15.394792556762695
2150.0,3,2-4 kHz,0.4107704758644104,-0.8695656061172485,0.6594504117965698,0.31175464391708374,-1.1046241521835327
2150.0,4,>4 kHz,7.457737410732079e-06,-48.27948760986328,0.5326523780822754,0.03158155083656311,-20.992212295532227
2175.0,0,<300 Hz,1.444366262148833e-06,-55.408782958984375,0.5513383150100708,0.057614341378211975,-15.770271301269531
2175.0,1,300-800 Hz,2.72804822998296e-06,-52.647037506103516,0.5394346714019775,0.03371122479438782,-20.425392150878906
2175.0,2,0.8-2 kHz,0.0017576990649104118,-24.55611228942871,0.5565699338912964,0.05674487724900246,-15.902348518371582
2175.0,3,2-4 kHz,0.44312584400177,-0.5402870178222656,0.6657341718673706,0.3270304799079895,-0.6891179084777832
2175.0,4,>4 kHz,7.368933438556269e-06,-48.331512451171875,0.5326523780822754,0.03158139809966087,-20.99225616455078
2200.0,0,<300 Hz,1.3770650184596889e-06,-55.61601257324219,0.5513383150100708,0.05761425569653511,-15.770283699035645
2200.0,1,300-800 Hz,2.7008200049749576e-06,-52.69060134887695,0.5394346117973328,0.03371117264032364,-20.425405502319336
2200.0,2,0.8-2 kHz,0.0006131865084171295,-29.12963104248047,0.556220293045044,0.05518907308578491,-16.14381980895996
2200.0,3,2-4 kHz,0.4672015607357025,-0.310514897108078,0.6702824831008911,0.3382321000099182,-0.3965863585472107
2200.0,4,>4 kHz,7.4068893809453584e-06,-48.30919647216797,0.5326523780822754,0.031581465154886246,-20.992238998413086
2225.0,0,<300 Hz,1.3161450169718591e-06,-55.812522888183594,0.5513383150100708,0.057614170014858246,-15.770296096801758
2225.0,1,300-800 Hz,2.593768385850126e-06,-52.86624526977539,0.539434552192688,0.033710986375808716,-20.425453186035156
2225.0,2,0.8-2 kHz,0.00018843336147256196,-34.25398254394531,0.5560904741287231,0.054601527750492096,-16.236785888671875
2225.0,3,2-4 kHz,0.4836013913154602,-0.16068242490291595,0.6733204126358032,0.3457862138748169,-0.20472952723503113
2225.0,4,>4 kHz,7.519255177612649e-06,-48.24380874633789,0.5326524972915649,0.03158166632056236,-20.9921817779541
2250.0,0,<300 Hz,1.2916218565806048e-06,-55.894203186035156,0.5513383150100708,0.05761413648724556,-15.770301818847656
2250.0,1,300-800 Hz,2.4552100512664765e-06,-53.104671478271484,0.5394344925880432,0.033710747957229614,-20.425514221191406
2250.0,2,0.8-2 kHz,6.209115963429213e-05,-39.075260162353516,0.5560518503189087,0.05442558974027634,-16.264820098876953
2250.0,3,2-4 kHz,0.4935923218727112,-0.07187392562627792,0.6751477718353271,0.35035908222198486,-0.09061529487371445
2250.0,4,>4 kHz,7.612138688273262e-06,-48.19049072265625,0.5326524972915649,0.03158183768391609,-20.992136001586914
2275.0,0,<300 Hz,1.2986484989596647e-06,-55.870643615722656,0.5513383150100708,0.057614151388406754,-15.770299911499023
2275.0,1,300-800 Hz,2.3515367502113804e-06,-53.29204177856445,0.5394344329833984,0.03371056541800499,-20.42556381225586
2275.0,2,0.8-2 kHz,3.47337918356061e-05,-41.5980339050293,0.5560435056686401,0.05438736081123352,-16.270923614501953
2275.0,3,2-4 kHz,0.4987749457359314,-0.026511363685131073,0.6760887503623962,0.352722704410553,-0.0322147011756897
2275.0,4,>4 kHz,7.681771421630401e-06,-48.150943756103516,0.5326524972915649,0.03158196434378624,-20.99209976196289
2300.0,0,<300 Hz,1.3021864333495614e-06,-55.85882568359375,0.5513383150100708,0.05761415511369705,-15.77029800415039
2300.0,1,300-800 Hz,2.3140064513427205e-06,-53.36191177368164,0.5394344329833984,0.03371049836277962,-20.425579071044922
2300.0,2,0.8-2 kHz,3.065782584599219e-05,-42.14014434814453,0.5560422539710999,0.054381608963012695,-16.271841049194336
2300.0,3,2-4 kHz,0.5007740259170532,-0.009139850735664368,0.6764504909515381,0.3536328673362732,-0.009830322116613388
2300.0,4,>4 kHz,7.798818842275068e-06,-48.085269927978516,0.5326524972915649,0.03158217668533325,-20.992040634155273
2325.0,0,<300 Hz,1.2780625411323854e-06,-55.94003677368164,0.5513383150100708,0.05761411786079407,-15.770303726196289
2325.0,1,300-800 Hz,2.3217444322654046e-06,-53.347415924072266,0.5394344329833984,0.03371051326394081,-20.425575256347656
2325.0,2,0.8-2 kHz,2.899236642406322e-05,-42.382720947265625,0.5560417175292969,0.054379235953092575,-16.272220611572266
2325.0,3,2-4 kHz,0.5010037422180176,-0.0071480767801404,0.6764919757843018,0.35373738408088684,-0.007263532839715481
2325.0,4,>4 kHz,8.052604243857786e-06,-47.946197509765625,0.5326526165008545,0.03158262372016907,-20.991918563842773
2350.0,0,<300 Hz,1.2227965271449648e-06,-56.132015228271484,0.5513383150100708,0.0576140470802784,-15.770315170288086
2350.0,1,300-800 Hz,2.3129261990106897e-06,-53.36393737792969,0.5394344329833984,0.03371049836277962,-20.425579071044922
2350.0,2,0.8-2 kHz,2.6848612833418883e-05,-42.716339111328125,0.5560411214828491,0.05437621474266052,-16.272703170776367
2350.0,3,2-4 kHz,0.5005302429199219,-0.011254516430199146,0.6764063835144043,0.3535218834877014,-0.01255651842802763
2350.0,4,>4 kHz,8.444062586931977e-06,-47.74004364013672,0.532652735710144,0.03158332034945488,-20.991727828979492
2375.0,0,<300 Hz,1.1686732932503219e-06,-56.3286247253418,0.551338255405426,0.057613976299762726,-15.770325660705566
2375.0,1,300-800 Hz,2.2456320039054845e-06,-53.49217224121094,0.5394344329833984,0.033710379153490067,-20.425609588623047
2375.0,2,0.8-2 kHz,2.47110947384499e-05,-43.076637268066406,0.5560404062271118,0.054373204708099365,-16.273183822631836
2375.0,3,2-4 kHz,0.5000283718109131,-0.015611378476023674,0.6763156652450562,0.35329341888427734,-0.01817178912460804
2375.0,4,>4 kHz,8.834477739583235e-06,-47.54375076293945,0.5326528549194336,0.03158401697874069,-20.991535186767578
2400.0,0,<300 Hz,1.1396523404982872e-06,-56.437835693359375,0.551338255405426,0.05761393532156944,-15.770331382751465
2400.0,1,300-800 Hz,2.1405567167676054e-06,-53.70029067993164,0.5394344329833984,0.03371019661426544,-20.4256591796875
2400.0,2,0.8-2 kHz,2.2909516701474786e-05,-43.405399322509766,0.5560398101806641,0.05437066778540611,-16.273590087890625
2400.0,3,2-4 kHz,0.49981367588043213,-0.017476564273238182,0.6762768030166626,0.3531956374645233,-0.02057625912129879
2400.0,4,>4 kHz,9.064240657608025e-06,-47.43224334716797,0.5326529145240784,0.03158442676067352,-20.991422653198242
2425.0,0,<300 Hz,1.1455031199147925e-06,-56.41559600830078,0.551338255405426,0.05761394277215004,-15.770330429077148
2425.0,1,300-800 Hz,2.044883785856655e-06,-53.89887237548828,0.5394344329833984,0.03371003270149231,-20.42569923400879
2425.0,2,0.8-2 kHz,2.138286072295159e-05,-43.70490264892578,0.5560394525527954,0.0543685220181942,-16.27393341064453
2425.0,3,2-4 kHz,0.49992311000823975,-0.01652568206191063,0.676296591758728,0.35324543714523315,-0.01935162954032421
2425.0,4,>4 kHz,9.042373676493298e-06,-47.44273376464844,0.5326529145240784,0.03158439323306084,-20.991432189941406
2450.0,0,<300 Hz,1.1522674867592286e-06,-56.39002227783203,0.551338255405426,0.057613953948020935,-15.770329475402832
2450.0,1,300-800 Hz,1.9990027340099914e-06,-53.9974250793457,0.5394343733787537,0.03370995074510574,-20.42572021484375
2450.0,2,0.8-2 kHz,1.993804471567273e-05,-44.008731842041016,0.5560389757156372,0.054366495460271835,-16.274255752563477
2450.0,3,2-4 kHz,0.5002212524414062,-0.013936302624642849,0.6763505339622498,0.3533811569213867,-0.01601487211883068
2450.0,4,>4 kHz,8.85075769474497e-06,-47.53575134277344,0.5326528549194336,0.03158405423164368,-20.991525650024414
2475.0,0,<300 Hz,1.1406973499106243e-06,-56.43385314941406,0.551338255405426,0.057613931596279144,-15.770332336425781
2475.0,1,300-800 Hz,1.9965193587268004e-06,-54.00282287597656,0.5394343733787537,0.033709947019815445,-20.42572021484375
2475.0,2,0.8-2 kHz,1.841772609623149e-05,-44.35319900512695,0.556038498878479,0.05436436086893082,-16.27459716796875
2475.0,3,2-4 kHz,0.5005065202713013,-0.011460329405963421,0.6764021515846252,0.3535110354423523,-0.012823015451431274
2475.0,4,>4 kHz,8.667608199175447e-06,-47.62656784057617,0.5326527953147888,0.03158373385667801,-20.991613388061523
2500.0,0,<300 Hz,1.1006627573806327e-06,-56.58901596069336,0.551338255405426,0.05761388689279556,-15.770339012145996
2500.0,1,300-800 Hz,1.9946930933656404e-06,-54.006797790527344,0.5394343733787537,0.033709943294525146,-20.425722122192383
2500.0,2,0.8-2 kHz,1.6926553144003265e-05,-44.719871520996094,0.5560380220413208,0.05436226725578308,-16.274930953979492
2500.0,3,2-4 kHz,0.5006005764007568,-0.010644401423633099,0.6764191389083862,0.35355380177497864,-0.01177262980490923
2500.0,4,>4 kHz,8.634066034574062e-06,-47.643402099609375,0.532652735710144,0.03158367797732353,-20.991628646850586
2525.0,0,<300 Hz,1.0500798452994786e-06,-56.7933349609375,0.5513381958007812,0.057613808661699295,-15.770350456237793
2525.0,1,300-800 Hz,1.95947859538137e-06,-54.08415222167969,0.5394343733787537,0.03370988368988037,-20.425737380981445
2525.0,2,0.8-2 kHz,1.5747707948321477e-05,-45.033382415771484,0.5560376644134521,0.054360613226890564,-16.275196075439453
2525.0,3,2-4 kHz,0.5004070997238159,-0.012323138304054737,0.6763840913772583,0.353465735912323,-0.013936271890997887
2525.0,4,>4 kHz,8.759636330069043e-06,-47.58069610595703,0.5326528549194336,0.03158390522003174,-20.991565704345703
2550.0,0,<300 Hz,1.0234089131699875e-06,-56.90506362915039,0.5513381958007812,0.05761377513408661,-15.770355224609375
2550.0,1,300-800 Hz,1.8814105260389624e-06,-54.260719299316406,0.5394343137741089,0.033709749579429626,-20.42577362060547
2550.0,2,0.8-2 kHz,1.514930681878468e-05,-45.201629638671875,0.5560375452041626,0.05435977131128311,-16.275331497192383
2550.0,3,2-4 kHz,0.49993476271629333,-0.01642434298992157,0.6762986779212952,0.3532507121562958,-0.01922191120684147
2550.0,4,>4 kHz,8.933244316722266e-06,-47.49546432495117,0.5326528549194336,0.03158421814441681,-20.991479873657227
2575.0,0,<300 Hz,1.0108723245139117e-06,-56.958595275878906,0.5513381958007812,0.057613763958215714,-15.770358085632324
2575.0,1,300-800 Hz,1.7990601008932572e-06,-54.455101013183594,0.5394343137741089,0.03370960056781769,-20.425811767578125
2575.0,2,0.8-2 kHz,1.5023866581032053e-05,-45.23773956298828,0.556037425994873,0.054359592497348785,-16.275358200073242
2575.0,3,2-4 kHz,0.4992856979370117,-0.022066544741392136,0.6761812567710876,0.352955162525177,-0.026492195203900337
2575.0,4,>4 kHz,9.062821845873259e-06,-47.43292236328125,0.5326529145240784,0.03158445283770561,-20.991416931152344
2600.0,0,<300 Hz,1.0224362085864414e-06,-56.90919494628906,0.5513381958007812,0.05761377885937691,-15.770355224609375
2600.0,1,300-800 Hz,1.755466314534715e-06,-54.5616340637207,0.5394343137741089,0.03370952606201172,-20.425830841064453
2600.0,2,0.8-2 kHz,1.4855640984023921e-05,-45.286643981933594,0.556037425994873,0.054359350353479385,-16.27539825439453
2600.0,3,2-4 kHz,0.49861952662467957,-0.027864845469594002,0.6760605573654175,0.3526517152786255,-0.033962953835725784
2600.0,4,>4 kHz,9.144953764916863e-06,-47.393741607666016,0.5326529145240784,0.03158459812402725,-20.991374969482422
2625.0,0,<300 Hz,1.0186415693169693e-06,-56.92534637451172,0.5513381958007812,0.05761377140879631,-15.770357131958008
2625.0,1,300-800 Hz,1.742584686326154e-06,-54.59362030029297,0.5394343137741089,0.033709507435560226,-20.42583465576172
2625.0,2,0.8-2 kHz,1.4210432709660381e-05,-45.47948455810547,0.556037187576294,0.05435844883322716,-16.275541305541992
2625.0,3,2-4 kHz,0.4981050491333008,-0.03234846517443657,0.6759673953056335,0.35241734981536865,-0.039737191051244736
2625.0,4,>4 kHz,9.315011084254365e-06,-47.313724517822266,0.5326529741287231,0.031584907323122025,-20.991289138793945
2650.0,0,<300 Hz,9.91949036688311e-07,-57.04066467285156,0.5513381958007812,0.057613737881183624,-15.770360946655273
2650.0,1,300-800 Hz,1.7515257013656083e-06,-54.57139587402344,0.5394343137741089,0.03370951861143112,-20.425832748413086
2650.0,2,0.8-2 kHz,1.3055226190772373e-05,-45.84770965576172,0.5560368299484253,0.05435682460665703,-16.275802612304688
2650.0,3,2-4 kHz,0.4978744387626648,-0.0343593992292881,0.675925612449646,0.35231226682662964,-0.0423276424407959
2650.0,4,>4 kHz,9.703714567876887e-06,-47.13617706298828,0.5326530933380127,0.03158560395240784,-20.991098403930664
2675.0,0,<300 Hz,9.482095038038096e-07,-57.236515045166016,0.5513381958007812,0.057613663375377655,-15.77037239074707
2675.0,1,300-800 Hz,1.7316368712272379e-06,-54.62099075317383,0.5394343137741089,0.033709488809108734,-20.425838470458984
2675.0,2,0.8-2 kHz,1.186551799037261e-05,-46.26268768310547,0.5560364723205566,0.054355163127183914,-16.276065826416016
2675.0,3,2-4 kHz,0.4979890286922455,-0.03335994482040405,0.6759463548660278,0.35236451029777527,-0.0410396009683609
2675.0,4,>4 kHz,1.0245457815472037e-05,-46.900245666503906,0.5326533317565918,0.03158657252788544,-20.99083137512207
2700.0,0,<300 Hz,9.152631150755042e-07,-57.390098571777344,0.5513381958007812,0.057613641023635864,-15.770377159118652
2700.0,1,300-800 Hz,1.677323325566249e-06,-54.7593879699707,0.5394343137741089,0.033709391951560974,-20.425865173339844
2700.0,2,0.8-2 kHz,1.1159627320012078e-05,-46.52906036376953,0.5560362935066223,0.05435417592525482,-16.27622413635254
2700.0,3,2-4 kHz,0.4984261393547058,-0.02954973094165325,0.6760256290435791,0.35256367921829224,-0.036131612956523895
2700.0,4,>4 kHz,1.0752942216640804e-05,-46.690284729003906,0.5326534509658813,0.031587474048137665,-20.990583419799805
2725.0,0,<300 Hz,9.032265211317281e-07,-57.44758987426758,0.5513381958007812,0.05761360749602318,-15.770381927490234
2725.0,1,300-800 Hz,1.6145427252922673e-06,-54.9250602722168,0.5394343137741089,0.03370928764343262,-20.425891876220703
2725.0,2,0.8-2 kHz,1.1099082257715054e-05,-46.55268859863281,0.5560362339019775,0.05435409024357796,-16.27623748779297
2725.0,3,2-4 kHz,0.499085932970047,-0.023804623633623123,0.676145076751709,0.35286420583724976,-0.028730669990181923
2725.0,4,>4 kHz,1.1022851140296552e-05,-46.582618713378906,0.5326535105705261,0.031587958335876465,-20.990449905395508
2750.0,0,<300 Hz,9.10708081391931e-07,-57.411766052246094,0.5513381958007812,0.05761362984776497,-15.770378112792969
2750.0,1,300-800 Hz,1.55719828853762e-06,-55.082122802734375,0.5394341945648193,0.03370917961001396,-20.425918579101562
2750.0,2,0.8-2 kHz,1.1285181244602427e-05,-46.48047637939453,0.5560363531112671,0.05435434728860855,-16.27619743347168
2750.0,3,2-4 kHz,0.4998171627521515,-0.017446156591176987,0.6762773990631104,0.35319721698760986,-0.02053733728826046
2750.0,4,>4 kHz,1.0983341780956835e-05,-46.59821319580078,0.5326534509658813,0.03158789128065109,-20.990468978881836
2775.0,0,<300 Hz,9.171578199129726e-07,-57.3811149597168,0.5513381958007812,0.057613637298345566,-15.770377159118652
2775.0,1,300-800 Hz,1.5424220691784285e-06,-55.1235237121582,0.5394341945648193,0.03370915353298187,-20.425926208496094
2775.0,2,0.8-2 kHz,1.11216777440859e-05,-46.543853759765625,0.5560362339019775,0.054354116320610046,-16.276233673095703
2775.0,3,2-4 kHz,0.500453531742096,-0.011920265853404999,0.6763925552368164,0.3534868657588959,-0.013417218811810017
2775.0,4,>4 kHz,1.0751429726951756e-05,-46.690895080566406,0.5326534509658813,0.03158749267458916,-20.99057960510254
2800.0,0,<300 Hz,9.005543688545004e-07,-57.4604606628418,0.5513381958007812,0.057613618671894073,-15.770379066467285
2800.0,1,300-800 Hz,1.5467762750631664e-06,-55.11128234863281,0.5394342541694641,0.03370916470885277,-20.425922393798828
2800.0,2,0.8-2 kHz,1.0430168913444504e-05,-46.8226432800293,0.5560360550880432,0.054353147745132446,-16.27638816833496
2800.0,3,2-4 kHz,0.5008524060249329,-0.008460262790322304,0.6764646768569946,0.3536683917045593,-0.008958056569099426
2800.0,4,>4 kHz,1.0596569154586177e-05,-46.75390625,0.5326533913612366,0.03158722072839737,-20.99065589904785
2825.0,0,<300 Hz,8.663802759656392e-07,-57.628475189208984,0.5513381958007812,0.057613570243120193,-15.770386695861816
2825.0,1,300-800 Hz,1.5373814221675275e-06,-55.13774108886719,0.5394342541694641,0.033709149807691574,-20.425928115844727
2825.0,2,0.8-2 kHz,9.472693818679545e-06,-47.24082565307617,0.5560357570648193,0.0543518140912056,-16.276601791381836
2825.0,3,2-4 kHz,0.5009276866912842,-0.007807491347193718,0.6764782667160034,0.35370272397994995,-0.008114898577332497
2825.0,4,>4 kHz,1.0668128197721671e-05,-46.72467803955078,0.5326533913612366,0.031587354838848114,-20.990617752075195
2850.0,0,<300 Hz,8.293544055959501e-07,-57.818153381347656,0.5513381958007812,0.05761351063847542,-15.77039623260498
2850.0,1,300-800 Hz,1.5027878816908924e-06,-55.2365837097168,0.5394342541694641,0.0337090939283371,-20.425941467285156
2850.0,2,0.8-2 kHz,8.78942955750972e-06,-47.56595230102539,0.556035578250885,0.05435085669159889,-16.27675437927246
2850.0,3,2-4 kHz,0.50066739320755,-0.010064728558063507,0.6764312386512756,0.35358425974845886,-0.011024060659110546
2850.0,4,>4 kHz,1.094702474802034e-05,-46.61259460449219,0.5326534509658813,0.031587857753038406,-20.990478515625
2875.0,0,<300 Hz,8.148596180035383e-07,-57.89472961425781,0.5513381958007812,0.05761349946260452,-15.770397186279297
2875.0,1,300-800 Hz,1.447274712518265e-06,-55.400047302246094,0.5394341945648193,0.03370899334549904,-20.425968170166016
2875.0,2,0.8-2 kHz,8.678712219989393e-06,-47.62100601196289,0.5560355186462402,0.05435069650411606,-16.27678108215332
2875.0,3,2-4 kHz,0.5001352429389954,-0.01468324102461338,0.6763349771499634,0.35334205627441406,-0.01697602868080139
2875.0,4,>4 kHz,1.1230125892325304e-05,-46.501712799072266,0.5326535701751709,0.031588364392519,-20.990341186523438
2900.0,0,<300 Hz,8.202308663385338e-07,-57.86619567871094,0.5513381958007812,0.05761351063847542,-15.77039623260498
2900.0,1,300-800 Hz,1.4029675412530196e-06,-55.53508377075195,0.5394341945648193,0.03370891511440277,-20.425987243652344
2900.0,2,0.8-2 kHz,8.922961569624022e-06,-47.500465393066406,0.5560356378555298,0.05435103550553322,-16.27672576904297
2900.0,3,2-4 kHz,0.49945390224456787,-0.020603809505701065,0.6762117147445679,0.35303184390068054,-0.02460526116192341
2900.0,4,>4 kHz,1.141157372330781e-05,-46.432106018066406,0.5326536297798157,0.03158869594335556,-20.990249633789062
2925.0,0,<300 Hz,8.322083431266947e-07,-57.8032341003418,0.5513381958007812,0.05761351436376572,-15.77039623260498
2925.0,1,300-800 Hz,1.382620553158631e-06,-55.59852600097656,0.5394341945648193,0.033708877861499786,-20.425996780395508
2925.0,2,0.8-2 kHz,9.038626558321994e-06,-47.44453430175781,0.5560356378555298,0.05435119569301605,-16.276700973510742
2925.0,3,2-4 kHz,0.4987761676311493,-0.026500947773456573,0.6760889291763306,0.3527231812477112,-0.03220274671912193
2925.0,4,>4 kHz,1.156728649220895e-05,-46.37324523925781,0.5326536893844604,0.03158898651599884,-20.990169525146484
2950.0,0,<300 Hz,8.230482535509509e-07,-57.85130310058594,0.5513381958007812,0.05761350691318512,-15.77039623260498
2950.0,1,300-800 Hz,1.3867213510820875e-06,-55.58566665649414,0.5394341945648193,0.03370888531208038,-20.425994873046875
2950.0,2,0.8-2 kHz,8.66480877448339e-06,-47.627967834472656,0.5560355186462402,0.05435067415237427,-16.276782989501953
2950.0,3,2-4 kHz,0.4982512593269348,-0.03107362426817417,0.6759939193725586,0.3524841070175171,-0.03809177130460739
2950.0,4,>4 kHz,1.187158159154933e-05,-46.26047134399414,0.53265380859375,0.03158953785896301,-20.99001693725586
2975.0,0,<300 Hz,7.975810376592563e-07,-57.98780822753906,0.5513381958007812,0.05761348828673363,-15.77039909362793
2975.0,1,300-800 Hz,1.3809481060889084e-06,-55.60378646850586,0.5394341945648193,0.033708877861499786,-20.425996780395508
2975.0,2,0.8-2 kHz,7.933319466246758e-06,-48.011009216308594,0.5560352802276611,0.05434965342283249,-16.276947021484375
2975.0,3,2-4 kHz,0.49799150228500366,-0.03333855792880058,0.675946831703186,0.35236573219299316,-0.04100942984223366
2975.0,4,>4 kHz,1.2453014278435148e-05,-46.05281448364258,0.5326539278030396,0.031590577214956284,-20.989730834960938
3000.0,0,<300 Hz,7.622444400112727e-07,-58.18461608886719,0.5513381958007812,0.057613421231508255,-15.770408630371094
3000.0,1,300-800 Hz,1.358645704385708e-06,-55.674495697021484,0.5394341945648193,0.0337088368833065,-20.426006317138672
3000.0,2,0.8-2 kHz,7.244725111377193e-06,-48.405338287353516,0.556035041809082,0.05434868484735489,-16.277101516723633
3000.0,3,2-4 kHz,0.4980493485927582,-0.032834090292453766,0.6759573221206665,0.3523921072483063,-0.040359243750572205
3000.0,4,>4 kHz,1.3256763850222342e-05,-45.78118133544922,0.5326541662216187,0.03159201145172119,-20.989337921142578
3025.0,0,<300 Hz,7.421223244818975e-07,-58.300804138183594,0.5513380765914917,0.05761338397860527,-15.770415306091309
3025.0,1,300-800 Hz,1.3184712770453189e-06,-55.804847717285156,0.5394341945648193,0.03370876610279083,-20.426025390625
3025.0,2,0.8-2 kHz,7.006898613326484e-06,-48.55030059814453,0.556035041809082,0.054348357021808624,-16.27715492248535
3025.0,3,2-4 kHz,0.4984073340892792,-0.029713669791817665,0.6760221719741821,0.3525552451610565,-0.03633904457092285
3025.0,4,>4 kHz,1.3969000065117143e-05,-45.55390167236328,0.5326544046401978,0.031593285501003265,-20.98898696899414
3050.0,0,<300 Hz,7.44493604543095e-07,-58.286949157714844,0.5513381361961365,0.05761340260505676,-15.77041244506836
3050.0,1,300-800 Hz,1.269747599508264e-06,-55.9683837890625,0.5394341945648193,0.033708684146404266,-20.42604637145996
3050.0,2,0.8-2 kHz,7.183114576037042e-06,-48.44242858886719,0.556035041809082,0.054348599165678024,-16.277114868164062
3050.0,3,2-4 kHz,0.49898314476013184,-0.024699047207832336,0.6761264801025391,0.3528175354003906,-0.0298797357827425
3050.0,4,>4 kHz,1.4312020539364312e-05,-45.44854736328125,0.5326545238494873,0.03159390762448311,-20.98881721496582
3075.0,0,<300 Hz,7.569552167296933e-07,-58.2148551940918,0.5513381361961365,0.05761341750621796,-15.770410537719727
3075.0,1,300-800 Hz,1.2471067520891665e-06,-56.0465202331543,0.5394341349601746,0.03370864316821098,-20.426055908203125
3075.0,2,0.8-2 kHz,7.409266800095793e-06,-48.307804107666016,0.5560351610183716,0.05434891954064369,-16.27706527709961
3075.0,3,2-4 kHz,0.49964821338653564,-0.018914328888058662,0.6762468814849854,0.3531203866004944,-0.022427020594477654
3075.0,4,>4 kHz,1.422591412847396e-05,-45.47475814819336,0.5326544642448425,0.03159376233816147,-20.988855361938477
3100.0,0,<300 Hz,7.542648745584302e-07,-58.23031997680664,0.5513381361961365,0.05761341005563736,-15.770410537719727
3100.0,1,300-800 Hz,1.2440632417565212e-06,-56.057132720947266,0.5394341349601746,0.033708635717630386,-20.42605972290039
3100.0,2,0.8-2 kHz,7.287943844858091e-06,-48.37950897216797,0.5560351014137268,0.05434874817728996,-16.27709197998047
3100.0,3,2-4 kHz,0.5002560019493103,-0.013634812086820602,0.676356852054596,0.35339710116386414,-0.01562328077852726
3100.0,4,>4 kHz,1.40076572279213e-05,-45.541900634765625,0.5326544046401978,0.03159338980913162,-20.98895835876465
3125.0,0,<300 Hz,7.373535595434078e-07,-58.328800201416016,0.5513381361961365,0.05761338770389557,-15.770415306091309
3125.0,1,300-800 Hz,1.2455634532670956e-06,-56.05189895629883,0.5394341349601746,0.033708639442920685,-20.42605972290039
3125.0,2,0.8-2 kHz,6.766175374650629e-06,-48.702125549316406,0.5560349225997925,0.054348014295101166,-16.277210235595703
3125.0,3,2-4 kHz,0.5006740689277649,-0.010006869211792946,0.6764323711395264,0.3535873293876648,-0.01094889733940363
3125.0,4,>4 kHz,1.399266238877317e-05,-45.54655456542969,0.5326544046401978,0.03159337490797043,-20.988962173461914
3150.0,0,<300 Hz,7.073658707668073e-07,-58.509117126464844,0.5513381361961365,0.05761335417628288,-15.77042007446289
3150.0,1,300-800 Hz,1.2374194966469076e-06,-56.08039093017578,0.5394341349601746,0.03370862454175949,-20.426063537597656
3150.0,2,0.8-2 kHz,6.179126103234012e-06,-49.096290588378906,0.5560348033905029,0.0543472021818161,-16.2773380279541
3150.0,3,2-4 kHz,0.5008125901222229,-0.008805490098893642,0.676457405090332,0.35365039110183716,-0.009400137700140476
3150.0,4,>4 kHz,1.4301989722298458e-05,-45.45159149169922,0.5326545238494873,0.031593941152095795,-20.988807678222656
3175.0,0,<300 Hz,6.916665711287351e-07,-58.606590270996094,0.5513381361961365,0.05761333182454109,-15.770421981811523
3175.0,1,300-800 Hz,1.2017510471196147e-06,-56.20741271972656,0.5394341349601746,0.033708564937114716,-20.42607879638672
3175.0,2,0.8-2 kHz,5.869369488209486e-06,-49.319644927978516,0.5560346841812134,0.05434676632285118,-16.277408599853516
3175.0,3,2-4 kHz,0.5006437301635742,-0.01026996597647667,0.676426887512207,0.3535735011100769,-0.011288437992334366
3175.0,4,>4 kHz,1.4843388271401636e-05,-45.290225982666016,0.5326546430587769,0.03159491717815399,-20.98853874206543
3200.0,0,<300 Hz,6.802935672567401e-07,-58.678592681884766,0.5513381361961365,0.0576133206486702,-15.770424842834473
3200.0,1,300-800 Hz,1.1664261592159164e-06,-56.33698272705078,0.5394341349601746,0.03370850160717964,-20.42609405517578
3200.0,2,0.8-2 kHz,5.966031494608615e-06,-49.24869918823242,0.5560346841812134,0.05434689670801163,-16.277387619018555
3200.0,3,2-4 kHz,0.500207781791687,-0.014053425751626492,0.676348090171814,0.3533673584461212,-0.016354091465473175
3200.0,4,>4 kHz,1.5357773008872755e-05,-45.14227294921875,0.532654881477356,0.031595852226018906,-20.98828125
3225.0,0,<300 Hz,6.885113634780282e-07,-58.62644577026367,0.5513381361961365,0.0576133169233799,-15.770424842834473
3225.0,1,300-800 Hz,1.1312812375763315e-06,-56.4698486328125,0.5394341349601746,0.033708445727825165,-20.426109313964844
3225.0,2,0.8-2 kHz,6.2309836721397005e-06,-49.05998992919922,0.5560348033905029,0.05434726923704147,-16.277328491210938
3225.0,3,2-4 kHz,0.49960339069366455,-0.019304070621728897,0.6762387752532959,0.35309988260269165,-0.02293156087398529
3225.0,4,>4 kHz,1.5719071598141454e-05,-45.041290283203125,0.532654881477356,0.03159651160240173,-20.988100051879883
3250.0,0,<300 Hz,6.9235841237969e-07,-58.60224914550781,0.5513381361961365,0.05761333182454109,-15.770421981811523
3250.0,1,300-800 Hz,1.1262271755185793e-06,-56.489295959472656,0.5394341349601746,0.03370843455195427,-20.426111221313477
3250.0,2,0.8-2 kHz,6.269556706683943e-06,-49.03318786621094,0.5560348033905029,0.05434732139110565,-16.277320861816406
3250.0,3,2-4 kHz,0.4989665448665619,-0.02484353445470333,0.6761234402656555,0.3528098464012146,-0.030068837106227875
3250.0,4,>4 kHz,1.603800046723336e-05,-44.95405578613281,0.5326550602912903,0.03159710392355919,-20.987937927246094
3275.0,0,<300 Hz,6.829078529335675e-07,-58.66193771362305,0.5513381361961365,0.057613324373960495,-15.770424842834473
3275.0,1,300-800 Hz,1.1290123893559212e-06,-56.478572845458984,0.5394340753555298,0.03370843827724457,-20.426111221313477
3275.0,2,0.8-2 kHz,5.931779014645144e-06,-49.273712158203125,0.5560346841812134,0.054346852004528046,-16.277395248413086
3275.0,3,2-4 kHz,0.4984394609928131,-0.029433496296405792,0.6760278940200806,0.3525697588920593,-0.03598136827349663
3275.0,4,>4 kHz,1.6626996512059122e-05,-44.797420501708984,0.5326552391052246,0.03159817308187485,-20.98764419555664
3300.0,0,<300 Hz,6.567277068825206e-07,-58.83170700073242,0.5513381361961365,0.057613275945186615,-15.770431518554688
3300.0,1,300-800 Hz,1.12064105906029e-06,-56.51089096069336,0.5394340753555298,0.033708423376083374,-20.42611312866211
3300.0,2,0.8-2 kHz,5.404292096500285e-06,-49.67816925048828,0.556034505367279,0.05434611067175865,-16.27751350402832
3300.0,3,2-4 kHz,0.49813929200172424,-0.032049864530563354,0.6759735345840454,0.3524329662322998,-0.03935232758522034
3300.0,4,>4 kHz,1.762909596436657e-05,-44.54325866699219,0.5326554775238037,0.0315999761223793,-20.98714828491211
3325.0,0,<300 Hz,6.327619530566153e-07,-58.9931526184082,0.5513381361961365,0.05761326104402542,-15.770434379577637
3325.0,1,300-800 Hz,1.0972624977512169e-06,-56.602455139160156,0.5394340753555298,0.03370838239789009,-20.426122665405273
3325.0,2,0.8-2 kHz,5.043938017479377e-06,-49.97785949707031,0.5560343861579895,0.05434560775756836,-16.2775936126709
3325.0,3,2-4 kHz,0.49813082814216614,-0.032123666256666183,0.6759721040725708,0.3524291515350342,-0.03944646194577217
3325.0,4,>4 kHz,1.8870345229515806e-05,-44.24776077270508,0.5326558351516724,0.03160220384597778,-20.986536026000977
3350.0,0,<300 Hz,6.241195933398558e-07,-59.052879333496094,0.5513380765914917,0.057613253593444824,-15.770434379577637
3350.0,1,300-800 Hz,1.064095727087988e-06,-56.735748291015625,0.5394340753555298,0.033708326518535614,-20.42613983154297
3350.0,2,0.8-2 kHz,5.033190063841175e-06,-49.987125396728516,0.5560344457626343,0.054345592856407166,-16.27759552001953
3350.0,3,2-4 kHz,0.49841105937957764,-0.029681090265512466,0.6760227680206299,0.3525567650794983,-0.036301612854003906
3350.0,4,>4 kHz,1.9930284906877205e-05,-44.01042556762695,0.532656192779541,0.031604111194610596,-20.986011505126953
3375.0,0,<300 Hz,6.332645625661826e-07,-58.989707946777344,0.5513381361961365,0.05761325731873512,-15.770434379577637
3375.0,1,300-800 Hz,1.0397583309895708e-06,-56.83623504638672,0.5394340753555298,0.03370828181505203,-20.426149368286133
3375.0,2,0.8-2 kHz,5.247868102742359e-06,-49.80572509765625,0.5560344457626343,0.05434589087963104,-16.277549743652344
3375.0,3,2-4 kHz,0.49890777468681335,-0.0253551434725523,0.6761127710342407,0.35278308391571045,-0.030727608129382133
3375.0,4,>4 kHz,2.0545996449072845e-05,-43.8782844543457,0.5326563715934753,0.03160523250699043,-20.985702514648438
3400.0,0,<300 Hz,6.390238809217408e-07,-58.95038604736328,0.5513381361961365,0.05761326476931572,-15.77043342590332
3400.0,1,300-800 Hz,1.0312144240742782e-06,-56.872066497802734,0.5394340753555298,0.03370826691389084,-20.42615509033203
3400.0,2,0.8-2 kHz,5.381737082643667e-06,-49.69633102416992,0.556034505367279,0.054346080869436264,-16.27751922607422
3400.0,3,2-4 kHz,0.49949538707733154,-0.020243078470230103,0.6762192249298096,0.35305070877075195,-0.02414111979305744
3400.0,4,>4 kHz,2.0757639504154213e-05,-43.833778381347656,0.5326564311981201,0.03160564601421356,-20.98558807373047
3425.0,0,<300 Hz,6.371808467520168e-07,-58.96293258666992,0.5513380765914917,0.05761325731873512,-15.770434379577637
3425.0,1,300-800 Hz,1.032816157930938e-06,-56.86532974243164,0.5394340753555298,0.033708274364471436,-20.426151275634766
3425.0,2,0.8-2 kHz,5.213047188590281e-06,-49.83464050292969,0.5560344457626343,0.05434584245085716,-16.277557373046875
3425.0,3,2-4 kHz,0.500023603439331,-0.01565268449485302,0.6763147711753845,0.35329118371009827,-0.018226781859993935
3425.0,4,>4 kHz,2.0964946088497527e-05,-43.79062271118164,0.5326565504074097,0.03160605579614639,-20.985477447509766
3450.0,0,<300 Hz,6.140518848951615e-07,-59.123504638671875,0.5513380765914917,0.05761323124170303,-15.770437240600586
3450.0,1,300-800 Hz,1.030669750434754e-06,-56.874359130859375,0.5394340753555298,0.03370827063918114,-20.42615509033203
3450.0,2,0.8-2 kHz,4.8165575208258815e-06,-50.17818832397461,0.5560343265533447,0.05434528738260269,-16.277645111083984
3450.0,3,2-4 kHz,0.5003561973571777,-0.012764992192387581,0.6763750314712524,0.35344257950782776,-0.01450565829873085
3450.0,4,>4 kHz,2.1436449969769455e-05,-43.69403076171875,0.5326566696166992,0.03160693496465683,-20.98523712158203
3475.0,0,<300 Hz,5.946224064246053e-07,-59.263145446777344,0.5513380765914917,0.05761319771409035,-15.7704439163208
3475.0,1,300-800 Hz,1.0124986147275195e-06,-56.95161437988281,0.5394340753555298,0.03370823711156845,-20.42616081237793
3475.0,2,0.8-2 kHz,4.444861588126514e-06,-50.5269775390625,0.5560342073440552,0.054344769567251205,-16.277729034423828
3475.0,3,2-4 kHz,0.500409722328186,-0.012300293892621994,0.6763846278190613,0.3534669280052185,-0.013907233253121376
3475.0,4,>4 kHz,2.2292593712336384e-05,-43.523948669433594,0.5326569080352783,0.03160850331187248,-20.984804153442383
3500.0,0,<300 Hz,5.778113063570345e-07,-59.387699127197266,0.5513380765914917,0.057613175362348557,-15.770445823669434
3500.0,1,300-800 Hz,9.854817335508415e-07,-57.06907272338867,0.5394340753555298,0.03370818868279457,-20.426176071166992
3500.0,2,0.8-2 kHz,4.363615516922437e-06,-50.607093811035156,0.5560342073440552,0.05434465780854225,-16.27774429321289
3500.0,3,2-4 kHz,0.5001827478408813,-0.014270799234509468,0.676343560218811,0.35336363315582275,-0.01644590124487877
3500.0,4,>4 kHz,2.3368504116660915e-05,-43.31924819946289,0.532657265663147,0.03161046653985977,-20.984264373779297
3525.0,0,<300 Hz,5.816842758576968e-07,-59.358680725097656,0.5513380765914917,0.05761319026350975,-15.7704439163208
3525.0,1,300-800 Hz,9.702317811388639e-07,-57.136802673339844,0.5394340753555298,0.03370816260576248,-20.426179885864258
3525.0,2,0.8-2 kHz,4.520743004832184e-06,-50.45345687866211,0.5560342669487,0.05434487760066986,-16.2777099609375
3525.0,3,2-4 kHz,0.4997684061527252,-0.017869815230369568,0.6762685775756836,0.35317501425743103,-0.0210832841694355
3525.0,4,>4 kHz,2.4534454496460967e-05,-43.10779571533203,0.5326576232910156,0.03161259740591049,-20.983678817749023
3550.0,0,<300 Hz,5.963713647361146e-07,-59.250389099121094,0.5513380765914917,0.05761320888996124,-15.770441055297852
3550.0,1,300-800 Hz,9.552074970997637e-07,-57.20458221435547,0.5394340753555298,0.033708132803440094,-20.426189422607422
3550.0,2,0.8-2 kHz,4.700368663179688e-06,-50.284236907958984,0.5560343265533447,0.054345130920410156,-16.27766990661621
3550.0,3,2-4 kHz,0.4993402063846588,-0.021592525765299797,0.6761910915374756,0.3529801070690155,-0.025878403335809708
3550.0,4,>4 kHz,2.5754901798791252e-05,-42.89695739746094,0.5326579809188843,0.03161483630537987,-20.983064651489258
3575.0,0,<300 Hz,5.952561537014844e-07,-59.25851821899414,0.5513380765914917,0.057613201439380646,-15.770442962646484
3575.0,1,300-800 Hz,9.527415159027441e-07,-57.21580505371094,0.5394340753555298,0.033708129078149796,-20.426189422607422
3575.0,2,0.8-2 kHz,4.656990768125979e-06,-50.324501037597656,0.5560343265533447,0.05434507131576538,-16.277679443359375
3575.0,3,2-4 kHz,0.4991110563278198,-0.02358599379658699,0.6761496067047119,0.35287579894065857,-0.02844550646841526
3575.0,4,>4 kHz,2.7143525585415773e-05,-42.66889572143555,0.5326583981513977,0.03161738067865372,-20.982364654541016
3600.0,0,<300 Hz,5.741370614487096e-07,-59.415401458740234,0.5513380765914917,0.05761316418647766,-15.770448684692383
3600.0,1,300-800 Hz,9.554546522849705e-07,-57.203453063964844,0.5394340753555298,0.03370813652873039,-20.42618751525879
3600.0,2,0.8-2 kHz,4.353420990810264e-06,-50.617252349853516,0.5560342073440552,0.054344646632671356,-16.277748107910156
3600.0,3,2-4 kHz,0.4992660880088806,-0.022237226366996765,0.6761777400970459,0.3529464304447174,-0.026706669479608536
3600.0,4,>4 kHz,2.8734459192492068e-05,-42.42152786254883,0.5326588749885559,0.03162030130624771,-20.9815616607666
3625.0,0,<300 Hz,5.53775407752255e-07,-59.57221984863281,0.5513380765914917,0.05761314928531647,-15.770450592041016
3625.0,1,300-800 Hz,9.390295758748834e-07,-57.27876663208008,0.5394340753555298,0.0337081104516983,-20.42619514465332
3625.0,2,0.8-2 kHz,4.002102286904119e-06,-50.98267364501953,0.5560340881347656,0.05434415116906166,-16.2778263092041
3625.0,3,2-4 kHz,0.4998775124549866,-0.01692170649766922,0.676288366317749,0.35322481393814087,-0.01985858380794525
3625.0,4,>4 kHz,3.062866016989574e-05,-42.14427947998047,0.5326594114303589,0.03162376582622528,-20.980609893798828
3650.0,0,<300 Hz,5.388022827901295e-07,-59.691261291503906,0.5513380765914917,0.057613126933574677,-15.770453453063965
3650.0,1,300-800 Hz,9.163263712252956e-07,-57.38505935668945,0.5394340753555298,0.03370806574821472,-20.426206588745117
3650.0,2,0.8-2 kHz,3.833545179077191e-06,-51.169551849365234,0.5560340285301208,0.05434391647577286,-16.277864456176758
3650.0,3,2-4 kHz,0.5008134245872498,-0.008798227645456791,0.6764575839042664,0.35365086793899536,-0.009388217702507973
3650.0,4,>4 kHz,3.3026852179318666e-05,-41.81688690185547,0.532660186290741,0.03162815049290657,-20.979406356811523
3675.0,0,<300 Hz,5.42283544291422e-07,-59.663291931152344,0.5513380765914917,0.057613130658864975,-15.770453453063965
3675.0,1,300-800 Hz,8.964345283857256e-07,-57.48037338256836,0.5394340753555298,0.033708032220602036,-20.42621421813965
3675.0,2,0.8-2 kHz,3.91505363950273e-06,-51.078182220458984,0.5560340881347656,0.05434403195977211,-16.27784538269043
3675.0,3,2-4 kHz,0.5016539692878723,-0.0015153700951486826,0.676609456539154,0.35403332114219666,0.0
3675.0,4,>4 kHz,3.585707236197777e-05,-41.459808349609375,0.5326610803604126,0.03163332864642143,-20.977985382080078
3700.0,0,<300 Hz,5.469834150062525e-07,-59.625816345214844,0.5513380765914917,0.057613156735897064,-15.770448684692383
3700.0,1,300-800 Hz,8.846251375871361e-07,-57.5379638671875,0.5394340753555298,0.03370801359415054,-20.426218032836914
3700.0,2,0.8-2 kHz,4.099759280506987e-06,-50.87797546386719,0.5560340881347656,0.054344285279512405,-16.27780532836914
3700.0,3,2-4 kHz,0.5016348361968994,-0.0016808422515168786,0.6766060590744019,0.35402461886405945,-0.0002133029920514673
3700.0,4,>4 kHz,3.82784019166138e-05,-41.17601776123047,0.5326617956161499,0.03163783252239227,-20.976749420166016
3725.0,0,<300 Hz,5.520753347809659e-07,-59.585575103759766,0.5513380765914917,0.057613156735897064,-15.770448684692383
3725.0,1,300-800 Hz,8.809834071143996e-07,-57.55588150024414,0.5394340753555298,0.033708006143569946,-20.426219940185547
3725.0,2,0.8-2 kHz,4.1487628550385125e-06,-50.82637405395508,0.5560340881347656,0.054344356060028076,-16.277793884277344
3725.0,3,2-4 kHz,0.4996373653411865,-0.019008705392479897,0.676244854927063,0.3531155586242676,-0.022545885294675827
3725.0,4,>4 kHz,4.198940587230027e-05,-40.7741584777832,0.5326628684997559,0.03164467588067055,-20.974868774414062
3750.0,0,<300 Hz,5.408533638728841e-07,-59.67476272583008,0.5513380765914917,0.05761313810944557,-15.770452499389648
3750.0,1,300-800 Hz,8.876675110514043e-07,-57.52305603027344,0.5394340753555298,0.03370802104473114,-20.426218032836914
3750.0,2,0.8-2 kHz,3.947148343286244e-06,-51.042724609375,0.5560340881347656,0.05434407293796539,-16.27783966064453
3750.0,3,2-4 kHz,0.49424657225608826,-0.06612121313810349,0.6752668023109436,0.3506579101085663,-0.08321014046669006
3750.0,4,>4 kHz,6.696672789985314e-05,-38.74696731567383,0.5326704978942871,0.03168923407793045,-20.962648391723633
3775.0,0,<300 Hz,5.221305059421866e-07,-59.82776641845703,0.5513380765914917,0.05761311203241348,-15.770455360412598
3775.0,1,300-800 Hz,8.737284815651947e-07,-57.59178924560547,0.5394340753555298,0.03370799124240875,-20.426225662231445
3775.0,2,0.8-2 kHz,3.638437419795082e-06,-51.39640808105469,0.5560339689254761,0.05434364452958107,-16.277908325195312
3775.0,3,2-4 kHz,0.4838907718658447,-0.15808433294296265,0.6733735799789429,0.34591901302337646,-0.20139393210411072
3775.0,4,>4 kHz,0.00019110849825665355,-34.19275665283203,0.5327080488204956,0.031908512115478516,-20.902751922607422
3800.0,0,<300 Hz,5.049055289418902e-07,-59.973453521728516,0.5513380765914917,0.05761308968067169,-15.770459175109863
3800.0,1,300-800 Hz,8.5754379597347e-07,-57.672996520996094,0.5394340753555298,0.03370796516537666,-20.426233291625977
3800.0,2,0.8-2 kHz,3.425627028263989e-06,-51.65815734863281,0.5560339093208313,0.05434334650635719,-16.277956008911133
3800.0,3,2-4 kHz,0.4670644998550415,-0.3117890954017639,0.6702569127082825,0.338168740272522,-0.39821386337280273
3800.0,4,>4 kHz,0.0006218751659616828,-29.068525314331055,0.5328385829925537,0.03265759348869324,-20.70119857788086
3825.0,0,<300 Hz,4.998108238396526e-07,-60.01750183105469,0.5513380765914917,0.057613078504800797,-15.77046012878418
3825.0,1,300-800 Hz,8.368616590814781e-07,-57.779022216796875,0.539434015750885,0.03370792791247368,-20.42624282836914
3825.0,2,0.8-2 kHz,3.4479116948205046e-06,-51.62999725341797,0.5560339093208313,0.05434337630867958,-16.277950286865234
3825.0,3,2-4 kHz,0.4426135718822479,-0.5453104972839355,0.6656361818313599,0.3267907202243805,-0.6954883337020874
3825.0,4,>4 kHz,0.001793772098608315,-24.467885971069336,0.5331933498382568,0.034617386758327484,-20.194997787475586
3850.0,0,<300 Hz,5.082330289951642e-07,-59.94493103027344,0.5513380765914917,0.05761308968067169,-15.770459175109863
3850.0,1,300-800 Hz,8.239799740294984e-07,-57.84638977050781,0.539434015750885,0.033707909286022186,-20.426246643066406
3850.0,2,0.8-2 kHz,3.624970986493281e-06,-51.41250991821289,0.5560339689254761,0.05434362590312958,-16.277910232543945
3850.0,3,2-4 kHz,0.41003093123435974,-0.8773914575576782,0.6593043804168701,0.3114023804664612,-1.1144440174102783
3850.0,4,>4 kHz,0.0044657946564257145,-20.50657081604004,0.5340005159378052,0.03873906284570694,-19.2179012298584
3875.0,0,<300 Hz,5.143202201907116e-07,-59.89322280883789,0.5513380765914917,0.05761309713125229,-15.770458221435547
3875.0,1,300-800 Hz,8.211568456317764e-07,-57.86129379272461,0.539434015750885,0.03370790183544159,-20.426250457763672
3875.0,2,0.8-2 kHz,3.7362869989010505e-06,-51.281158447265625,0.5560340285301208,0.05434378236532211,-16.27788543701172
3875.0,3,2-4 kHz,0.3696984350681305,-1.3270817995071411,0.651178240776062,0.29196321964263916,-1.6743199825286865
3875.0,4,>4 kHz,0.009772166609764099,-17.105648040771484,0.5355967283248901,0.04591812193393707,-17.741199493408203
3900.0,0,<300 Hz,5.092682044960384e-07,-59.93609619140625,0.5513380765914917,0.05761309340596199,-15.770458221435547
3900.0,1,300-800 Hz,8.196929002224351e-07,-57.869049072265625,0.539434015750885,0.03370790183544159,-20.426250457763672
3900.0,2,0.8-2 kHz,3.6394735616340768e-06,-51.395172119140625,0.5560339689254761,0.05434364452958107,-16.277908325195312
3900.0,3,2-4 kHz,0.32299432158470154,-1.9136089086532593,0.6413476467132568,0.268841028213501,-2.3909718990325928
3900.0,4,>4 kHz,0.0191742442548275,-14.178375244140625,0.5384024977684021,0.056651122868061066,-15.916711807250977
3925.0,0,<300 Hz,4.951219239046623e-07,-60.05843734741211,0.5513380765914917,0.0576130747795105,-15.770462036132812
3925.0,1,300-800 Hz,8.144476737470541e-07,-57.89692306518555,0.539434015750885,0.033707890659570694,-20.426252365112305
3925.0,2,0.8-2 kHz,3.369762453075964e-06,-51.72956466674805,0.5560338497161865,0.054343268275260925,-16.27796745300293
3925.0,3,2-4 kHz,0.2722129225730896,-2.656470537185669,0.6301130056381226,0.24281437695026398,-3.275394916534424
3925.0,4,>4 kHz,0.034279003739356995,-11.655275344848633,0.5428513288497925,0.07100878655910492,-13.95464038848877
3950.0,0,<300 Hz,4.813923624169547e-07,-60.180564880371094,0.5513380765914917,0.05761304870247841,-15.770464897155762
3950.0,1,300-800 Hz,8.060813456722826e-07,-57.9417724609375,0.539434015750885,0.0337078757584095,-20.426254272460938
3950.0,2,0.8-2 kHz,3.125081093457993e-06,-52.05694580078125,0.5560338497161865,0.05434292554855347,-16.27802276611328
3950.0,3,2-4 kHz,0.2202840894460678,-3.5757265090942383,0.6179942488670349,0.2149963527917862,-4.332261085510254
3950.0,4,>4 kHz,0.05652991309762001,-9.48277473449707,0.5492756366729736,0.088805191218853,-12.012115478515625
3975.0,0,<300 Hz,4.707987955043791e-07,-60.27720642089844,0.5513380765914917,0.05761302262544632,-15.770469665527344
3975.0,1,300-800 Hz,7.893007705206401e-07,-58.03313446044922,0.539434015750885,0.03370784968137741,-20.42626190185547
3975.0,2,0.8-2 kHz,3.1014451451483183e-06,-52.08991622924805,0.5560337901115417,0.05434288829565048,-16.27802848815918
3975.0,3,2-4 kHz,0.1703329086303711,-4.692572116851807,0.6056910157203674,0.1866888701915741,-5.558514595031738
3975.0,4,>4 kHz,0.08683142066001892,-7.618789196014404,0.5577844381332397,0.10970011353492737,-10.176740646362305
4000.0,0,<300 Hz,4.7590484086867946e-07,-60.23035430908203,0.5513380765914917,0.05761304497718811,-15.770465850830078
4000.0,1,300-800 Hz,7.709458031968097e-07,-58.135318756103516,0.539434015750885,0.033707816153764725,-20.426271438598633
4000.0,2,0.8-2 kHz,3.232214339732309e-06,-51.91055679321289,0.5560338497161865,0.054343074560165405,-16.277997970581055
4000.0,3,2-4 kHz,0.12518513202667236,-6.030030250549316,0.5939863920211792,0.1598081737756729,-6.908903121948242
4000.0,4,>4 kHz,0.12520267069339752,-6.029421806335449,0.5681784152984619,0.13412046432495117,-8.430981636047363
4025.0,0,<300 Hz,4.828283408642164e-07,-60.167633056640625,0.5513380765914917,0.057613059878349304,-15.770463943481445
4025.0,1,300-800 Hz,7.698978379266919e-07,-58.14122772216797,0.539434015750885,0.033707816153764725,-20.426271438598633
4025.0,2,0.8-2 kHz,3.3569044717296492e-06,-51.74617004394531,0.5560339093208313,0.05434324964880943,-16.277969360351562
4025.0,3,2-4 kHz,0.08692647516727448,-7.614036560058594,0.5836045742034912,0.1337408572435379,-8.45560073852539
4025.0,4,>4 kHz,0.17057952284812927,-4.686289310455322,0.5799487829208374,0.15849611163139343,-6.980510234832764
4050.0,0,<300 Hz,4.88770865558763e-07,-60.114501953125,0.5513380765914917,0.057613056153059006,-15.770463943481445
4050.0,1,300-800 Hz,7.709927558607887e-07,-58.13505554199219,0.539434015750885,0.033707816153764725,-20.426271438598633
4050.0,2,0.8-2 kHz,3.33152729581343e-06,-51.77912139892578,0.5560338497161865,0.05434321612119675,-16.277976989746094
4050.0,3,2-4 kHz,0.056632790714502335,-9.474878311157227,0.5750657320022583,0.11124411970376968,-10.055341720581055
4050.0,4,>4 kHz,0.22084230184555054,-3.5647354125976562,0.592366099357605,0.18464522063732147,-5.654121398925781
4075.0,0,<300 Hz,4.874141268373933e-07,-60.1265754699707,0.5513380765914917,0.0576130673289299,-15.770462989807129
4075.0,1,300-800 Hz,7.613509751536185e-07,-58.18970489501953,0.539434015750885,0.03370780125260353,-20.426273345947266
4075.0,2,0.8-2 kHz,3.135241740892525e-06,-52.0428466796875,0.5560338497161865,0.05434294044971466,-16.27802085876465
4075.0,3,2-4 kHz,0.03432585299015045,-11.649343490600586,0.5685900449752808,0.09244050085544586,-11.663637161254883
4075.0,4,>4 kHz,0.2730916738510132,-2.642472982406616,0.604627251625061,0.21043410897254944,-4.518560409545898
4100.0,0,<300 Hz,4.5379053403848957e-07,-60.43700408935547,0.5513380765914917,0.05761301890015602,-15.770469665527344
4100.0,1,300-800 Hz,7.723862722741615e-07,-58.12721252441406,0.539434015750885,0.03370781987905502,-20.42626953125
4100.0,2,0.8-2 kHz,2.889775032599573e-06,-52.39691925048828,0.556033730506897,0.0543425977230072,-16.278074264526367
4100.0,3,2-4 kHz,0.019151262938976288,-14.18358325958252,0.5640905499458313,0.07779430598020554,-13.16192626953125
4100.0,4,>4 kHz,0.3241056799888611,-1.8986914157867432,0.6160043478012085,0.23463015258312225,-3.5732059478759766
4125.0,0,<300 Hz,4.4359688899930916e-07,-60.535675048828125,0.5513380169868469,0.057613007724285126,-15.770472526550293
4125.0,1,300-800 Hz,7.39951985906373e-07,-58.31352233886719,0.539434015750885,0.03370776027441025,-20.426284790039062
4125.0,2,0.8-2 kHz,2.813554374370142e-06,-52.513004302978516,0.556033730506897,0.054342493414878845,-16.278091430664062
4125.0,3,2-4 kHz,0.009700660593807697,-17.137544631958008,0.5612488985061646,0.0674196183681488,-14.405156135559082
4125.0,4,>4 kHz,0.37087422609329224,-1.313291311264038,0.6259517669677734,0.25615066289901733,-2.8109729290008545
4150.0,0,<300 Hz,4.47276875092939e-07,-60.499794006347656,0.5513380765914917,0.05761301517486572,-15.770469665527344
4150.0,1,300-800 Hz,7.257547167682787e-07,-58.39765930175781,0.539434015750885,0.03370773792266846,-20.42629051208496
4150.0,2,0.8-2 kHz,2.8987160476390272e-06,-52.38349914550781,0.556033730506897,0.054342612624168396,-16.278072357177734
4150.0,3,2-4 kHz,0.004379947204142809,-20.59086799621582,0.5596355199813843,0.06093357875943184,-15.283748626708984
4150.0,4,>4 kHz,0.41106757521629333,-0.8664255738258362,0.6341531276702881,0.274225652217865,-2.2187211513519287
4175.0,0,<300 Hz,4.52430242603441e-07,-60.450042724609375,0.5513380765914917,0.05761302262544632,-15.770469665527344
4175.0,1,300-800 Hz,7.230587470985483e-07,-58.413818359375,0.539434015750885,0.03370773419737816,-20.426292419433594
4175.0,2,0.8-2 kHz,3.0340420380525757e-06,-52.185340881347656,0.5560337901115417,0.05434279888868332,-16.27804183959961
4175.0,3,2-4 kHz,0.001721125328913331,-24.64743423461914,0.5588256120681763,0.0574554018676281,-15.794265747070312
4175.0,4,>4 kHz,0.4433335065841675,-0.5382521748542786,0.6405161619186401,0.28848937153816223,-1.778286099433899
4200.0,0,<300 Hz,4.588258946114365e-07,-60.38908004760742,0.5513380765914917,0.05761302635073662,-15.770468711853027
4200.0,1,300-800 Hz,7.230735263874521e-07,-58.413734436035156,0.539434015750885,0.03370773047208786,-20.426292419433594
4200.0,2,0.8-2 kHz,3.07528102894139e-06,-52.126708984375,0.5560338497161865,0.054342858493328094,-16.278034210205078
4200.0,3,2-4 kHz,0.0005742664216086268,-29.4144229888916,0.5584754943847656,0.05589603632688522,-16.03326416015625
4200.0,4,>4 kHz,0.467373251914978,-0.308919221162796,0.6451342105865479,0.2989862561225891,-1.4678585529327393
4225.0,0,<300 Hz,4.524742678313487e-07,-60.44961929321289,0.5513380765914917,0.05761301517486572,-15.770469665527344
4225.0,1,300-800 Hz,7.176361691563216e-07,-58.44651794433594,0.5394339561462402,0.03370772302150726,-20.426294326782227
4225.0,2,0.8-2 kHz,2.9476445888576563e-06,-52.31080627441406,0.5560337901115417,0.05434267967939377,-16.278060913085938
4225.0,3,2-4 kHz,0.00016635007341392338,-34.795326232910156,0.5583508014678955,0.05533182993531227,-16.121383666992188
4225.0,4,>4 kHz,0.4838063716888428,-0.15884198248386383,0.6482325196266174,0.3061012923717499,-1.2635797262191772
4250.0,0,<300 Hz,4.3590364384726854e-07,-60.61165237426758,0.5513380765914917,0.05761299654841423,-15.77047348022461
4250.0,1,300-800 Hz,7.11082691395859e-07,-58.486358642578125,0.5394339561462402,0.03370771184563637,-20.42629623413086
4250.0,2,0.8-2 kHz,2.718835958148702e-06,-52.66172790527344,0.556033730506897,0.0543423593044281,-16.278112411499023
4250.0,3,2-4 kHz,5.6209901231341064e-05,-39.50743103027344,0.5583171248435974,0.05517849698662758,-16.145484924316406
4250.0,4,>4 kHz,0.4938982427120209,-0.06918295472860336,0.6501122713088989,0.3104473650455475,-1.1411230564117432
4275.0,0,<300 Hz,4.2220756313327e-07,-60.75029754638672,0.5513380765914917,0.05761297792196274,-15.770475387573242
4275.0,1,300-800 Hz,7.015831329226785e-07,-58.54476547241211,0.5394339561462402,0.033707693219184875,-20.426301956176758
4275.0,2,0.8-2 kHz,2.565202976256842e-06,-52.914337158203125,0.5560336112976074,0.05434214696288109,-16.278146743774414
4275.0,3,2-4 kHz,3.68420805898495e-05,-41.34211730957031,0.5583112239837646,0.05515141040086746,-16.149749755859375
4275.0,4,>4 kHz,0.4992305040359497,-0.02254660055041313,0.6510984897613525,0.3127366304397583,-1.0773078203201294
4300.0,0,<300 Hz,4.2064303329425456e-07,-60.76641845703125,0.5513380765914917,0.05761297419667244,-15.770477294921875
4300.0,1,300-800 Hz,6.864036663500883e-07,-58.6397590637207,0.5394339561462402,0.033707667142152786,-20.42630958557129
4300.0,2,0.8-2 kHz,2.5881072360789403e-06,-52.875732421875,0.5560336709022522,0.054342180490493774,-16.278141021728516
4300.0,3,2-4 kHz,3.407246185815893e-05,-41.681522369384766,0.5583103895187378,0.05514746904373169,-16.150371551513672
4300.0,4,>4 kHz,0.5013967752456665,-0.0037423931062221527,0.6514977216720581,0.3136652410030365,-1.051554799079895
4325.0,0,<300 Hz,4.2768152752614697e-07,-60.69435119628906,0.5513380765914917,0.05761297419667244,-15.770477294921875
4325.0,1,300-800 Hz,6.793426337026176e-07,-58.684669494628906,0.5394339561462402,0.03370765596628189,-20.426311492919922
4325.0,2,0.8-2 kHz,2.7311239136906806e-06,-52.64214324951172,0.556033730506897,0.05434237793087959,-16.27811050415039
4325.0,3,2-4 kHz,3.137284147669561e-05,-42.04001998901367,0.5583095550537109,0.05514364317059517,-16.15097427368164
4325.0,4,>4 kHz,0.5017751455307007,-0.00046623131493106484,0.6515674591064453,0.313827246427536,-1.0470699071884155
4350.0,0,<300 Hz,4.3495379031810444e-07,-60.62112808227539,0.5513380765914917,0.05761299282312393,-15.77047348022461
4350.0,1,300-800 Hz,6.760447490705701e-07,-58.70580291748047,0.5394339561462402,0.03370765224099159,-20.426311492919922
4350.0,2,0.8-2 kHz,2.8241829568287358e-06,-52.49662780761719,0.556033730506897,0.05434250459074974,-16.278091430664062
4350.0,3,2-4 kHz,2.8451911930460483e-05,-42.46444320678711,0.5583087205886841,0.05513952672481537,-16.151622772216797
4350.0,4,>4 kHz,0.5013992190361023,-0.0037211484741419554,0.6514981985092163,0.31366607546806335,-1.0515320301055908
4375.0,0,<300 Hz,4.3151700879207056e-07,-60.65557861328125,0.5513380765914917,0.05761298909783363,-15.770474433898926
4375.0,1,300-800 Hz,6.75838577990362e-07,-58.70712661743164,0.5394339561462402,0.033707648515701294,-20.426313400268555
4375.0,2,0.8-2 kHz,2.752159161900636e-06,-52.60882568359375,0.556033730506897,0.05434240400791168,-16.278106689453125
4375.0,3,2-4 kHz,2.6221900043310598e-05,-42.81891632080078,0.5583080053329468,0.05513638257980347,-16.152116775512695
4375.0,4,>4 kHz,0.5009214282035828,-0.00786169059574604,0.6514102220535278,0.3134612441062927,-1.0572055578231812
4400.0,0,<300 Hz,4.178678523203416e-07,-60.795169830322266,0.5513380765914917,0.05761297047138214,-15.770478248596191
4400.0,1,300-800 Hz,6.733487794008397e-07,-58.72315979003906,0.5394339561462402,0.033707648515701294,-20.426313400268555
4400.0,2,0.8-2 kHz,2.5682745672384044e-06,-52.90914535522461,0.5560336709022522,0.05434215068817139,-16.278146743774414
4400.0,3,2-4 kHz,2.4436934836558066e-05,-43.125091552734375,0.5583074688911438,0.055133868008852005,-16.15251350402832
4400.0,4,>4 kHz,0.5006499290466309,-0.01021625567227602,0.6513601541519165,0.313344806432724,-1.0604326725006104
4425.0,0,<300 Hz,4.039507075503934e-07,-60.9422721862793,0.5513380765914917,0.05761295184493065,-15.77048110961914
4425.0,1,300-800 Hz,6.729822530360252e-07,-58.72552490234375,0.5394339561462402,0.033707648515701294,-20.426313400268555
4425.0,2,0.8-2 kHz,2.388909933870309e-06,-53.22355651855469,0.5560336112976074,0.05434189736843109,-16.278186798095703
4425.0,3,2-4 kHz,2.2982785594649613e-05,-43.39153289794922,0.5583069920539856,0.055131811648607254,-16.1528377532959
4425.0,4,>4 kHz,0.50063157081604,-0.010375572368502617,0.6513568162918091,0.3133368492126465,-1.0606532096862793
4450.0,0,<300 Hz,4.0025304315349786e-07,-60.98221206665039,0.5513380765914917,0.05761294439435005,-15.770482063293457
4450.0,1,300-800 Hz,6.550998250531848e-07,-58.84248352050781,0.5394339561462402,0.03370761498808861,-20.426321029663086
4450.0,2,0.8-2 kHz,2.3729710392217385e-06,-53.25263595581055,0.5560336112976074,0.0543418750166893,-16.27819061279297
4450.0,3,2-4 kHz,2.1933476091362536e-05,-43.594482421875,0.5583066940307617,0.055130328983068466,-16.1530704498291
4450.0,4,>4 kHz,0.5007562041282654,-0.009294458664953709,0.6513797640800476,0.31339025497436523,-1.0591728687286377
4475.0,0,<300 Hz,4.0395670453108323e-07,-60.94221115112305,0.5513380765914917,0.05761295184493065,-15.77048110961914
4475.0,1,300-800 Hz,6.431513952520618e-07,-58.92242431640625,0.5394339561462402,0.03370759263634682,-20.426328659057617
4475.0,2,0.8-2 kHz,2.507037606847007e-06,-53.01395034790039,0.5560336112976074,0.054342061281204224,-16.278160095214844
4475.0,3,2-4 kHz,2.119970667990856e-05,-43.74225997924805,0.5583064556121826,0.0551292821764946,-16.153236389160156
4475.0,4,>4 kHz,0.5008588433265686,-0.008404240012168884,0.6513986587524414,0.3134342432022095,-1.0579540729522705
4500.0,0,<300 Hz,4.094083294603479e-07,-60.88398742675781,0.5513380765914917,0.057612963020801544,-15.770478248596191
4500.0,1,300-800 Hz,6.396925300578005e-07,-58.94584655761719,0.5394339561462402,0.03370758891105652,-20.426328659057617
4500.0,2,0.8-2 kHz,2.6222392079944257e-06,-52.8188362121582,0.5560336709022522,0.054342225193977356,-16.278135299682617
4500.0,3,2-4 kHz,2.0346289602457546e-05,-43.92070770263672,0.5583062171936035,0.055128082633018494,-16.153425216674805
4500.0,4,>4 kHz,0.5008012056350708,-0.008904057554900646,0.6513880491256714,0.3134094774723053,-1.0586400032043457
4525.0,0,<300 Hz,4.116442084978189e-07,-60.86033630371094,0.5513380765914917,0.05761296674609184,-15.770478248596191
4525.0,1,300-800 Hz,6.451465424106573e-07,-58.908973693847656,0.5394339561462402,0.033707600086927414,-20.426326751708984
4525.0,2,0.8-2 kHz,2.597063257780974e-06,-52.86073303222656,0.5560336709022522,0.05434219166636467,-16.278139114379883
4525.0,3,2-4 kHz,1.9063976651523262e-05,-44.20342254638672,0.5583057999610901,0.05512627959251404,-16.153709411621094
4525.0,4,>4 kHz,0.5005220770835876,-0.011325368657708168,0.6513366103172302,0.3132898211479187,-1.0619572401046753
4550.0,0,<300 Hz,4.00625026486523e-07,-60.978179931640625,0.5513380765914917,0.05761294066905975,-15.770482063293457
4550.0,1,300-800 Hz,6.479536409642606e-07,-58.89011764526367,0.5394339561462402,0.033707600086927414,-20.426326751708984
4550.0,2,0.8-2 kHz,2.4413782284682384e-06,-53.12920379638672,0.5560336112976074,0.05434197559952736,-16.278173446655273
4550.0,3,2-4 kHz,1.7598969861865044e-05,-44.55068588256836,0.5583053827285767,0.05512422323226929,-16.154033660888672
4550.0,4,>4 kHz,0.5000521540641785,-0.015404848381876945,0.6512500047683716,0.3130883276462555,-1.0675450563430786
4575.0,0,<300 Hz,4.0247365973300475e-07,-60.95818328857422,0.5513380765914917,0.05761294439435005,-15.770482063293457
4575.0,1,300-800 Hz,6.296477295109071e-07,-59.014583587646484,0.5394339561462402,0.033707570284605026,-20.426332473754883
4575.0,2,0.8-2 kHz,2.2569192879018374e-06,-53.47039794921875,0.5560336112976074,0.054341718554496765,-16.278215408325195
4575.0,3,2-4 kHz,1.6544492609682493e-05,-44.81902313232422,0.558305025100708,0.0551227442920208,-16.154266357421875
4575.0,4,>4 kHz,0.4994966983795166,-0.020231634378433228,0.6511476039886475,0.31285014748573303,-1.074155330657959
4600.0,0,<300 Hz,3.788782123592682e-07,-61.220558166503906,0.5513380169868469,0.05761291831731796,-15.770484924316406
4600.0,1,300-800 Hz,6.274542556639062e-07,-59.02973556518555,0.5394339561462402,0.03370756655931473,-20.426334381103516
4600.0,2,0.8-2 kHz,2.1931871287961258e-06,-53.59479904174805,0.5560335516929626,0.054341625422239304,-16.278230667114258
4600.0,3,2-4 kHz,1.623810203454923e-05,-44.900203704833984,0.5583049058914185,0.055122312158346176,-16.154335021972656
4600.0,4,>4 kHz,0.49899858236312866,-0.02456471510231495,0.6510556936264038,0.31263646483421326,-1.0800904035568237
4625.0,0,<300 Hz,3.793829819187522e-07,-61.21478271484375,0.5513380169868469,0.057612910866737366,-15.770486831665039
4625.0,1,300-800 Hz,6.233579483705398e-07,-59.05818557739258,0.5394339561462402,0.03370755910873413,-20.426334381103516
4625.0,2,0.8-2 kHz,2.2602132503379835e-06,-53.46406555175781,0.5560336112976074,0.054341722279787064,-16.278213500976562
4625.0,3,2-4 kHz,1.6373543985537253e-05,-44.86412811279297,0.558305025100708,0.0551224946975708,-16.15430450439453
4625.0,4,>4 kHz,0.49869245290756226,-0.027229730039834976,0.6509991884231567,0.3125050961971283,-1.0837407112121582
4650.0,0,<300 Hz,3.9218531355800224e-07,-61.070640563964844,0.5513380169868469,0.05761292949318886,-15.770483016967773
4650.0,1,300-800 Hz,6.062484771973686e-07,-59.179054260253906,0.5394339561462402,0.03370752930641174,-20.426345825195312
4650.0,2,0.8-2 kHz,2.3984271138033364e-06,-53.20629119873047,0.5560336112976074,0.054341912269592285,-16.27818489074707
4650.0,3,2-4 kHz,1.6238722309935838e-05,-44.90003967285156,0.5583049654960632,0.05512230098247528,-16.154335021972656
4650.0,4,>4 kHz,0.4986654222011566,-0.02746521681547165,0.6509941816329956,0.3124934732913971,-1.0840638875961304
4675.0,0,<300 Hz,3.9099944615372806e-07,-61.083797454833984,0.5513380169868469,0.057612936943769455,-15.770483016967773
4675.0,1,300-800 Hz,6.08201617069426e-07,-59.16508102416992,0.5394339561462402,0.03370753303170204,-20.426342010498047
4675.0,2,0.8-2 kHz,2.448000259391847e-06,-53.1174430847168,0.5560336112976074,0.054341986775398254,-16.278173446655273
4675.0,3,2-4 kHz,1.5366531442850828e-05,-45.139801025390625,0.5583046674728394,0.05512107536196709,-16.154529571533203
4675.0,4,>4 kHz,0.49893319606781006,-0.025133829563856125,0.6510435938835144,0.3126083314418793,-1.0808719396591187
4700.0,0,<300 Hz,3.853779730889073e-07,-61.146690368652344,0.5513380169868469,0.05761292204260826,-15.770484924316406
4700.0,1,300-800 Hz,6.068790980862104e-07,-59.174537658691406,0.5394339561462402,0.03370752930641174,-20.426345825195312
4700.0,2,0.8-2 kHz,2.3425106974173104e-06,-53.308746337890625,0.5560336112976074,0.05434183031320572,-16.2781982421875
4700.0,3,2-4 kHz,1.4004090189700946e-05,-45.543006896972656,0.5583042502403259,0.05511917173862457,-16.154829025268555
4700.0,4,>4 kHz,0.49943602085113525,-0.020759087055921555,0.6511363983154297,0.312824010848999,-1.0748811960220337
4725.0,0,<300 Hz,3.721335986028862e-07,-61.29856872558594,0.5513380169868469,0.05761290341615677,-15.770487785339355
4725.0,1,300-800 Hz,6.038415563125454e-07,-59.196327209472656,0.5394339561462402,0.033707521855831146,-20.426347732543945
4725.0,2,0.8-2 kHz,2.1587206902040634e-06,-53.66359329223633,0.5560335516929626,0.05434158071875572,-16.278236389160156
4725.0,3,2-4 kHz,1.2890941434307024e-05,-45.9027099609375,0.558303952217102,0.055117614567279816,-16.155073165893555
4725.0,4,>4 kHz,0.5000548362731934,-0.015381468459963799,0.6512504816055298,0.3130893409252167,-1.0675169229507446
4750.0,0,<300 Hz,3.620339157350827e-07,-61.418067932128906,0.5513380169868469,0.057612884789705276,-15.770490646362305
4750.0,1,300-800 Hz,5.944999657003791e-07,-59.2640380859375,0.5394339561462402,0.03370751067996025,-20.426349639892578
4750.0,2,0.8-2 kHz,2.0514000880211825e-06,-53.88505554199219,0.5560334920883179,0.054341427981853485,-16.278263092041016
4750.0,3,2-4 kHz,1.253408845514059e-05,-46.02463150024414,0.5583038330078125,0.055117107927799225,-16.155153274536133
4750.0,4,>4 kHz,0.5006422996520996,-0.010282420553267002,0.6513587832450867,0.3133411407470703,-1.0605344772338867
4775.0,0,<300 Hz,3.6094257893637405e-07,-61.431175231933594,0.5513380169868469,0.05761289596557617,-15.770488739013672
4775.0,1,300-800 Hz,5.840979611093644e-07,-59.340702056884766,0.5394339561462402,0.03370749205350876,-20.426353454589844
4775.0,2,0.8-2 kHz,2.081130787701113e-06,-53.82256317138672,0.5560334920883179,0.05434146896004677,-16.278255462646484
4775.0,3,2-4 kHz,1.2784317732439376e-05,-45.93878173828125,0.5583038926124573,0.05511745810508728,-16.15509796142578
4775.0,4,>4 kHz,0.5010594129562378,-0.00666557252407074,0.6514356136322021,0.3135199248790741,-1.055579662322998
4800.0,0,<300 Hz,3.674169875012012e-07,-61.353965759277344,0.5513380169868469,0.05761289596557617,-15.770488739013672
4800.0,1,300-800 Hz,5.796251798528829e-07,-59.37408447265625,0.5394339561462402,0.03370748460292816,-20.42635726928711
4800.0,2,0.8-2 kHz,2.2042875116312644e-06,-53.5728759765625,0.5560335516929626,0.054341644048690796,-16.278226852416992
4800.0,3,2-4 kHz,1.3018523532082327e-05,-45.85994338989258,0.558303952217102,0.05511777848005295,-16.155048370361328
4800.0,4,>4 kHz,0.5012104511260986,-0.005356520414352417,0.651463508605957,0.3135846257209778,-1.053787350654602
4825.0,0,<300 Hz,3.739039300398872e-07,-61.277957916259766,0.5513380169868469,0.05761290341615677,-15.770487785339355
4825.0,1,300-800 Hz,5.806574563393951e-07,-59.36635971069336,0.5394339561462402,0.03370748460292816,-20.42635726928711
4825.0,2,0.8-2 kHz,2.2919980438018683e-06,-53.40341567993164,0.5560336112976074,0.05434176325798035,-16.278207778930664
4825.0,3,2-4 kHz,1.2664620044233743e-05,-45.979637145996094,0.5583038330078125,0.055117279291152954,-16.155126571655273
4825.0,4,>4 kHz,0.501064658164978,-0.006620202213525772,0.6514366269111633,0.3135221600532532,-1.0555182695388794
4850.0,0,<300 Hz,3.7314202927518636e-07,-61.28681564331055,0.5513380169868469,0.057612910866737366,-15.770486831665039
4850.0,1,300-800 Hz,5.821573267894564e-07,-59.35515594482422,0.5394339561462402,0.03370748832821846,-20.426353454589844
4850.0,2,0.8-2 kHz,2.250327725050738e-06,-53.48310089111328,0.5560335516929626,0.05434170365333557,-16.278217315673828
4850.0,3,2-4 kHz,1.1652816283458378e-05,-46.34124755859375,0.5583035349845886,0.055115871131420135,-16.155349731445312
4850.0,4,>4 kHz,0.5006631016731262,-0.010101831518113613,0.6513626575469971,0.31335002183914185,-1.0602881908416748
4875.0,0,<300 Hz,3.602815468184417e-07,-61.43913650512695,0.5513380169868469,0.05761289596557617,-15.770488739013672
4875.0,1,300-800 Hz,5.765588753092743e-07,-59.39712142944336,0.5394339561462402,0.033707477152347565,-20.426359176635742
4875.0,2,0.8-2 kHz,2.1362891402532114e-06,-53.70895767211914,0.5560334920883179,0.05434154346585274,-16.278244018554688
4875.0,3,2-4 kHz,1.0585687050479464e-05,-46.758365631103516,0.5583032369613647,0.05511438101530075,-16.15558433532715
4875.0,4,>4 kHz,0.5001062154769897,-0.01493519265204668,0.6512599587440491,0.313111275434494,-1.0669087171554565
4900.0,0,<300 Hz,3.4913219337795454e-07,-61.575660705566406,0.5513380169868469,0.05761288106441498,-15.770491600036621
4900.0,1,300-800 Hz,5.715577344744815e-07,-59.434959411621094,0.5394339561462402,0.03370746970176697,-20.426359176635742
4900.0,2,0.8-2 kHz,1.9900901406799676e-06,-54.01683044433594,0.5560334920883179,0.05434134602546692,-16.278274536132812
4900.0,3,2-4 kHz,1.0100102372234687e-05,-46.96229934692383,0.5583030581474304,0.055113695561885834,-16.15569305419922
4900.0,4,>4 kHz,0.49952852725982666,-0.019954930990934372,0.6511534452438354,0.3128635883331299,-1.0737820863723755
4925.0,0,<300 Hz,3.5624256611299643e-07,-61.48809814453125,0.5513380169868469,0.05761289224028587,-15.770490646362305
4925.0,1,300-800 Hz,5.857527867192402e-07,-59.32841491699219,0.5394339561462402,0.03370749205350876,-20.426353454589844
4925.0,2,0.8-2 kHz,1.9503293060552096e-06,-54.10447692871094,0.5560334920883179,0.054341282695531845,-16.278284072875977
4925.0,3,2-4 kHz,1.028620135912206e-05,-46.88300704956055,0.5583031177520752,0.055113956332206726,-16.155651092529297
4925.0,4,>4 kHz,0.4990660548210144,-0.023977454751729965,0.6510680913925171,0.312665194272995,-1.0792919397354126
4950.0,0,<300 Hz,3.7202437397354515e-07,-61.299842834472656,0.5513380169868469,0.05761290714144707,-15.770487785339355
4950.0,1,300-800 Hz,5.584352038567886e-07,-59.53582763671875,0.5394339561462402,0.03370744735002518,-20.426366806030273
4950.0,2,0.8-2 kHz,2.0485247205215273e-06,-53.891143798828125,0.5560334920883179,0.054341427981853485,-16.278263092041016
4950.0,3,2-4 kHz,1.0697944162529893e-05,-46.712554931640625,0.5583032369613647,0.05511452257633209,-16.155563354492188
4950.0,4,>4 kHz,0.4988236427307129,-0.026087380945682526,0.6510233879089355,0.3125612139701843,-1.0821813344955444
4975.0,0,<300 Hz,3.6170013117953204e-07,-61.42207336425781,0.5513380169868469,0.05761289224028587,-15.770490646362305
4975.0,1,300-800 Hz,5.598826646746602e-07,-59.52458953857422,0.5394339561462402,0.033707451075315475,-20.42636489868164
4975.0,2,0.8-2 kHz,2.1615928744722623e-06,-53.65781784057617,0.5560334920883179,0.05434158444404602,-16.278236389160156
4975.0,3,2-4 kHz,1.070036341843661e-05,-46.71157455444336,0.5583032369613647,0.05511452257633209,-16.155563354492188
4975.0,4,>4 kHz,0.49885183572769165,-0.025842074304819107,0.651028573513031,0.31257331371307373,-1.081844687461853
5000.0,0,<300 Hz,3.570247031348117e-07,-61.47857666015625,0.5513380169868469,0.057612888514995575,-15.770490646362305
5000.0,1,300-800 Hz,5.641181815008167e-07,-59.491859436035156,0.5394339561462402,0.03370745852589607,-20.42636489868164
5000.0,2,0.8-2 kHz,2.1554124032263644e-06,-53.67025375366211,0.5560334920883179,0.05434156954288483,-16.278240203857422
5000.0,3,2-4 kHz,1.0088675480801612e-05,-46.96721649169922,0.5583031177520752,0.05511367693543434,-16.15569496154785
5000.0,4,>4 kHz,0.499136745929718,-0.023362427949905396,0.6510812044143677,0.31269553303718567,-1.078449010848999
5025.0,0,<300 Hz,3.4799379022842913e-07,-61.58984375,0.5513380169868469,0.057612866163253784,-15.770492553710938
5025.0,1,300-800 Hz,5.515053658200486e-07,-59.590057373046875,0.5394339561462402,0.03370743244886398,-20.426368713378906
5025.0,2,0.8-2 kHz,2.0577217583195306e-06,-53.8716926574707,0.5560334920883179,0.05434143915772438,-16.278261184692383
5025.0,3,2-4 kHz,9.15055352379568e-06,-47.39108657836914,0.5583027601242065,0.05511236935853958,-16.155900955200195
5025.0,4,>4 kHz,0.4996050298213959,-0.019289769232273102,0.6511675119400024,0.3128963112831116,-1.0728740692138672
5050.0,0,<300 Hz,3.366575072050182e-07,-61.733673095703125,0.5513380169868469,0.05761285126209259,-15.77049446105957
5050.0,1,300-800 Hz,5.470879500535375e-07,-59.62498474121094,0.5394339561462402,0.033707428723573685,-20.42637062072754
5050.0,2,0.8-2 kHz,1.9192209492757684e-06,-54.17430877685547,0.5560334920883179,0.05434124544262886,-16.278289794921875
5050.0,3,2-4 kHz,8.49204388941871e-06,-47.71543502807617,0.5583025217056274,0.05511144548654556,-16.15604591369629
5050.0,4,>4 kHz,0.5001426935195923,-0.014618566259741783,0.6512666940689087,0.31312689185142517,-1.0664756298065186
5075.0,0,<300 Hz,3.3015379585776827e-07,-61.81839370727539,0.5513379573822021,0.05761284381151199,-15.77049732208252
5075.0,1,300-800 Hz,5.373756835069798e-07,-59.70277786254883,0.5394339561462402,0.03370741009712219,-20.426376342773438
5075.0,2,0.8-2 kHz,1.8433918285154505e-06,-54.34938049316406,0.5560333728790283,0.054341137409210205,-16.278308868408203
5075.0,3,2-4 kHz,8.49212119646836e-06,-47.715396881103516,0.5583025217056274,0.055111441761255264,-16.156047821044922
5075.0,4,>4 kHz,0.5006225109100342,-0.010453936643898487,0.6513551473617554,0.31333261728286743,-1.060770869255066
5100.0,0,<300 Hz,3.384178342002997e-07,-61.71102523803711,0.5513380169868469,0.05761285871267319,-15.77049446105957
5100.0,1,300-800 Hz,5.347086471374496e-07,-59.724388122558594,0.5394339561462402,0.033707406371831894,-20.426376342773438
5100.0,2,0.8-2 kHz,1.9042120129597606e-06,-54.208404541015625,0.5560334920883179,0.05434122309088707,-16.278295516967773
5100.0,3,2-4 kHz,8.879429515218362e-06,-47.521705627441406,0.5583027005195618,0.05511198192834854,-16.155961990356445
5100.0,4,>4 kHz,0.5009347200393677,-0.007746550254523754,0.6514127254486084,0.3134663999080658,-1.0570628643035889
5125.0,0,<300 Hz,3.38092235097065e-07,-61.715206146240234,0.5513380169868469,0.057612866163253784,-15.770492553710938
5125.0,1,300-800 Hz,5.31160480932158e-07,-59.753299713134766,0.5394339561462402,0.0337073989212513,-20.42637825012207
5125.0,2,0.8-2 kHz,2.0196398509142455e-06,-53.95281982421875,0.5560334920883179,0.054341383278369904,-16.278268814086914
5125.0,3,2-4 kHz,9.113043233810458e-06,-47.4089241027832,0.5583027601242065,0.055112309753894806,-16.15591049194336
5125.0,4,>4 kHz,0.5010113716125488,-0.007081959396600723,0.6514267921447754,0.31349921226501465,-1.056153655052185
5150.0,0,<300 Hz,3.446266134687903e-07,-61.63207244873047,0.5513380169868469,0.05761287361383438,-15.770492553710938
5150.0,1,300-800 Hz,5.320292757460265e-07,-59.7462043762207,0.5394339561462402,0.033707402646541595,-20.42637825012207
5150.0,2,0.8-2 kHz,2.064830368908588e-06,-53.85671615600586,0.5560334920883179,0.05434144660830498,-16.27825927734375
5150.0,3,2-4 kHz,8.805997822491918e-06,-47.55777359008789,0.5583027005195618,0.05511188134551048,-16.15597915649414
5150.0,4,>4 kHz,0.5008416175842285,-0.008553635329008102,0.6513954997062683,0.31342649459838867,-1.058168649673462
5175.0,0,<300 Hz,3.3754281503206585e-07,-61.722267150878906,0.5513380169868469,0.057612862437963486,-15.770493507385254
5175.0,1,300-800 Hz,5.303047601046273e-07,-59.76030349731445,0.5394339561462402,0.0337073989212513,-20.42637825012207
5175.0,2,0.8-2 kHz,1.9833867099805502e-06,-54.0314826965332,0.5560334920883179,0.054341334849596024,-16.278276443481445
5175.0,3,2-4 kHz,8.06661046226509e-06,-47.93864822387695,0.5583024621009827,0.05511084571480751,-16.15614128112793
5175.0,4,>4 kHz,0.5004724264144897,-0.011756219901144505,0.6513274908065796,0.3132682144641876,-1.0625563859939575
5200.0,0,<300 Hz,3.2527495363865455e-07,-61.883052825927734,0.5513380169868469,0.05761284381151199,-15.77049732208252
5200.0,1,300-800 Hz,5.247918579698307e-07,-59.805686950683594,0.5394339561462402,0.0337073877453804,-20.426380157470703
5200.0,2,0.8-2 kHz,1.8409255062579177e-06,-54.35519790649414,0.5560334324836731,0.054341137409210205,-16.278308868408203
5200.0,3,2-4 kHz,7.402084520435892e-06,-48.312015533447266,0.5583022236824036,0.05510991811752319,-16.156288146972656
5200.0,4,>4 kHz,0.49999576807022095,-0.015894560143351555,0.6512395739555359,0.3130638599395752,-1.0682241916656494
5225.0,0,<300 Hz,3.1639993380849774e-07,-62.00319290161133,0.5513379573822021,0.057612814009189606,-15.770501136779785
5225.0,1,300-800 Hz,5.263066213956336e-07,-59.79316711425781,0.5394339561462402,0.0337073914706707,-20.426380157470703
5225.0,2,0.8-2 kHz,1.7446934634790523e-06,-54.58836364746094,0.5560333728790283,0.05434100329875946,-16.278329849243164
5225.0,3,2-4 kHz,7.209392606455367e-06,-48.426570892333984,0.5583021640777588,0.055109649896621704,-16.156330108642578
5225.0,4,>4 kHz,0.49952590465545654,-0.01997755654156208,0.6511529684066772,0.3128623366355896,-1.073817253112793
5250.0,0,<300 Hz,3.171280411606858e-07,-61.99321365356445,0.5513380169868469,0.0576128289103508,-15.770500183105469
5250.0,1,300-800 Hz,5.126975111124921e-07,-59.906944274902344,0.5394339561462402,0.03370736539363861,-20.426387786865234
5250.0,2,0.8-2 kHz,1.7927611679624533e-06,-54.470333099365234,0.5560333728790283,0.05434107035398483,-16.278318405151367
5250.0,3,2-4 kHz,7.504481800424401e-06,-48.252349853515625,0.5583022832870483,0.055110059678554535,-16.156265258789062
5250.0,4,>4 kHz,0.4991722106933594,-0.02305377461016178,0.6510877013206482,0.31271061301231384,-1.0780305862426758
5275.0,0,<300 Hz,3.229082494726754e-07,-61.91476821899414,0.5513380169868469,0.05761285126209259,-15.77049446105957
5275.0,1,300-800 Hz,5.027988549954898e-07,-59.991615295410156,0.5394339561462402,0.03370735049247742,-20.426389694213867
5275.0,2,0.8-2 kHz,1.8905178649220034e-06,-54.239749908447266,0.5560334920883179,0.05434120446443558,-16.278297424316406
5275.0,3,2-4 kHz,7.88360648584785e-06,-48.038307189941406,0.5583024024963379,0.055110588669776917,-16.15618133544922
5275.0,4,>4 kHz,0.4990138113498688,-0.024432208389043808,0.6510584950447083,0.31264281272888184,-1.0799139738082886
5300.0,0,<300 Hz,3.251625457778573e-07,-61.884552001953125,0.5513380169868469,0.05761285126209259,-15.77049446105957
5300.0,1,300-800 Hz,5.129716100782389e-07,-59.904624938964844,0.5394339561462402,0.03370736539363861,-20.426387786865234
5300.0,2,0.8-2 kHz,1.9471085579425562e-06,-54.111656188964844,0.5560334920883179,0.054341282695531845,-16.278284072875977
5300.0,3,2-4 kHz,7.854856448830105e-06,-48.054176330566406,0.5583024024963379,0.055110543966293335,-16.15618896484375
5300.0,4,>4 kHz,0.49908220767974854,-0.023836899548768997,0.6510711312294006,0.312671959400177,-1.0791044235229492
5325.0,0,<300 Hz,3.244861375151231e-07,-61.89359664916992,0.5513380169868469,0.0576128251850605,-15.770500183105469
5325.0,1,300-800 Hz,5.117187811265467e-07,-59.91524124145508,0.5394339561462402,0.03370736539363861,-20.426387786865234
5325.0,2,0.8-2 kHz,1.9251774574513547e-06,-54.160850524902344,0.5560334920883179,0.05434125289320946,-16.278289794921875
5325.0,3,2-4 kHz,7.334964266192401e-06,-48.35157775878906,0.5583022236824036,0.05510982125997543,-16.15630340576172
5325.0,4,>4 kHz,0.4993555545806885,-0.021459070965647697,0.6511215567588806,0.3127887547016144,-1.0758603811264038
5350.0,0,<300 Hz,3.1844697900851315e-07,-61.975189208984375,0.5513380169868469,0.0576128326356411,-15.770498275756836
5350.0,1,300-800 Hz,5.071831878922239e-07,-59.95391082763672,0.5394339561462402,0.033707357943058014,-20.426387786865234
5350.0,2,0.8-2 kHz,1.7937927623279393e-06,-54.46783447265625,0.5560334324836731,0.05434107035398483,-16.278318405151367
5350.0,3,2-4 kHz,6.6960174081032164e-06,-48.74739074707031,0.5583020448684692,0.0551089271903038,-16.156442642211914
5350.0,4,>4 kHz,0.49976471066474915,-0.01790204830467701,0.6511970162391663,0.3129649758338928,-1.0709681510925293
5375.0,0,<300 Hz,3.068426792651735e-07,-62.13640213012695,0.5513379573822021,0.0576128251850605,-15.770500183105469
5375.0,1,300-800 Hz,5.046877049608156e-07,-59.97532653808594,0.5394339561462402,0.03370735049247742,-20.426389694213867
5375.0,2,0.8-2 kHz,1.700005213933764e-06,-54.70105743408203,0.5560333728790283,0.05434093624353409,-16.27834129333496
5375.0,3,2-4 kHz,6.349986506393179e-06,-48.97782897949219,0.5583019256591797,0.055108442902565,-16.156518936157227
5375.0,4,>4 kHz,0.5002110600471497,-0.014024859294295311,0.6512793302536011,0.3131561279296875,-1.065664291381836
5400.0,0,<300 Hz,3.055475872315583e-07,-62.15476989746094,0.5513379573822021,0.0576128214597702,-15.770500183105469
5400.0,1,300-800 Hz,5.057610792391642e-07,-59.966102600097656,0.5394339561462402,0.033707354217767715,-20.426389694213867
5400.0,2,0.8-2 kHz,1.6767073702794733e-06,-54.760986328125,0.5560333728790283,0.0543409064412117,-16.278345108032227
5400.0,3,2-4 kHz,6.4859182202781085e-06,-48.885841369628906,0.5583019256591797,0.055108632892370224,-16.156490325927734
5400.0,4,>4 kHz,0.5005897283554077,-0.010738339275121689,0.6513490676879883,0.3133184015750885,-1.0611644983291626
5425.0,0,<300 Hz,3.10043162699003e-07,-62.09133529663086,0.5513380169868469,0.0576128289103508,-15.770500183105469
5425.0,1,300-800 Hz,5.008081416235655e-07,-60.008846282958984,0.5394339561462402,0.03370734304189682,-20.4263916015625
5425.0,2,0.8-2 kHz,1.7742493128025671e-06,-54.515411376953125,0.5560334324836731,0.054341040551662445,-16.278324127197266
5425.0,3,2-4 kHz,6.8515519160428084e-06,-48.647666931152344,0.5583020448684692,0.05510914325714111,-16.156410217285156
5425.0,4,>4 kHz,0.5008141398429871,-0.008792002685368061,0.6513904333114624,0.3134147524833679,-1.0584938526153564
5450.0,0,<300 Hz,3.1845428338783677e-07,-61.97509002685547,0.5513380169868469,0.0576128251850605,-15.770500183105469
5450.0,1,300-800 Hz,4.895711640529044e-07,-60.107398986816406,0.5394339561462402,0.03370732441544533,-20.4263973236084
5450.0,2,0.8-2 kHz,1.870365622380632e-06,-54.286293029785156,0.5560334920883179,0.05434117466211319,-16.278303146362305
5450.0,3,2-4 kHz,6.976087206567172e-06,-48.56944274902344,0.558302104473114,0.05510931462049484,-16.156383514404297
5450.0,4,>4 kHz,0.5008358955383301,-0.008603434078395367,0.6513944864273071,0.3134239912033081,-1.0582382678985596
5475.0,0,<300 Hz,3.1760498586663743e-07,-61.98668670654297,0.5513380169868469,0.0576128326356411,-15.770498275756836
5475.0,1,300-800 Hz,4.92625190418039e-07,-60.08039093017578,0.5394339561462402,0.033707328140735626,-20.4263973236084
5475.0,2,0.8-2 kHz,1.8901848761743167e-06,-54.24051284790039,0.5560334920883179,0.05434120446443558,-16.278297424316406
5475.0,3,2-4 kHz,6.689729161735158e-06,-48.75147247314453,0.5583020448684692,0.055108919739723206,-16.15644645690918
5475.0,4,>4 kHz,0.5006551742553711,-0.0101705901324749,0.6513611078262329,0.3133465051651001,-1.0603859424591064
5500.0,0,<300 Hz,3.083350179622357e-07,-62.11532974243164,0.5513380169868469,0.0576128289103508,-15.770500183105469
5500.0,1,300-800 Hz,4.920780725115037e-07,-60.0852165222168,0.5394339561462402,0.033707328140735626,-20.4263973236084
5500.0,2,0.8-2 kHz,1.7944355477084173e-06,-54.46628189086914,0.5560333728790283,0.05434107035398483,-16.278318405151367
5500.0,3,2-4 kHz,6.096534889366012e-06,-49.15472412109375,0.5583018064498901,0.05510809272527695,-16.156574249267578
5500.0,4,>4 kHz,0.5003194808959961,-0.013083559460937977,0.6512992978096008,0.3132026195526123,-1.0643749237060547
5525.0,0,<300 Hz,3.0028735409359797e-07,-62.230186462402344,0.5513380169868469,0.057612814009189606,-15.770501136779785
5525.0,1,300-800 Hz,4.844487762056815e-07,-60.153079986572266,0.5394339561462402,0.03370731696486473,-20.42639923095703
5525.0,2,0.8-2 kHz,1.6747487734392053e-06,-54.76605987548828,0.5560333728790283,0.054340898990631104,-16.27834701538086
5525.0,3,2-4 kHz,5.70237261854345e-06,-49.44499969482422,0.5583017468452454,0.055107541382312775,-16.156661987304688
5525.0,4,>4 kHz,0.4999108910560608,-0.016631700098514557,0.6512239575386047,0.3130274713039398,-1.0692335367202759
5550.0,0,<300 Hz,2.967702812384232e-07,-62.28135681152344,0.5513380169868469,0.05761280655860901,-15.770502090454102
5550.0,1,300-800 Hz,5.08261280174338e-07,-59.94468688964844,0.5394339561462402,0.033707357943058014,-20.426387786865234
5550.0,2,0.8-2 kHz,1.6070305264292983e-06,-54.945316314697266,0.5560333728790283,0.05434080958366394,-16.27836036682129
5550.0,3,2-4 kHz,5.654298547597136e-06,-49.48176956176758,0.5583017468452454,0.0551074743270874,-16.156673431396484
5550.0,4,>4 kHz,0.4995267987251282,-0.019969753921031952,0.6511531472206116,0.312862753868103,-1.073805570602417
5575.0,0,<300 Hz,3.2462509125252836e-07,-61.89173889160156,0.5513380169868469,0.057612840086221695,-15.77049732208252
5575.0,1,300-800 Hz,4.886985607299721e-07,-60.11514663696289,0.5394339561462402,0.03370732441544533,-20.4263973236084
5575.0,2,0.8-2 kHz,1.6611866158200428e-06,-54.80137252807617,0.5560333728790283,0.05434088408946991,-16.278348922729492
5575.0,3,2-4 kHz,5.9956710174446926e-06,-49.22718048095703,0.5583018064498901,0.05510794371366501,-16.156599044799805
5575.0,4,>4 kHz,0.4992561340332031,-0.0223236083984375,0.651103138923645,0.31274664402008057,-1.0770294666290283
5600.0,0,<300 Hz,3.090518987391988e-07,-62.105247497558594,0.5513380169868469,0.0576128289103508,-15.770500183105469
5600.0,1,300-800 Hz,4.834665787711856e-07,-60.16189193725586,0.5394339561462402,0.03370731323957443,-20.42639923095703
5600.0,2,0.8-2 kHz,1.7621071037865477e-06,-54.54523468017578,0.5560333728790283,0.05434102565050125,-16.2783260345459
5600.0,3,2-4 kHz,6.252343155210838e-06,-49.045127868652344,0.5583018660545349,0.05510830134153366,-16.15654182434082
5600.0,4,>4 kHz,0.49915945529937744,-0.023164896294474602,0.651085376739502,0.31270521879196167,-1.078179955482483
5625.0,0,<300 Hz,3.10351083498972e-07,-62.0870246887207,0.5513380169868469,0.0576128289103508,-15.770500183105469
5625.0,1,300-800 Hz,4.919065190733818e-07,-60.08673095703125,0.5394339561462402,0.033707328140735626,-20.4263973236084
5625.0,2,0.8-2 kHz,1.7941456462722272e-06,-54.46697998046875,0.5560334324836731,0.05434107035398483,-16.278318405151367
5625.0,3,2-4 kHz,6.1797318267053925e-06,-49.09585952758789,0.5583018660545349,0.0551082007586956,-16.156557083129883
5625.0,4,>4 kHz,0.49925535917282104,-0.022330375388264656,0.6511030197143555,0.3127462863922119,-1.077039361000061
5650.0,0,<300 Hz,3.0308763143693795e-07,-62.18987274169922,0.5513380169868469,0.0576128326356411,-15.770498275756836
5650.0,1,300-800 Hz,4.743684485220001e-07,-60.24440002441406,0.5394339561462402,0.03370730206370354,-20.426403045654297
5650.0,2,0.8-2 kHz,1.7455337228966528e-06,-54.58627700805664,0.5560333728790283,0.05434099957346916,-16.278329849243164
5650.0,3,2-4 kHz,5.721693469240563e-06,-49.43031311035156,0.5583017468452454,0.055107563734054565,-16.156658172607422
5650.0,4,>4 kHz,0.4995171129703522,-0.020054012537002563,0.6511512994766235,0.31285858154296875,-1.07392156124115
5675.0,0,<300 Hz,3.0114989613139187e-07,-62.21773147583008,0.5513380169868469,0.05761279910802841,-15.770503044128418
5675.0,1,300-800 Hz,4.686265242526133e-07,-60.29728698730469,0.5394339561462402,0.03370729088783264,-20.426406860351562
5675.0,2,0.8-2 kHz,1.640204686736979e-06,-54.85657501220703,0.5560333728790283,0.05434085428714752,-16.278352737426758
5675.0,3,2-4 kHz,5.254272764432244e-06,-49.80043029785156,0.558301568031311,0.055106908082962036,-16.156761169433594
5675.0,4,>4 kHz,0.4998801648616791,-0.016898836940526962,0.6512182950973511,0.3130142390727997,-1.0696007013320923
5700.0,0,<300 Hz,2.8807602348024375e-07,-62.41048812866211,0.5513379573822021,0.05761278420686722,-15.770505905151367
5700.0,1,300-800 Hz,4.6318928070832044e-07,-60.34797286987305,0.5394339561462402,0.033707279711961746,-20.426408767700195
5700.0,2,0.8-2 kHz,1.5601393670294783e-06,-55.07392501831055,0.5560333728790283,0.05434074252843857,-16.278371810913086
5700.0,3,2-4 kHz,5.091894763609162e-06,-49.93675994873047,0.5583015084266663,0.05510668084025383,-16.156797409057617
5700.0,4,>4 kHz,0.5002575516700745,-0.013621308840811253,0.6512879133224487,0.31317606568336487,-1.065111756324768
5725.0,0,<300 Hz,2.8600760515473667e-07,-62.4417839050293,0.5513379573822021,0.05761277675628662,-15.770506858825684
5725.0,1,300-800 Hz,4.6138643483573105e-07,-60.36491012573242,0.5394339561462402,0.03370727598667145,-20.426408767700195
5725.0,2,0.8-2 kHz,1.5855470110182068e-06,-55.00376892089844,0.5560333728790283,0.054340776056051254,-16.278366088867188
5725.0,3,2-4 kHz,5.318385774444323e-06,-49.74775695800781,0.558301568031311,0.0551069974899292,-16.156747817993164
5725.0,4,>4 kHz,0.500560998916626,-0.010987726040184498,0.651343822479248,0.31330612301826477,-1.0615049600601196
5750.0,0,<300 Hz,2.9338755780372594e-07,-62.33114242553711,0.5513380169868469,0.05761280655860901,-15.770502090454102
5750.0,1,300-800 Hz,4.580110157803574e-07,-60.39680099487305,0.5394339561462402,0.03370727598667145,-20.426408767700195
5750.0,2,0.8-2 kHz,1.6925343970797257e-06,-54.720184326171875,0.5560333728790283,0.05434092879295349,-16.27834129333496
5750.0,3,2-4 kHz,5.614763722405769e-06,-49.512245178222656,0.5583016872406006,0.05510741472244263,-16.156681060791016
5750.0,4,>4 kHz,0.5007209777832031,-0.00959980022162199,0.6513732671737671,0.31337469816207886,-1.0596044063568115
5775.0,0,<300 Hz,2.992009626723302e-07,-62.24592590332031,0.5513380169868469,0.057612814009189606,-15.770501136779785
5775.0,1,300-800 Hz,4.5874804754930665e-07,-60.38981628417969,0.5394339561462402,0.03370727598667145,-20.426408767700195
5775.0,2,0.8-2 kHz,1.7679584516372415e-06,-54.53083419799805,0.5560334324836731,0.05434103682637215,-16.278324127197266
5775.0,3,2-4 kHz,5.670069185725879e-06,-49.46967697143555,0.5583016872406006,0.055107489228248596,-16.15667152404785
5775.0,4,>4 kHz,0.5007033348083496,-0.009752867743372917,0.6513700485229492,0.3133671283721924,-1.0598138570785522
5800.0,0,<300 Hz,2.9634782094944967e-07,-62.287540435791016,0.5513380169868469,0.05761280283331871,-15.770502090454102
5800.0,1,300-800 Hz,4.6609912374151463e-07,-60.32077407836914,0.5394339561462402,0.03370728716254234,-20.426406860351562
5800.0,2,0.8-2 kHz,1.7133247638412286e-06,-54.66716384887695,0.5560333728790283,0.05434095114469528,-16.278339385986328
5800.0,3,2-4 kHz,5.386369593907148e-06,-49.692596435546875,0.558301568031311,0.05510709434747696,-16.1567325592041
5800.0,4,>4 kHz,0.5005158185958862,-0.011379612609744072,0.6513354778289795,0.31328678131103516,-1.0620414018630981
5825.0,0,<300 Hz,2.926381057477556e-07,-62.342247009277344,0.5513380169868469,0.057612791657447815,-15.770503997802734
5825.0,1,300-800 Hz,4.774809667651425e-07,-60.21599578857422,0.5394339561462402,0.03370730206370354,-20.426403045654297
5825.0,2,0.8-2 kHz,1.6018281030483195e-06,-54.95939636230469,0.5560333728790283,0.054340798407793045,-16.278362274169922
5825.0,3,2-4 kHz,4.9125692385132425e-06,-50.092472076416016,0.5583014488220215,0.05510643124580383,-16.156837463378906
5825.0,4,>4 kHz,0.5002058744430542,-0.014069787226617336,0.6512783765792847,0.3131538927555084,-1.065726399421692
5850.0,0,<300 Hz,2.994555927671172e-07,-62.24223327636719,0.5513380169868469,0.05761279538273811,-15.770503997802734
5850.0,1,300-800 Hz,4.522251231264818e-07,-60.45201110839844,0.5394339561462402,0.033707261085510254,-20.426414489746094
5850.0,2,0.8-2 kHz,1.5239588719850872e-06,-55.17582321166992,0.5560333132743835,0.05434069037437439,-16.278379440307617
5850.0,3,2-4 kHz,4.6372956603590865e-06,-50.3429069519043,0.5583014488220215,0.05510605126619339,-16.156896591186523
5850.0,4,>4 kHz,0.4998486042022705,-0.017173007130622864,0.6512124538421631,0.3130006790161133,-1.0699772834777832
5875.0,0,<300 Hz,2.8533378326756065e-07,-62.4520263671875,0.5513380169868469,0.05761280283331871,-15.770502090454102
5875.0,1,300-800 Hz,4.715359978035849e-07,-60.270408630371094,0.5394339561462402,0.03370729461312294,-20.42640495300293
5875.0,2,0.8-2 kHz,1.4970707979955478e-06,-55.253135681152344,0.5560333132743835,0.054340653121471405,-16.278385162353516
5875.0,3,2-4 kHz,4.722912308352534e-06,-50.263458251953125,0.5583014488220215,0.05510617047548294,-16.156879425048828
5875.0,4,>4 kHz,0.4995284378528595,-0.0199557114392519,0.6511533856391907,0.31286337971687317,-1.0737879276275635
5900.0,0,<300 Hz,2.938947432085115e-07,-62.32364273071289,0.5513380169868469,0.057612791657447815,-15.770503997802734
5900.0,1,300-800 Hz,4.4798167664339417e-07,-60.49295425415039,0.5394339561462402,0.033707257360219955,-20.426414489746094
5900.0,2,0.8-2 kHz,1.5931206007735454e-06,-54.983070373535156,0.5560333728790283,0.05434079095721245,-16.278364181518555
5900.0,3,2-4 kHz,5.046585556556238e-06,-49.975582122802734,0.558301568031311,0.055106621235609055,-16.15680694580078
5900.0,4,>4 kHz,0.49931949377059937,-0.021772554144263268,0.6511148810386658,0.31277379393577576,-1.0762758255004883
5925.0,0,<300 Hz,2.9097679998812964e-07,-62.366973876953125,0.5513380169868469,0.05761279910802841,-15.770503044128418
5925.0,1,300-800 Hz,4.508164863636921e-07,-60.46556091308594,0.5394339561462402,0.033707257360219955,-20.426414489746094
5925.0,2,0.8-2 kHz,1.6735378949306323e-06,-54.769203186035156,0.5560333728790283,0.0543409027159214,-16.278345108032227
5925.0,3,2-4 kHz,5.2451546252996195e-06,-49.8079719543457,0.558301568031311,0.05510689690709114,-16.15676498413086
5925.0,4,>4 kHz,0.4992685317993164,-0.022215889766812325,0.651105523109436,0.3127519190311432,-1.0768829584121704
5950.0,0,<300 Hz,2.9174475457693916e-07,-62.35552978515625,0.5513380169868469,0.0576128214597702,-15.770500183105469
5950.0,1,300-800 Hz,4.647054936413042e-07,-60.33378219604492,0.5394339561462402,0.033707283437252045,-20.426406860351562
5950.0,2,0.8-2 kHz,1.6660750361552346e-06,-54.788612365722656,0.5560333728790283,0.05434089154005051,-16.27834701538086
5950.0,3,2-4 kHz,5.084073563921265e-06,-49.94343566894531,0.558301568031311,0.05510667338967323,-16.15679931640625
5950.0,4,>4 kHz,0.49938467144966125,-0.021205700933933258,0.6511269211769104,0.312801718711853,-1.0755000114440918
5975.0,0,<300 Hz,2.8589184353222663e-07,-62.44354248046875,0.5513380169868469,0.05761278048157692,-15.770506858825684
5975.0,1,300-800 Hz,4.547765684037586e-07,-60.427574157714844,0.5394339561462402,0.03370726853609085,-20.426410675048828
5975.0,2,0.8-2 kHz,1.5651341982447775e-06,-55.06004333496094,0.5560333132743835,0.05434074252843857,-16.278371810913086
5975.0,3,2-4 kHz,4.697920758189866e-06,-50.286502838134766,0.5583014488220215,0.055106133222579956,-16.156885147094727
5975.0,4,>4 kHz,0.499637633562088,-0.019006365910172462,0.6511735916137695,0.31291016936302185,-1.0724892616271973
6000.0,0,<300 Hz,2.8796665674235555e-07,-62.412139892578125,0.5513380169868469,0.05761280655860901,-15.770502090454102
6000.0,1,300-800 Hz,4.596572011905664e-07,-60.38121795654297,0.5394339561462402,0.03370727598667145,-20.426408767700195
6000.0,2,0.8-2 kHz,1.447211843697005e-06,-55.400238037109375,0.5560333132743835,0.054340582340955734,-16.278396606445312
6000.0,3,2-4 kHz,4.365848326415289e-06,-50.60487365722656,0.5583013296127319,0.05510566756129265,-16.156957626342773
6000.0,4,>4 kHz,0.4999658465385437,-0.016154376789927483,0.6512340903282166,0.31308460235595703,-1.0676486492156982
6025.0,0,<300 Hz,2.718343807828205e-07,-62.662513732910156,0.5513379573822021,0.05761276185512543,-15.770509719848633
6025.0,1,300-800 Hz,4.550435619421478e-07,-60.42502975463867,0.5394339561462402,0.03370726853609085,-20.426410675048828
6025.0,2,0.8-2 kHz,1.4258152987167705e-06,-55.464927673339844,0.5560333132743835,0.054340556263923645,-16.27840232849121
6025.0,3,2-4 kHz,4.3220811676292215e-06,-50.64862823486328,0.5583013296127319,0.05510561168193817,-16.156967163085938
6025.0,4,>4 kHz,0.5002914071083069,-0.013327369466423988,0.6512941122055054,0.3131905198097229,-1.0647108554840088
6050.0,0,<300 Hz,2.826147920131916e-07,-62.49361038208008,0.5513380169868469,0.057612791657447815,-15.770503997802734
6050.0,1,300-800 Hz,4.568154849948769e-07,-60.40814971923828,0.5394339561462402,0.03370726853609085,-20.426410675048828
6050.0,2,0.8-2 kHz,1.474298528592044e-06,-55.319705963134766,0.5560333132743835,0.05434061959385872,-16.278390884399414
6050.0,3,2-4 kHz,4.5506071728596e-06,-50.424861907958984,0.5583013892173767,0.05510592833161354,-16.156917572021484
6050.0,4,>4 kHz,0.5005381107330322,-0.011186259798705578,0.651339590549469,0.31329622864723206,-1.0617793798446655
6075.0,0,<300 Hz,2.804278835810692e-07,-62.527347564697266,0.5513380169868469,0.057612791657447815,-15.770503997802734
6075.0,1,300-800 Hz,4.5887713895353954e-07,-60.38859558105469,0.5394339561462402,0.03370727226138115,-20.426410675048828
6075.0,2,0.8-2 kHz,1.5741361494292505e-06,-55.035133361816406,0.5560333132743835,0.05434076115489006,-16.27836799621582
6075.0,3,2-4 kHz,4.806362539966358e-06,-50.18739318847656,0.5583014488220215,0.055106282234191895,-16.1568603515625
6075.0,4,>4 kHz,0.5006495714187622,-0.01021936908364296,0.6513600945472717,0.31334397196769714,-1.0604561567306519
6100.0,0,<300 Hz,2.825842102538445e-07,-62.49407958984375,0.5513380169868469,0.05761277303099632,-15.770506858825684
6100.0,1,300-800 Hz,4.719207709058537e-07,-60.266868591308594,0.5394339561462402,0.03370729833841324,-20.42640495300293
6100.0,2,0.8-2 kHz,1.597445134393638e-06,-54.97129821777344,0.5560333728790283,0.05434079468250275,-16.278364181518555
6100.0,3,2-4 kHz,4.774177796207368e-06,-50.21656799316406,0.5583014488220215,0.05510623753070831,-16.15686798095703
6100.0,4,>4 kHz,0.5006018877029419,-0.010632983408868313,0.6513513326644897,0.31332361698150635,-1.061020016670227
6125.0,0,<300 Hz,2.791215365505195e-07,-62.54762649536133,0.5513380169868469,0.057612791657447815,-15.770503997802734
6125.0,1,300-800 Hz,4.666613904191763e-07,-60.31553649902344,0.5394339561462402,0.03370728716254234,-20.426406860351562
6125.0,2,0.8-2 kHz,1.5383041045424761e-06,-55.135135650634766,0.5560333132743835,0.05434070900082588,-16.278377532958984
6125.0,3,2-4 kHz,4.495259418035857e-06,-50.47801208496094,0.5583013296127319,0.05510585010051727,-16.15692901611328
6125.0,4,>4 kHz,0.5004090070724487,-0.012306524440646172,0.6513158082962036,0.3132408857345581,-1.0633140802383423
6150.0,0,<300 Hz,2.743861102771916e-07,-62.6219367980957,0.5513380169868469,0.05761277303099632,-15.770506858825684
6150.0,1,300-800 Hz,4.683645897785027e-07,-60.29971694946289,0.5394339561462402,0.03370729088783264,-20.426406860351562
6150.0,2,0.8-2 kHz,1.4671691133116838e-06,-55.34075927734375,0.5560333132743835,0.054340608417987823,-16.278392791748047
6150.0,3,2-4 kHz,4.11263681598939e-06,-50.86435317993164,0.5583012104034424,0.055105313658714294,-16.157012939453125
6150.0,4,>4 kHz,0.5001184940338135,-0.0148286959156394,0.6512622833251953,0.3131163418292999,-1.0667682886123657
6175.0,0,<300 Hz,2.670589083209052e-07,-62.73948669433594,0.5513379573822021,0.05761275812983513,-15.770509719848633
6175.0,1,300-800 Hz,4.6580805701523786e-07,-60.323486328125,0.5394339561462402,0.03370728716254234,-20.426406860351562
6175.0,2,0.8-2 kHz,1.3690613513972494e-06,-55.641326904296875,0.5560332536697388,0.05434047803282738,-16.278413772583008
6175.0,3,2-4 kHz,4.002405148639809e-06,-50.98234558105469,0.5583012104034424,0.055105164647102356,-16.15703582763672
6175.0,4,>4 kHz,0.4998001456260681,-0.01759404130280018,0.6512035131454468,0.3129798173904419,-1.0705558061599731
6200.0,0,<300 Hz,2.6730145918918424e-07,-62.73554229736328,0.5513380169868469,0.057612769305706024,-15.7705078125
6200.0,1,300-800 Hz,4.664572088586283e-07,-60.317440032958984,0.5394339561462402,0.033707283437252045,-20.426406860351562
6200.0,2,0.8-2 kHz,1.4310347751234076e-06,-55.449058532714844,0.5560333132743835,0.054340559989213943,-16.278400421142578
6200.0,3,2-4 kHz,4.140697910770541e-06,-50.83482360839844,0.5583012104034424,0.055105358362197876,-16.157005310058594
6200.0,4,>4 kHz,0.4995289444923401,-0.019951291382312775,0.651153564453125,0.3128634989261627,-1.0737849473953247
6225.0,0,<300 Hz,2.762515123322373e-07,-62.59251022338867,0.5513380169868469,0.05761278048157692,-15.770506858825684
6225.0,1,300-800 Hz,4.6312908352774684e-07,-60.348541259765625,0.5394339561462402,0.033707279711961746,-20.426408767700195
6225.0,2,0.8-2 kHz,1.4810618722549407e-06,-55.299827575683594,0.5560333132743835,0.054340630769729614,-16.27838897705078
6225.0,3,2-4 kHz,4.436385552253341e-06,-50.53526306152344,0.5583013296127319,0.05510576814413071,-16.15694236755371
6225.0,4,>4 kHz,0.49936771392822266,-0.02135319449007511,0.6511238217353821,0.31279438734054565,-1.0757038593292236
6250.0,0,<300 Hz,2.7898983034901903e-07,-62.5496711730957,0.5513380169868469,0.057612791657447815,-15.770503997802734
6250.0,1,300-800 Hz,4.6447453883047274e-07,-60.3359375,0.5394339561462402,0.033707283437252045,-20.426406860351562
6250.0,2,0.8-2 kHz,1.541142410133034e-06,-55.12712860107422,0.5560333132743835,0.05434071272611618,-16.27837562561035
6250.0,3,2-4 kHz,4.5576216507470235e-06,-50.418174743652344,0.5583013296127319,0.05510593578219414,-16.15691566467285
6250.0,4,>4 kHz,0.499352365732193,-0.021486645564436913,0.6511210203170776,0.3127877712249756,-1.0758873224258423
6275.0,0,<300 Hz,2.7868313168255554e-07,-62.55445098876953,0.5513380169868469,0.057612769305706024,-15.7705078125
6275.0,1,300-800 Hz,4.6339636128323036e-07,-60.346031188964844,0.5394339561462402,0.033707283437252045,-20.426406860351562
6275.0,2,0.8-2 kHz,1.5188454653980443e-06,-55.19042205810547,0.5560333132743835,0.05434068292379379,-16.27838134765625
6275.0,3,2-4 kHz,4.348761649453081e-06,-50.62190246582031,0.5583012700080872,0.05510564148426056,-16.15696144104004
6275.0,4,>4 kHz,0.499484658241272,-0.02033618465065956,0.651145339012146,0.31284451484680176,-1.0743117332458496
6300.0,0,<300 Hz,2.688739471068402e-07,-62.7100715637207,0.5513379573822021,0.05761277675628662,-15.770506858825684
6300.0,1,300-800 Hz,4.616344995156396e-07,-60.362579345703125,0.5394339561462402,0.033707279711961746,-20.426408767700195
6300.0,2,0.8-2 kHz,1.418573674527579e-06,-55.487037658691406,0.5560333132743835,0.05434054881334305,-16.27840232849121
6300.0,3,2-4 kHz,4.002858077001292e-06,-50.98185729980469,0.5583012104034424,0.05510516092181206,-16.15703773498535
6300.0,4,>4 kHz,0.4997313618659973,-0.018191618844866753,0.6511908769607544,0.3129502832889557,-1.0713757276535034
6325.0,0,<300 Hz,2.621370356337138e-07,-62.820274353027344,0.5513379573822021,0.05761276185512543,-15.770509719848633
6325.0,1,300-800 Hz,4.600653085162776e-07,-60.37736511230469,0.5394339561462402,0.03370727598667145,-20.426408767700195
6325.0,2,0.8-2 kHz,1.3594763004221022e-06,-55.67184066772461,0.5560332536697388,0.054340463131666183,-16.27841567993164
6325.0,3,2-4 kHz,3.7283689380274154e-06,-51.290367126464844,0.5583011507987976,0.055104780942201614,-16.15709686279297
6325.0,4,>4 kHz,0.5000330805778503,-0.015570331364870071,0.6512465476989746,0.3130796551704407,-1.0677857398986816
6350.0,0,<300 Hz,2.625308468395815e-07,-62.81375503540039,0.5513379573822021,0.05761275067925453,-15.77051067352295
6350.0,1,300-800 Hz,4.4974009938414383e-07,-60.4759407043457,0.5394339561462402,0.033707261085510254,-20.426414489746094
6350.0,2,0.8-2 kHz,1.3395037967711687e-06,-55.73611831665039,0.5560332536697388,0.054340433329343796,-16.27842140197754
6350.0,3,2-4 kHz,3.852833287965041e-06,-51.14775848388672,0.5583011507987976,0.055104948580265045,-16.15707015991211
6350.0,4,>4 kHz,0.5003182888031006,-0.013093944638967514,0.6512991189956665,0.313201904296875,-1.0643948316574097
6375.0,0,<300 Hz,2.7301243221700133e-07,-62.643733978271484,0.5513380169868469,0.05761277675628662,-15.770506858825684
6375.0,1,300-800 Hz,4.4276470134718693e-07,-60.543827056884766,0.5394339561462402,0.03370724618434906,-20.426416397094727
6375.0,2,0.8-2 kHz,1.4311614222606295e-06,-55.44866943359375,0.5560333132743835,0.05434056371450424,-16.278400421142578
6375.0,3,2-4 kHz,4.069514034199528e-06,-50.910133361816406,0.5583012104034424,0.05510525032877922,-16.15702247619629
6375.0,4,>4 kHz,0.5005205869674683,-0.01133834570646286,0.6513363718986511,0.3132886588573456,-1.0619893074035645
6400.0,0,<300 Hz,2.7725224072128185e-07,-62.57680892944336,0.5513380169868469,0.05761279538273811,-15.770503997802734
6400.0,1,300-800 Hz,4.468065810669941e-07,-60.50436019897461,0.5394339561462402,0.03370725363492966,-20.426416397094727
6400.0,2,0.8-2 kHz,1.486347855461645e-06,-55.28435134887695,0.5560333132743835,0.05434063822031021,-16.27838706970215
6400.0,3,2-4 kHz,4.2975684664270375e-06,-50.6733283996582,0.5583012700080872,0.05510556697845459,-16.156972885131836
6400.0,4,>4 kHz,0.5005933046340942,-0.010707458481192589,0.6513497829437256,0.3133107125759125,-1.061378002166748
6425.0,0,<300 Hz,2.802350422825839e-07,-62.530330657958984,0.5513380169868469,0.057612791657447815,-15.770503997802734
6425.0,1,300-800 Hz,4.346472337601881e-07,-60.62419128417969,0.5394339561462402,0.033707231283187866,-20.426422119140625
6425.0,2,0.8-2 kHz,1.5189687019301346e-06,-55.190067291259766,0.5560333132743835,0.054340679198503494,-16.27838134765625
6425.0,3,2-4 kHz,4.1740086089703254e-06,-50.80002212524414,0.5583012700080872,0.05510540306568146,-16.156999588012695
6425.0,4,>4 kHz,0.5005215406417847,-0.011330041103065014,0.6513365507125854,0.31328898668289185,-1.0619800090789795
6450.0,0,<300 Hz,2.715778464335017e-07,-62.66661834716797,0.5513380169868469,0.05761276185512543,-15.770509719848633
6450.0,1,300-800 Hz,4.312810233386699e-07,-60.657955169677734,0.5394339561462402,0.03370722755789757,-20.426422119140625
6450.0,2,0.8-2 kHz,1.4207428193913074e-06,-55.480403900146484,0.5560332536697388,0.05434054508805275,-16.27840232849121
6450.0,3,2-4 kHz,3.888396804541117e-06,-51.10784912109375,0.5583011507987976,0.055105000734329224,-16.157062530517578
6450.0,4,>4 kHz,0.5003236532211304,-0.013047469779849052,0.6513000726699829,0.31320416927337646,-1.0643322467803955
6475.0,0,<300 Hz,2.719006602092122e-07,-62.66145706176758,0.5513379573822021,0.05761278048157692,-15.770506858825684
6475.0,1,300-800 Hz,4.3736099542002194e-07,-60.5971565246582,0.5394339561462402,0.033707235008478165,-20.426422119140625
6475.0,2,0.8-2 kHz,1.3559839544541319e-06,-55.683013916015625,0.5560332536697388,0.054340459406375885,-16.27841567993164
6475.0,3,2-4 kHz,3.6029709917784203e-06,-51.43894958496094,0.5583010911941528,0.05510459840297699,-16.157127380371094
6475.0,4,>4 kHz,0.5000479817390442,-0.015440957620739937,0.6512492299079895,0.31308597326278687,-1.0676106214523315
6500.0,0,<300 Hz,2.712256161885307e-07,-62.6722526550293,0.5513379573822021,0.05761275440454483,-15.77051067352295
6500.0,1,300-800 Hz,4.1860664623527555e-07,-60.787498474121094,0.5394339561462402,0.03370720520615578,-20.426427841186523
6500.0,2,0.8-2 kHz,1.3218389085523086e-06,-55.79376983642578,0.5560332536697388,0.054340410977602005,-16.278423309326172
6500.0,3,2-4 kHz,3.545347226463491e-06,-51.50897216796875,0.5583010911941528,0.05510452389717102,-16.15713882446289
6500.0,4,>4 kHz,0.4997602105140686,-0.017941037192940712,0.6511961817741394,0.31296253204345703,-1.0710361003875732
6525.0,0,<300 Hz,2.8119552553107496e-07,-62.515472412109375,0.5513380169868469,0.057612791657447815,-15.770503997802734
6525.0,1,300-800 Hz,4.177665005045128e-07,-60.79622268676758,0.5394339561462402,0.03370720148086548,-20.426427841186523
6525.0,2,0.8-2 kHz,1.3582382507593138e-06,-55.67579650878906,0.5560332536697388,0.054340459406375885,-16.27841567993164
6525.0,3,2-4 kHz,3.7989473185007228e-06,-51.20892333984375,0.5583011507987976,0.055104877799749374,-16.157081604003906
6525.0,4,>4 kHz,0.4995279908180237,-0.01995961181819439,0.6511533260345459,0.31286293268203735,-1.073800802230835
6550.0,0,<300 Hz,2.8453519007598516e-07,-62.46419906616211,0.5513380169868469,0.057612787932157516,-15.770503997802734
6550.0,1,300-800 Hz,4.336396841608803e-07,-60.63426971435547,0.5394339561462402,0.033707231283187866,-20.426422119140625
6550.0,2,0.8-2 kHz,1.4457100405707024e-06,-55.40474319458008,0.5560332536697388,0.054340578615665436,-16.278398513793945
6550.0,3,2-4 kHz,4.0138397707778495e-06,-50.9699592590332,0.5583012104034424,0.05510517954826355,-16.157033920288086
6550.0,4,>4 kHz,0.499405175447464,-0.021027516573667526,0.6511306762695312,0.3128102719783783,-1.0752626657485962
6575.0,0,<300 Hz,3.318693870824063e-07,-61.7958869934082,0.5513380169868469,0.05761285871267319,-15.77049446105957
6575.0,1,300-800 Hz,4.115977390029002e-07,-60.8608283996582,0.5394339561462402,0.03370719403028488,-20.426429748535156
6575.0,2,0.8-2 kHz,1.4596186019844026e-06,-55.363162994384766,0.5560333132743835,0.05434060096740723,-16.278392791748047
6575.0,3,2-4 kHz,4.090382390131708e-06,-50.887916564941406,0.5583012104034424,0.05510528385639191,-16.157018661499023
6575.0,4,>4 kHz,0.4994192123413086,-0.02090526558458805,0.6511332988739014,0.31281623244285583,-1.0750974416732788
6600.0,0,<300 Hz,2.9727476658081287e-07,-62.27397918701172,0.5513380169868469,0.05761279910802841,-15.770503044128418
6600.0,1,300-800 Hz,4.179032373485825e-07,-60.7947998046875,0.5394339561462402,0.03370720148086548,-20.426427841186523
6600.0,2,0.8-2 kHz,1.4325808024295839e-06,-55.444366455078125,0.5560332536697388,0.054340559989213943,-16.278400421142578
6600.0,3,2-4 kHz,3.821370682999259e-06,-51.18336486816406,0.5583011507987976,0.05510490760207176,-16.15707778930664
6600.0,4,>4 kHz,0.49956536293029785,-0.019634559750556946,0.6511602401733398,0.31287887692451477,-1.0733579397201538
6625.0,0,<300 Hz,2.8841526500400505e-07,-62.40537643432617,0.5513380169868469,0.057612791657447815,-15.770503997802734
6625.0,1,300-800 Hz,4.35445457469541e-07,-60.6162223815918,0.5394339561462402,0.033707235008478165,-20.426422119140625
6625.0,2,0.8-2 kHz,1.3251822110760259e-06,-55.782798767089844,0.5560332536697388,0.0543404147028923,-16.278423309326172
6625.0,3,2-4 kHz,3.5279201711091446e-06,-51.530372619628906,0.5583010911941528,0.05510450154542923,-16.157140731811523
6625.0,4,>4 kHz,0.49980777502059937,-0.017527766525745392,0.6512049436569214,0.3129827380180359,-1.0704751014709473
6650.0,0,<300 Hz,2.8748326030836324e-07,-62.41943359375,0.5513380169868469,0.05761279538273811,-15.770503997802734
6650.0,1,300-800 Hz,4.0972605575007037e-07,-60.88062286376953,0.5394339561462402,0.03370719030499458,-20.426429748535156
6650.0,2,0.8-2 kHz,1.3095623216941021e-06,-55.83429718017578,0.5560332536697388,0.05434039235115051,-16.278427124023438
6650.0,3,2-4 kHz,3.3584562970645493e-06,-51.74415969848633,0.5583009719848633,0.05510426312685013,-16.15717887878418
6650.0,4,>4 kHz,0.500088632106781,-0.015087928622961044,0.651256799697876,0.3131030797958374,-1.0671358108520508
6675.0,0,<300 Hz,2.9266823275975185e-07,-62.341800689697266,0.5513380169868469,0.05761279538273811,-15.770503997802734
6675.0,1,300-800 Hz,4.107102427042264e-07,-60.87020492553711,0.5394339561462402,0.03370719030499458,-20.426429748535156
6675.0,2,0.8-2 kHz,1.3598335044662235e-06,-55.67070007324219,0.5560332536697388,0.054340463131666183,-16.27841567993164
6675.0,3,2-4 kHz,3.471565378276864e-06,-51.600303649902344,0.5583010911941528,0.05510442331433296,-16.157154083251953
6675.0,4,>4 kHz,0.500341534614563,-0.012892208993434906,0.6513034105300903,0.31321150064468384,-1.0641286373138428
6700.0,0,<300 Hz,3.0067042189330095e-07,-62.22465133666992,0.5513380169868469,0.0576128214597702,-15.770500183105469
6700.0,1,300-800 Hz,4.195909468762693e-07,-60.77729797363281,0.5394339561462402,0.03370720520615578,-20.426427841186523
6700.0,2,0.8-2 kHz,1.3932087767898338e-06,-55.56539535522461,0.5560332536697388,0.054340507835149765,-16.27840805053711
6700.0,3,2-4 kHz,3.7288398289092584e-06,-51.28982162475586,0.5583010911941528,0.055104777216911316,-16.15709686279297
6700.0,4,>4 kHz,0.5005074739456177,-0.011452024802565575,0.6513339281082153,0.31328263878822327,-1.062156081199646
6725.0,0,<300 Hz,3.132503536562581e-07,-62.0466423034668,0.5513380169868469,0.0576128251850605,-15.770500183105469
6725.0,1,300-800 Hz,4.068835153248074e-07,-60.910858154296875,0.5394339561462402,0.033707182854413986,-20.426433563232422
6725.0,2,0.8-2 kHz,1.481617573517724e-06,-55.298194885253906,0.5560333132743835,0.054340630769729614,-16.27838897705078
6725.0,3,2-4 kHz,3.8792531995568424e-06,-51.118080139160156,0.5583012104034424,0.05510498583316803,-16.15706443786621
6725.0,4,>4 kHz,0.500548243522644,-0.011098281480371952,0.651341438293457,0.3133001923561096,-1.0616693496704102
6750.0,0,<300 Hz,3.278354938629491e-07,-61.8489990234375,0.5513380169868469,0.05761284753680229,-15.770496368408203
6750.0,1,300-800 Hz,4.1077890955421026e-07,-60.869476318359375,0.5394339561462402,0.03370719030499458,-20.426429748535156
6750.0,2,0.8-2 kHz,1.4033680599823128e-06,-55.533843994140625,0.5560332536697388,0.05434051901102066,-16.27840805053711
6750.0,3,2-4 kHz,3.7681122648791643e-06,-51.244319915771484,0.5583010911941528,0.05510483309626579,-16.157089233398438
6750.0,4,>4 kHz,0.5004555583000183,-0.011902614496648312,0.6513243913650513,0.3132604956626892,-1.062769889831543
6775.0,0,<300 Hz,2.9851952376702684e-07,-62.255828857421875,0.5513380169868469,0.05761281028389931,-15.770502090454102
6775.0,1,300-800 Hz,4.1474589806966833e-07,-60.827735900878906,0.5394339561462402,0.03370719775557518,-20.426427841186523
6775.0,2,0.8-2 kHz,1.3666826816916e-06,-55.64888000488281,0.5560332536697388,0.05434047058224678,-16.27841567993164
6775.0,3,2-4 kHz,3.4724566830846015e-06,-51.59918975830078,0.5583010911941528,0.05510442331433296,-16.157154083251953
6775.0,4,>4 kHz,0.5002526044845581,-0.013664155267179012,0.6512869596481323,0.3131735324859619,-1.0651819705963135
6800.0,0,<300 Hz,2.9439797799568623e-07,-62.31620788574219,0.5513380169868469,0.05761281028389931,-15.770502090454102
6800.0,1,300-800 Hz,4.104238087165868e-07,-60.87322998046875,0.5394339561462402,0.03370719030499458,-20.426429748535156
6800.0,2,0.8-2 kHz,1.2729643685815972e-06,-55.957393646240234,0.5560332536697388,0.05434034392237663,-16.27843475341797
6800.0,3,2-4 kHz,3.261034180468414e-06,-51.872005462646484,0.5583009719848633,0.055104125291109085,-16.15719985961914
6800.0,4,>4 kHz,0.49998828768730164,-0.015959512442350388,0.651238203048706,0.3130601644515991,-1.0683265924453735
6825.0,0,<300 Hz,2.9529127232308383e-07,-62.30305099487305,0.5513380169868469,0.057612814009189606,-15.770501136779785
6825.0,1,300-800 Hz,4.1994576349679846e-07,-60.773624420166016,0.5394339561462402,0.033707208931446075,-20.42642593383789
6825.0,2,0.8-2 kHz,1.277341880268068e-06,-55.94248962402344,0.5560332536697388,0.05434035137295723,-16.27843475341797
6825.0,3,2-4 kHz,3.2886518965824507e-06,-51.83538055419922,0.5583009719848633,0.05510416254401207,-16.157194137573242
6825.0,4,>4 kHz,0.4997251629829407,-0.01824568770825863,0.6511896848678589,0.3129473924636841,-1.071455955505371
6850.0,0,<300 Hz,2.9704926873819204e-07,-62.27727508544922,0.5513380169868469,0.057612791657447815,-15.770503997802734
6850.0,1,300-800 Hz,3.995737642981112e-07,-60.98958969116211,0.5394338965415955,0.03370716795325279,-20.426437377929688
6850.0,2,0.8-2 kHz,1.3387031003730954e-06,-55.73871612548828,0.5560332536697388,0.054340433329343796,-16.27842140197754
6850.0,3,2-4 kHz,3.5268833471491234e-06,-51.531646728515625,0.5583010911941528,0.05510449782013893,-16.157142639160156
6850.0,4,>4 kHz,0.49952512979507446,-0.01998431794345379,0.6511528491973877,0.3128616511821747,-1.0738359689712524
6875.0,0,<300 Hz,3.3929035225810367e-07,-61.69984436035156,0.5513380169868469,0.057612862437963486,-15.770493507385254
6875.0,1,300-800 Hz,4.0045372884378594e-07,-60.98003387451172,0.5394338965415955,0.03370717167854309,-20.426435470581055
6875.0,2,0.8-2 kHz,1.3897798680773121e-06,-55.57609558105469,0.5560332536697388,0.05434050410985947,-16.278409957885742
6875.0,3,2-4 kHz,3.7415829865494743e-06,-51.27500534057617,0.5583010911941528,0.05510479584336281,-16.157094955444336
6875.0,4,>4 kHz,0.49943459033966064,-0.0207715705037117,0.6511361002922058,0.31282278895378113,-1.0749151706695557
6900.0,0,<300 Hz,3.0044185450606165e-07,-62.22795486450195,0.5513380169868469,0.05761279910802841,-15.770503044128418
6900.0,1,300-800 Hz,3.9804103835194837e-07,-61.00627899169922,0.5394338965415955,0.03370716795325279,-20.426437377929688
6900.0,2,0.8-2 kHz,1.419859700035886e-06,-55.48310089111328,0.5560332536697388,0.05434054508805275,-16.27840232849121
6900.0,3,2-4 kHz,3.6952446862414945e-06,-51.329124450683594,0.5583010911941528,0.055104728788137436,-16.1571044921875
6900.0,4,>4 kHz,0.4994739294052124,-0.020429551601409912,0.6511433124542236,0.31283968687057495,-1.0744458436965942
6925.0,0,<300 Hz,2.9190843520154885e-07,-62.353092193603516,0.5513380169868469,0.05761280655860901,-15.770502090454102
6925.0,1,300-800 Hz,4.32408313599808e-07,-60.64662170410156,0.5394339561462402,0.033707231283187866,-20.426422119140625
6925.0,2,0.8-2 kHz,1.3348956144909607e-06,-55.75108337402344,0.5560332536697388,0.0543404258787632,-16.27842140197754
6925.0,3,2-4 kHz,3.491439656500006e-06,-51.57551193237305,0.5583010911941528,0.05510444566607475,-16.157150268554688
6925.0,4,>4 kHz,0.4996325969696045,-0.01905004493892193,0.6511726379394531,0.31290769577026367,-1.0725576877593994
6950.0,0,<300 Hz,2.808391172948177e-07,-62.52098083496094,0.5513379573822021,0.05761277675628662,-15.770506858825684
6950.0,1,300-800 Hz,3.969477120335796e-07,-61.01822280883789,0.5394338965415955,0.033707164227962494,-20.426437377929688
6950.0,2,0.8-2 kHz,1.2456019931050832e-06,-56.05176544189453,0.5560332536697388,0.05434030294418335,-16.2784423828125
6950.0,3,2-4 kHz,3.2121679396368563e-06,-51.93757629394531,0.5583009719848633,0.05510405823588371,-16.157211303710938
6950.0,4,>4 kHz,0.4998725652694702,-0.01696484535932541,0.6512168645858765,0.31301063299179077,-1.069700837135315
6975.0,0,<300 Hz,2.766661566511175e-07,-62.58599853515625,0.5513379573822021,0.05761277675628662,-15.770506858825684
6975.0,1,300-800 Hz,3.9025877640597173e-07,-61.09203338623047,0.5394338965415955,0.0337071530520916,-20.426441192626953
6975.0,2,0.8-2 kHz,1.2648913525481476e-06,-55.98502731323242,0.5560332536697388,0.05434032902121544,-16.2784366607666
6975.0,3,2-4 kHz,3.1617846616427414e-06,-52.00623321533203,0.5583009719848633,0.05510398745536804,-16.157222747802734
6975.0,4,>4 kHz,0.5001367330551147,-0.014670253731310368,0.6512656211853027,0.3131239414215088,-1.06655752658844
7000.0,0,<300 Hz,2.7734824925573776e-07,-62.57530212402344,0.5513379573822021,0.05761277303099632,-15.770506858825684
7000.0,1,300-800 Hz,3.903766980783985e-07,-61.09071731567383,0.5394338965415955,0.0337071530520916,-20.426441192626953
7000.0,2,0.8-2 kHz,1.2570642411446897e-06,-56.01198196411133,0.5560332536697388,0.05434031784534454,-16.278440475463867
7000.0,3,2-4 kHz,3.3180922400788404e-06,-51.79667663574219,0.5583009719848633,0.05510420724749565,-16.15718650817871
7000.0,4,>4 kHz,0.5003628134727478,-0.012707616202533245,0.651307225227356,0.3132209777832031,-1.0638659000396729
7025.0,0,<300 Hz,2.7410885650169803e-07,-62.62632751464844,0.5513379573822021,0.057612765580415726,-15.770509719848633
7025.0,1,300-800 Hz,3.984891350228281e-07,-61.00139236450195,0.5394338965415955,0.033707164227962494,-20.426437377929688
7025.0,2,0.8-2 kHz,1.389610019941756e-06,-55.576629638671875,0.5560332536697388,0.05434050410985947,-16.278409957885742
7025.0,3,2-4 kHz,3.5741882129514124e-06,-51.473785400390625,0.5583010911941528,0.055104561150074005,-16.157133102416992
7025.0,4,>4 kHz,0.5004978179931641,-0.011535856872797012,0.6513321399688721,0.3132787346839905,-1.062264323234558
7050.0,0,<300 Hz,2.7408540859141794e-07,-62.62670135498047,0.5513379573822021,0.05761278420686722,-15.770505905151367
7050.0,1,300-800 Hz,3.9892702830002236e-07,-60.99662399291992,0.5394338965415955,0.033707164227962494,-20.426437377929688
7050.0,2,0.8-2 kHz,1.395264916936867e-06,-55.558990478515625,0.5560332536697388,0.054340507835149765,-16.27840805053711
7050.0,3,2-4 kHz,3.619867811721633e-06,-51.41862869262695,0.5583010911941528,0.05510462820529938,-16.157121658325195
7050.0,4,>4 kHz,0.5005108118057251,-0.01142321527004242,0.6513345241546631,0.31328433752059937,-1.062109351158142
7075.0,0,<300 Hz,2.675840278243413e-07,-62.73095703125,0.5513379573822021,0.05761277675628662,-15.770506858825684
7075.0,1,300-800 Hz,4.036023142361955e-07,-60.946022033691406,0.5394338965415955,0.03370717540383339,-20.426435470581055
7075.0,2,0.8-2 kHz,1.3673641205969034e-06,-55.64671325683594,0.5560332536697388,0.05434047430753708,-16.278413772583008
7075.0,3,2-4 kHz,3.4766253520501778e-06,-51.59397888183594,0.5583010315895081,0.05510442703962326,-16.15715217590332
7075.0,4,>4 kHz,0.5003994703292847,-0.01238933578133583,0.6513140201568604,0.3132365942001343,-1.0634328126907349
7100.0,0,<300 Hz,2.547348003645311e-07,-62.94467544555664,0.5513379573822021,0.05761274695396423,-15.770511627197266
7100.0,1,300-800 Hz,4.026169335702434e-07,-60.956634521484375,0.5394338965415955,0.03370717540383339,-20.426435470581055
7100.0,2,0.8-2 kHz,1.2651714769162936e-06,-55.98406219482422,0.5560332536697388,0.05434032902121544,-16.2784366607666
7100.0,3,2-4 kHz,3.190784809703473e-06,-51.966583251953125,0.5583009719848633,0.05510402470827103,-16.157215118408203
7100.0,4,>4 kHz,0.5001910924911499,-0.01419833954423666,0.651275634765625,0.3131473958492279,-1.0659065246582031
7125.0,0,<300 Hz,2.4918352892200346e-07,-63.040367126464844,0.5513379573822021,0.057612739503383636,-15.770512580871582
7125.0,1,300-800 Hz,4.1763053104659775e-07,-60.79763412475586,0.5394339561462402,0.03370720148086548,-20.426427841186523
7125.0,2,0.8-2 kHz,1.201908162329346e-06,-56.20684814453125,0.5560332536697388,0.054340239614248276,-16.278451919555664
7125.0,3,2-4 kHz,3.0762175811105408e-06,-52.125389099121094,0.5583009123802185,0.05510386452078819,-16.157241821289062
7125.0,4,>4 kHz,0.4999353289604187,-0.01641940511763096,0.6512284278869629,0.31303757429122925,-1.0689531564712524
7150.0,0,<300 Hz,2.614450806959212e-07,-62.831756591796875,0.5513379573822021,0.05761275812983513,-15.770509719848633
7150.0,1,300-800 Hz,4.153849886279204e-07,-60.82105255126953,0.5394338965415955,0.03370719775557518,-20.426427841186523
7150.0,2,0.8-2 kHz,1.240532469637401e-06,-56.06947326660156,0.5560332536697388,0.05434029549360275,-16.2784423828125
7150.0,3,2-4 kHz,3.152767021674663e-06,-52.018638610839844,0.5583009719848633,0.05510397255420685,-16.157224655151367
7150.0,4,>4 kHz,0.49969273805618286,-0.018527481704950333,0.6511837244033813,0.31293362379074097,-1.07183837890625
7175.0,0,<300 Hz,2.541030426073121e-07,-62.95545959472656,0.5513379573822021,0.05761276185512543,-15.770509719848633
7175.0,1,300-800 Hz,4.217349101054424e-07,-60.75516128540039,0.5394339561462402,0.033707208931446075,-20.42642593383789
7175.0,2,0.8-2 kHz,1.326619667452178e-06,-55.77809143066406,0.5560332536697388,0.0543404184281826,-16.278423309326172
7175.0,3,2-4 kHz,3.3984044875978725e-06,-51.692806243896484,0.5583010315895081,0.055104319006204605,-16.15717124938965
7175.0,4,>4 kHz,0.4995202422142029,-0.02002696692943573,0.6511518955230713,0.3128597140312195,-1.0738898515701294
7200.0,0,<300 Hz,2.566158059380541e-07,-62.9127197265625,0.5513379573822021,0.05761274695396423,-15.770511627197266
7200.0,1,300-800 Hz,4.293281392619974e-07,-60.67766189575195,0.5394339561462402,0.03370722383260727,-20.426424026489258
7200.0,2,0.8-2 kHz,1.386683607051964e-06,-55.585784912109375,0.5560332536697388,0.05434050038456917,-16.278409957885742
7200.0,3,2-4 kHz,3.5266186841909075e-06,-51.53197479248047,0.5583010911941528,0.05510449409484863,-16.157142639160156
7200.0,4,>4 kHz,0.4994581341743469,-0.020566876977682114,0.6511404514312744,0.3128330409526825,-1.0746303796768188
7225.0,0,<300 Hz,2.526281264181307e-07,-62.980743408203125,0.5513379573822021,0.057612743228673935,-15.770511627197266
7225.0,1,300-800 Hz,4.323718485466088e-07,-60.64698028564453,0.5394339561462402,0.03370722383260727,-20.426424026489258
7225.0,2,0.8-2 kHz,1.3793594462185865e-06,-55.60878372192383,0.5560332536697388,0.05434048920869827,-16.278411865234375
7225.0,3,2-4 kHz,3.4520021472417284e-06,-51.624847412109375,0.5583010315895081,0.055104389786720276,-16.15715789794922
7225.0,4,>4 kHz,0.49952012300491333,-0.020028006285429,0.6511518955230713,0.31285959482192993,-1.073893427848816
7250.0,0,<300 Hz,2.5540938963786175e-07,-62.933189392089844,0.5513379573822021,0.05761275440454483,-15.77051067352295
7250.0,1,300-800 Hz,4.3170024355276837e-07,-60.65373229980469,0.5394339561462402,0.03370722755789757,-20.426422119140625
7250.0,2,0.8-2 kHz,1.298972620134009e-06,-55.86955642700195,0.5560332536697388,0.05434037744998932,-16.278430938720703
7250.0,3,2-4 kHz,3.1850611321715405e-06,-51.9743766784668,0.5583009719848633,0.05510402098298073,-16.157217025756836
7250.0,4,>4 kHz,0.4996910095214844,-0.018542559817433357,0.6511834263801575,0.31293290853500366,-1.0718578100204468
7275.0,0,<300 Hz,2.433307599858381e-07,-63.143585205078125,0.5513379573822021,0.05761274695396423,-15.770511627197266
7275.0,1,300-800 Hz,4.386401428746467e-07,-60.58447265625,0.5394339561462402,0.03370723873376846,-20.42641830444336
7275.0,2,0.8-2 kHz,1.223887238666066e-06,-56.128143310546875,0.5560332536697388,0.05434027314186096,-16.278446197509766
7275.0,3,2-4 kHz,2.976999212478404e-06,-52.26776885986328,0.5583008527755737,0.05510373041033745,-16.157262802124023
7275.0,4,>4 kHz,0.49993008375167847,-0.016465138643980026,0.6512274742126465,0.3130355179309845,-1.0690104961395264
7300.0,0,<300 Hz,2.4535847842344083e-07,-63.107547760009766,0.5513379573822021,0.05761272832751274,-15.770513534545898
7300.0,1,300-800 Hz,4.306322693992115e-07,-60.66448974609375,0.5394339561462402,0.03370722383260727,-20.426424026489258
7300.0,2,0.8-2 kHz,1.2343782600510167e-06,-56.0910758972168,0.5560332536697388,0.054340288043022156,-16.278444290161133
7300.0,3,2-4 kHz,3.0211385819711722e-06,-52.20384979248047,0.5583009123802185,0.055103790014982224,-16.15725326538086
7300.0,4,>4 kHz,0.5001804828643799,-0.01429027784615755,0.6512737274169922,0.31314289569854736,-1.0660313367843628
7325.0,0,<300 Hz,2.462214467868762e-07,-63.09230041503906,0.5513379573822021,0.05761273205280304,-15.770513534545898
7325.0,1,300-800 Hz,4.313905606068147e-07,-60.65685272216797,0.5394339561462402,0.03370722383260727,-20.426424026489258
7325.0,2,0.8-2 kHz,1.303330463997554e-06,-55.855010986328125,0.5560332536697388,0.05434038117527962,-16.27842903137207
7325.0,3,2-4 kHz,3.1827239581616595e-06,-51.977569580078125,0.5583009719848633,0.05510401725769043,-16.15721893310547
7325.0,4,>4 kHz,0.5003835558891296,-0.012527444399893284,0.6513110995292664,0.31322982907295227,-1.063620686531067
7350.0,0,<300 Hz,2.583072387096763e-07,-62.884193420410156,0.5513379573822021,0.05761276185512543,-15.770509719848633
7350.0,1,300-800 Hz,4.3395550619607093e-07,-60.631103515625,0.5394339561462402,0.033707231283187866,-20.426422119140625
7350.0,2,0.8-2 kHz,1.3824464986100793e-06,-55.59907531738281,0.5560332536697388,0.05434049293398857,-16.278411865234375
7350.0,3,2-4 kHz,3.4513732316554524e-06,-51.62563705444336,0.5583010315895081,0.055104389786720276,-16.15715789794922
7350.0,4,>4 kHz,0.5004912614822388,-0.011592699214816093,0.6513309478759766,0.3132759928703308,-1.062340497970581
7375.0,0,<300 Hz,2.5340079901070567e-07,-62.96747589111328,0.5513379573822021,0.05761274695396423,-15.770511627197266
7375.0,1,300-800 Hz,4.3579342445809743e-07,-60.61275100708008,0.5394339561462402,0.033707235008478165,-20.426422119140625
7375.0,2,0.8-2 kHz,1.3822289020026801e-06,-55.599754333496094,0.5560332536697388,0.05434048920869827,-16.278411865234375
7375.0,3,2-4 kHz,3.4009367482212838e-06,-51.689571380615234,0.5583010315895081,0.055104322731494904,-16.157169342041016
7375.0,4,>4 kHz,0.5004791021347046,-0.011698338203132153,0.6513286828994751,0.31327080726623535,-1.0624843835830688
7400.0,0,<300 Hz,2.465808677243331e-07,-63.085968017578125,0.5513379573822021,0.057612743228673935,-15.770511627197266
7400.0,1,300-800 Hz,4.31010221291217e-07,-60.660682678222656,0.5394339561462402,0.03370722383260727,-20.426424026489258
7400.0,2,0.8-2 kHz,1.3719918570131995e-06,-55.632041931152344,0.5560332536697388,0.054340481758117676,-16.278413772583008
7400.0,3,2-4 kHz,3.2484451821801485e-06,-51.8888053894043,0.5583009719848633,0.05510410666465759,-16.157203674316406
7400.0,4,>4 kHz,0.5003501176834106,-0.01281769573688507,0.6513049006462097,0.313215434551239,-1.0640196800231934
7425.0,0,<300 Hz,2.4381438379350584e-07,-63.13496398925781,0.5513379573822021,0.057612739503383636,-15.770512580871582
7425.0,1,300-800 Hz,4.2631438645912567e-07,-60.708255767822266,0.5394339561462402,0.03370721638202667,-20.42642593383789
7425.0,2,0.8-2 kHz,1.2559023616631748e-06,-56.01599884033203,0.5560332536697388,0.05434031784534454,-16.278440475463867
7425.0,3,2-4 kHz,2.959697212645551e-06,-52.293087005615234,0.5583008527755737,0.05510370433330536,-16.15726661682129
7425.0,4,>4 kHz,0.5001356601715088,-0.014679604209959507,0.6512653827667236,0.31312355399131775,-1.0665680170059204
7450.0,0,<300 Hz,2.3818286365440144e-07,-63.2364501953125,0.5513379573822021,0.057612720876932144,-15.770515441894531
7450.0,1,300-800 Hz,4.227514409649302e-07,-60.74470520019531,0.5394338965415955,0.033707208931446075,-20.42642593383789
7450.0,2,0.8-2 kHz,1.253919208465959e-06,-56.022865295410156,0.5560332536697388,0.054340314120054245,-16.278440475463867
7450.0,3,2-4 kHz,2.9504431040550116e-06,-52.30668640136719,0.5583008527755737,0.055103689432144165,-16.157268524169922
7450.0,4,>4 kHz,0.49988633394241333,-0.01684504561126232,0.6512194871902466,0.3130166530609131,-1.0695339441299438
7475.0,0,<300 Hz,2.4622113414807245e-07,-63.09230422973633,0.5513379573822021,0.057612743228673935,-15.770511627197266
7475.0,1,300-800 Hz,4.1722501009644475e-07,-60.80185317993164,0.5394338965415955,0.03370719775557518,-20.426427841186523
7475.0,2,0.8-2 kHz,1.2844337788919802e-06,-55.91844177246094,0.5560332536697388,0.05434035882353783,-16.278432846069336
7475.0,3,2-4 kHz,3.049056431336794e-06,-52.163902282714844,0.5583009123802185,0.05510383099317551,-16.15724754333496
7475.0,4,>4 kHz,0.499661386013031,-0.018799934536218643,0.6511779427528381,0.3129201829433441,-1.0722110271453857
7500.0,0,<300 Hz,2.4594012870693405e-07,-63.09726333618164,0.5513379573822021,0.05761273577809334,-15.770512580871582
7500.0,1,300-800 Hz,4.0923350752564147e-07,-60.88584518432617,0.5394338965415955,0.033707186579704285,-20.426433563232422
7500.0,2,0.8-2 kHz,1.4154293239698745e-06,-55.49667739868164,0.5560332536697388,0.05434053763747215,-16.278404235839844
7500.0,3,2-4 kHz,3.2689877116354182e-06,-51.86142349243164,0.5583009719848633,0.05510413646697998,-16.157197952270508
7500.0,4,>4 kHz,0.49951326847076416,-0.020087558776140213,0.6511505842208862,0.3128567337989807,-1.073972463607788
7525.0,0,<300 Hz,2.4915996732488566e-07,-63.040775299072266,0.5513379573822021,0.05761275067925453,-15.77051067352295
7525.0,1,300-800 Hz,4.190088702671346e-07,-60.7833251953125,0.5394338965415955,0.03370720148086548,-20.426427841186523
7525.0,2,0.8-2 kHz,1.402737439093471e-06,-55.53579330444336,0.5560332536697388,0.05434052273631096,-16.278406143188477
7525.0,3,2-4 kHz,3.3657961466815323e-06,-51.73468017578125,0.5583010315895081,0.055104270577430725,-16.157176971435547
7525.0,4,>4 kHz,0.49947696924209595,-0.020403023809194565,0.6511439085006714,0.31284099817276,-1.0744096040725708
7550.0,0,<300 Hz,2.4633067141621723e-07,-63.090370178222656,0.5513379573822021,0.05761274695396423,-15.770511627197266
7550.0,1,300-800 Hz,4.4778403207601514e-07,-60.494873046875,0.5394339561462402,0.033707257360219955,-20.426414489746094
7550.0,2,0.8-2 kHz,1.4113647921476513e-06,-55.5091667175293,0.5560332536697388,0.054340533912181854,-16.278404235839844
7550.0,3,2-4 kHz,3.215614015061874e-06,-51.93291473388672,0.5583009719848633,0.05510406196117401,-16.157209396362305
7550.0,4,>4 kHz,0.49956026673316956,-0.019679024815559387,0.6511592864990234,0.31287679076194763,-1.073415994644165
7575.0,0,<300 Hz,2.596428601009393e-07,-62.861793518066406,0.5513379573822021,0.05761276185512543,-15.770509719848633
7575.0,1,300-800 Hz,3.9654571537539596e-07,-61.02262496948242,0.5394338965415955,0.033707164227962494,-20.426437377929688
7575.0,2,0.8-2 kHz,1.2901241461804602e-06,-55.89924240112305,0.5560332536697388,0.05434036627411842,-16.278430938720703
7575.0,3,2-4 kHz,2.9585335141746327e-06,-52.29479217529297,0.5583008527755737,0.05510370433330536,-16.15726661682129
7575.0,4,>4 kHz,0.4997435212135315,-0.018086081370711327,0.6511931419372559,0.31295543909072876,-1.071232795715332
7600.0,0,<300 Hz,2.562452436905005e-07,-62.919002532958984,0.5513379573822021,0.05761275067925453,-15.77051067352295
7600.0,1,300-800 Hz,4.012086378679669e-07,-60.97185516357422,0.5394338965415955,0.03370717167854309,-20.426435470581055
7600.0,2,0.8-2 kHz,1.2884993338957429e-06,-55.90471649169922,0.5560332536697388,0.054340362548828125,-16.278432846069336
7600.0,3,2-4 kHz,2.814874960677116e-06,-52.51096725463867,0.5583008527755737,0.055103499442338943,-16.157299041748047
7600.0,4,>4 kHz,0.49998292326927185,-0.016006018966436386,0.6512372493743896,0.313058078289032,-1.0683845281600952
7625.0,0,<300 Hz,2.504034739558847e-07,-63.01915740966797,0.5513379573822021,0.05761272832751274,-15.770513534545898
7625.0,1,300-800 Hz,4.0652545862940315e-07,-60.91468048095703,0.5394338965415955,0.03370717912912369,-20.426435470581055
7625.0,2,0.8-2 kHz,1.2701688092420227e-06,-55.96694564819336,0.5560332536697388,0.05434033274650574,-16.2784366607666
7625.0,3,2-4 kHz,2.8919396299897926e-06,-52.3936653137207,0.5583008527755737,0.055103614926338196,-16.15728187561035
7625.0,4,>4 kHz,0.5002221465110779,-0.01392851211130619,0.6512813568115234,0.31316065788269043,-1.065539002418518
7650.0,0,<300 Hz,2.839263970599859e-07,-62.47350311279297,0.5513379573822021,0.05761278048157692,-15.770506858825684
7650.0,1,300-800 Hz,4.473904482438229e-07,-60.49869155883789,0.5394339561462402,0.03370725363492966,-20.426416397094727
7650.0,2,0.8-2 kHz,1.3543350405598176e-06,-55.68829345703125,0.5560332536697388,0.05434045195579529,-16.278417587280273
7650.0,3,2-4 kHz,3.1212450721795904e-06,-52.062278747558594,0.5583009123802185,0.05510392785072327,-16.157230377197266
7650.0,4,>4 kHz,0.5004045963287354,-0.012344945222139359,0.6513149738311768,0.31323885917663574,-1.0633702278137207
7675.0,0,<300 Hz,2.45061727355278e-07,-63.11280059814453,0.5513379573822021,0.05761274695396423,-15.770511627197266
7675.0,1,300-800 Hz,3.8413929814851144e-07,-61.160667419433594,0.5394338965415955,0.0337071418762207,-20.42644500732422
7675.0,2,0.8-2 kHz,1.4524539437843487e-06,-55.38453674316406,0.5560333132743835,0.05434059351682663,-16.278396606445312
7675.0,3,2-4 kHz,3.2880120670597535e-06,-51.83622360229492,0.5583009719848633,0.05510416254401207,-16.157194137573242
7675.0,4,>4 kHz,0.5004875659942627,-0.011624883860349655,0.6513302326202393,0.31327441334724426,-1.0623843669891357
7700.0,0,<300 Hz,2.9741244134129374e-07,-62.27196502685547,0.5513379573822021,0.05761279538273811,-15.770503997802734
7700.0,1,300-800 Hz,4.2086850271516596e-07,-60.76409149169922,0.5394339561462402,0.033707208931446075,-20.42642593383789
7700.0,2,0.8-2 kHz,1.4142433428787626e-06,-55.50031661987305,0.5560332536697388,0.054340533912181854,-16.278404235839844
7700.0,3,2-4 kHz,3.2422585718450136e-06,-51.8970832824707,0.5583009719848633,0.055104099214076996,-16.157203674316406
7700.0,4,>4 kHz,0.5004514455795288,-0.011938435956835747,0.6513236165046692,0.31325897574424744,-1.0628125667572021
7725.0,0,<300 Hz,2.39299254189973e-07,-63.21614074707031,0.5513379573822021,0.057612743228673935,-15.770511627197266
7725.0,1,300-800 Hz,3.822502208095102e-07,-61.18207931518555,0.5394338965415955,0.0337071418762207,-20.42644500732422
7725.0,2,0.8-2 kHz,1.345713144473848e-06,-55.716033935546875,0.5560332536697388,0.05434044077992439,-16.278419494628906
7725.0,3,2-4 kHz,3.049990027648164e-06,-52.162574768066406,0.5583009123802185,0.05510383099317551,-16.15724754333496
7725.0,4,>4 kHz,0.5003054141998291,-0.01320585235953331,0.6512967348098755,0.3131963014602661,-1.0645506381988525
7750.0,0,<300 Hz,2.3670774851325405e-07,-63.26343536376953,0.5513379573822021,0.05761273205280304,-15.770513534545898
7750.0,1,300-800 Hz,4.136421409839386e-07,-60.83930969238281,0.5394338965415955,0.03370719403028488,-20.426429748535156
7750.0,2,0.8-2 kHz,1.2923977692480548e-06,-55.89159393310547,0.5560332536697388,0.05434036627411842,-16.278430938720703
7750.0,3,2-4 kHz,2.8340687094896566e-06,-52.4814567565918,0.5583008527755737,0.05510353296995163,-16.15729522705078
7750.0,4,>4 kHz,0.5000838041305542,-0.015130010433495045,0.6512558460235596,0.3131013512611389,-1.0671838521957397
7775.0,0,<300 Hz,2.387562290095957e-07,-63.226009368896484,0.5513379573822021,0.05761272832751274,-15.770513534545898
7775.0,1,300-800 Hz,3.798604097937641e-07,-61.20931625366211,0.5394338965415955,0.033707134425640106,-20.42644500732422
7775.0,2,0.8-2 kHz,1.2749534334943746e-06,-55.95061492919922,0.5560332536697388,0.054340340197086334,-16.2784366607666
7775.0,3,2-4 kHz,2.8496640425146325e-06,-52.45762252807617,0.5583008527755737,0.05510355159640312,-16.157291412353516
7775.0,4,>4 kHz,0.4998393952846527,-0.017253052443265915,0.6512107849121094,0.312996506690979,-1.0700931549072266
7800.0,0,<300 Hz,2.3785017333466385e-07,-63.242523193359375,0.5513379573822021,0.057612743228673935,-15.770511627197266
7800.0,1,300-800 Hz,3.852157988148974e-07,-61.14851379394531,0.5394338965415955,0.033707145601511,-20.426443099975586
7800.0,2,0.8-2 kHz,1.415479800925823e-06,-55.49652099609375,0.5560332536697388,0.05434054136276245,-16.278404235839844
7800.0,3,2-4 kHz,3.0516907827404793e-06,-52.160152435302734,0.5583009123802185,0.05510383099317551,-16.15724754333496
7800.0,4,>4 kHz,0.49962955713272095,-0.01907656528055668,0.6511721014976501,0.31290656328201294,-1.07258939743042
7825.0,0,<300 Hz,2.46375691403955e-07,-63.08958053588867,0.5513379573822021,0.05761272460222244,-15.770513534545898
7825.0,1,300-800 Hz,3.8235214105952764e-07,-61.1809196472168,0.5394338965415955,0.0337071418762207,-20.42644500732422
7825.0,2,0.8-2 kHz,1.4135059700493002e-06,-55.50258255004883,0.5560332536697388,0.054340533912181854,-16.278404235839844
7825.0,3,2-4 kHz,3.264610768383136e-06,-51.86724090576172,0.5583009719848633,0.05510413274168968,-16.15719985961914
7825.0,4,>4 kHz,0.49950405955314636,-0.02016765996813774,0.6511489152908325,0.31285274028778076,-1.0740838050842285
7850.0,0,<300 Hz,2.463657722273638e-07,-63.089752197265625,0.5513379573822021,0.05761275067925453,-15.77051067352295
7850.0,1,300-800 Hz,3.848827248020825e-07,-61.15227127075195,0.5394338965415955,0.0337071418762207,-20.42644500732422
7850.0,2,0.8-2 kHz,1.5323539628298022e-06,-55.15196990966797,0.5560333728790283,0.054340705275535583,-16.278377532958984
7850.0,3,2-4 kHz,3.2851435207703616e-06,-51.84001541137695,0.5583009719848633,0.05510415881872177,-16.157196044921875
7850.0,4,>4 kHz,0.4994920492172241,-0.020271947607398033,0.6511467695236206,0.3128475546836853,-1.0742273330688477
7875.0,0,<300 Hz,2.4041827373366687e-07,-63.19588088989258,0.5513379573822021,0.05761272460222244,-15.770513534545898
7875.0,1,300-800 Hz,3.8222125908760063e-07,-61.18240737915039,0.5394338965415955,0.0337071418762207,-20.42644500732422
7875.0,2,0.8-2 kHz,1.3688184026250383e-06,-55.64209747314453,0.5560332536697388,0.05434047430753708,-16.278413772583008
7875.0,3,2-4 kHz,3.091673079325119e-06,-52.10362243652344,0.5583009123802185,0.055103886872529984,-16.157238006591797
7875.0,4,>4 kHz,0.4995964765548706,-0.019364133477211,0.6511659622192383,0.312892347574234,-1.072984218597412
7900.0,0,<300 Hz,2.3579887908908859e-07,-63.2801399230957,0.5513379573822021,0.057612720876932144,-15.770515441894531
7900.0,1,300-800 Hz,3.8188522921700496e-07,-61.18622589111328,0.5394338965415955,0.033707138150930405,-20.42644500732422
7900.0,2,0.8-2 kHz,1.370717882309691e-06,-55.636077880859375,0.5560332536697388,0.05434047803282738,-16.278413772583008
7900.0,3,2-4 kHz,2.866639079002198e-06,-52.431827545166016,0.5583008527755737,0.05510357767343521,-16.157285690307617
7900.0,4,>4 kHz,0.49979230761528015,-0.017662139609456062,0.6512020826339722,0.3129763603210449,-1.070651888847351
7925.0,0,<300 Hz,2.3242495217346004e-07,-63.34272766113281,0.5513379573822021,0.05761273205280304,-15.770513534545898
7925.0,1,300-800 Hz,3.80669064270478e-07,-61.20008087158203,0.5394338965415955,0.033707138150930405,-20.42644500732422
7925.0,2,0.8-2 kHz,1.2722613291771268e-06,-55.95979690551758,0.5560332536697388,0.054340336471796036,-16.2784366607666
7925.0,3,2-4 kHz,2.8204231057316065e-06,-52.502410888671875,0.5583008527755737,0.05510351061820984,-16.157297134399414
7925.0,4,>4 kHz,0.5000336170196533,-0.015565655194222927,0.6512466073036194,0.3130798041820526,-1.0677815675735474
7950.0,0,<300 Hz,2.4556095468142303e-07,-63.103965759277344,0.5513379573822021,0.05761273205280304,-15.770513534545898
7950.0,1,300-800 Hz,3.775295738250861e-07,-61.236045837402344,0.5394338965415955,0.03370713070034981,-20.42644691467285
7950.0,2,0.8-2 kHz,1.3218250387581065e-06,-55.793819427490234,0.5560332536697388,0.05434040725231171,-16.278425216674805
7950.0,3,2-4 kHz,3.065827058890136e-06,-52.14008331298828,0.5583009123802185,0.0551038533449173,-16.157243728637695
7950.0,4,>4 kHz,0.5002632141113281,-0.01357223093509674,0.6512889266014099,0.3131781816482544,-1.0650526285171509
