frequency_hz,band_index,band_label,energy,energy_relative_db,gate,activation_rms,activation_relative_db
50.0,0,<250 Hz,0.4801614284515381,-0.19714286923408508,0.6380862593650818,0.28263819217681885,-3.5898985862731934
50.0,1,250-500 Hz,0.0002160595468012616,-33.665279388427734,0.6286553144454956,0.09662485867738724,-12.912738800048828
50.0,2,500-750 Hz,9.454348401050083e-06,-47.25469970703125,0.5396089553833008,0.031633660197257996,-22.611526489257812
50.0,3,750-1000 Hz,5.5353957577608526e-06,-49.57952880859375,0.6275707483291626,0.06981910765171051,-15.735030174255371
50.0,4,1-1.5 kHz,6.624918114539469e-06,-48.79920959472656,0.6208561658859253,0.09437333047389984,-13.117530822753906
50.0,5,1.5-2.5 kHz,6.274686711549293e-06,-49.03509521484375,0.5760230422019958,0.02675105631351471,-24.067697525024414
50.0,6,2.5-4 kHz,4.12422014051117e-06,-50.85759735107422,0.5410608053207397,0.01120590977370739,-31.625574111938477
50.0,7,>4 kHz,4.885070666205138e-06,-50.12230682373047,0.526366114616394,0.028227820992469788,-23.600969314575195
75.0,0,<250 Hz,0.45606303215026855,-0.42076683044433594,0.6341277360916138,0.2728372812271118,-3.8964409828186035
75.0,1,250-500 Hz,0.0009817065438255668,-27.091197967529297,0.628932535648346,0.09760831296443939,-12.824779510498047
75.0,2,500-750 Hz,9.79283322521951e-06,-47.101932525634766,0.5396089553833008,0.03163427114486694,-22.611358642578125
75.0,3,750-1000 Hz,8.309040822496172e-06,-47.81550979614258,0.6275715827941895,0.06982320547103882,-15.734519958496094
75.0,4,1-1.5 kHz,7.137437933124602e-06,-48.475589752197266,0.6208563446998596,0.09437397867441177,-13.117470741271973
75.0,5,1.5-2.5 kHz,6.5693002397893e-06,-48.8358268737793,0.5760231018066406,0.026751719415187836,-24.067480087280273
75.0,6,2.5-4 kHz,4.675323907576967e-06,-50.31290054321289,0.5410610437393188,0.011208068579435349,-31.623899459838867
75.0,7,>4 kHz,4.9664167818264104e-06,-50.05058288574219,0.526366114616394,0.028227971866726875,-23.600921630859375
100.0,0,<250 Hz,0.422781765460968,-0.7498529553413391,0.6285209059715271,0.2591361701488495,-4.343954563140869
100.0,1,250-500 Hz,0.0031324801966547966,-22.052133560180664,0.6297097206115723,0.10032835602760315,-12.586041450500488
100.0,2,500-750 Hz,1.0495212336536497e-05,-46.80110549926758,0.5396091938018799,0.03163554519414902,-22.611007690429688
100.0,3,750-1000 Hz,1.3218515960033983e-05,-45.79918670654297,0.6275733113288879,0.06983046233654022,-15.733617782592773
100.0,4,1-1.5 kHz,8.104972948785871e-06,-47.923500061035156,0.6208567023277283,0.09437523037195206,-13.117355346679688
100.0,5,1.5-2.5 kHz,7.096237823134288e-06,-48.500732421875,0.576023280620575,0.026752905920147896,-24.067096710205078
100.0,6,2.5-4 kHz,5.644996235787403e-06,-49.494380950927734,0.541061282157898,0.011211865581572056,-31.62095832824707
100.0,7,>4 kHz,5.1091660679958295e-06,-49.92751693725586,0.5263661742210388,0.028228238224983215,-23.600841522216797
125.0,0,<250 Hz,0.38123461604118347,-1.1990923881530762,0.621283769607544,0.24173502624034882,-4.947723865509033
125.0,1,250-500 Hz,0.007865066640079021,-18.053991317749023,0.6314115524291992,0.10611240565776825,-12.099191665649414
125.0,2,500-750 Hz,1.1944551260967273e-05,-46.23931884765625,0.5396096706390381,0.03163817152380943,-22.610286712646484
125.0,3,750-1000 Hz,1.879133196780458e-05,-44.27143859863281,0.6275752186775208,0.06983870267868042,-15.732592582702637
125.0,4,1-1.5 kHz,9.338071322417818e-06,-47.30844497680664,0.6208571791648865,0.0943768098950386,-13.117209434509277
125.0,5,1.5-2.5 kHz,7.715472747804597e-06,-48.13739013671875,0.5760234594345093,0.02675429731607437,-24.06664276123047
125.0,6,2.5-4 kHz,6.706599833705695e-06,-48.74599075317383,0.5410616397857666,0.011216022074222565,-31.617738723754883
125.0,7,>4 kHz,5.268631866783835e-06,-49.794036865234375,0.5263662338256836,0.028228536248207092,-23.60074806213379
150.0,0,<250 Hz,0.33305594325065613,-1.7858436107635498,0.6125425100326538,0.22108198702335358,-5.723447799682617
150.0,1,250-500 Hz,0.01672292873263359,-14.777891159057617,0.6345667839050293,0.1163150817155838,-11.30179500579834
150.0,2,500-750 Hz,1.438243816664908e-05,-45.43269348144531,0.5396104454994202,0.03164258971810341,-22.60907745361328
150.0,3,750-1000 Hz,2.2558124328497797e-05,-43.47798156738281,0.627576470375061,0.06984426081180573,-15.731901168823242
150.0,4,1-1.5 kHz,1.0395346180303022e-05,-46.842628479003906,0.6208575367927551,0.09437815845012665,-13.117085456848145
150.0,5,1.5-2.5 kHz,8.168731255864259e-06,-47.88947296142578,0.5760235786437988,0.0267553199082613,-24.066312789916992
150.0,6,2.5-4 kHz,7.33677461539628e-06,-48.35596466064453,0.5410618782043457,0.011218489147722721,-31.615829467773438
150.0,7,>4 kHz,5.370749022404198e-06,-49.710662841796875,0.5263662338256836,0.028228726238012314,-23.600690841674805
175.0,0,<250 Hz,0.28064069151878357,-2.5295090675354004,0.6025786399841309,0.19791100919246674,-6.685116767883301
175.0,1,250-500 Hz,0.03136137127876282,-12.047065734863281,0.6396963596343994,0.13182149827480316,-10.214791297912598
175.0,2,500-750 Hz,1.6969173884717748e-05,-44.71440887451172,0.5396112203598022,0.031647272408008575,-22.6077880859375
175.0,3,750-1000 Hz,2.2720141714671627e-05,-43.446903228759766,0.6275765895843506,0.06984450668096542,-15.731870651245117
175.0,4,1-1.5 kHz,1.0828966878762003e-05,-46.66514587402344,0.6208577156066895,0.09437872469425201,-13.117033004760742
175.0,5,1.5-2.5 kHz,8.2423666754039e-06,-47.850494384765625,0.5760235786437988,0.02675548382103443,-24.066259384155273
175.0,6,2.5-4 kHz,7.185833055700641e-06,-48.44624328613281,0.5410618185997009,0.011217898689210415,-31.61628532409668
175.0,7,>4 kHz,5.361828698369209e-06,-49.7178840637207,0.5263662338256836,0.02822870947420597,-23.60069465637207
200.0,0,<250 Hz,0.2269797921180725,-3.451143503189087,0.5918518304824829,0.17320473492145538,-7.843320369720459
200.0,1,250-500 Hz,0.053107645362615585,-9.759445190429688,0.6471266746520996,0.15268614888191223,-8.938523292541504
200.0,2,500-750 Hz,1.7318339814664796e-05,-44.625953674316406,0.5396113395690918,0.03164792060852051,-22.60761260986328
200.0,3,750-1000 Hz,1.9400134988245554e-05,-44.132965087890625,0.6275753974914551,0.06983960419893265,-15.7324800491333
200.0,4,1-1.5 kHz,1.0469448170624673e-05,-46.81177520751953,0.6208575963973999,0.09437825530767441,-13.11707592010498
200.0,5,1.5-2.5 kHz,7.917999027995393e-06,-48.02486038208008,0.576023519039154,0.026754755526781082,-24.066495895385742
200.0,6,2.5-4 kHz,6.344412213366013e-06,-48.98710250854492,0.541061520576477,0.011214604601264,-31.61883544921875
200.0,7,>4 kHz,5.248337856755825e-06,-49.810794830322266,0.5263662338256836,0.028228498995304108,-23.600759506225586
225.0,0,<250 Hz,0.1752929389476776,-4.573371410369873,0.5809775590896606,0.14808019995689392,-9.204575538635254
225.0,1,250-500 Hz,0.08238209038972855,-7.852687358856201,0.6567829847335815,0.17806988954544067,-7.602705478668213
225.0,2,500-750 Hz,1.5654768503736705e-05,-45.06454849243164,0.5396108031272888,0.03164493292570114,-22.60843276977539
225.0,3,750-1000 Hz,1.4464763808064163e-05,-45.407901763916016,0.6275737285614014,0.06983231753110886,-15.733386039733887
225.0,4,1-1.5 kHz,9.55122959567234e-06,-47.21042251586914,0.6208572387695312,0.09437708556652069,-13.11718463897705
225.0,5,1.5-2.5 kHz,7.3857809184119105e-06,-48.327049255371094,0.5760233402252197,0.026753559708595276,-24.066884994506836
225.0,6,2.5-4 kHz,5.274302111502038e-06,-49.78936767578125,0.5410612225532532,0.01121041551232338,-31.622081756591797
225.0,7,>4 kHz,5.092030733067077e-06,-49.942108154296875,0.5263661742210388,0.028228208422660828,-23.600849151611328
250.0,0,<250 Hz,0.12853948771953583,-5.920649528503418,0.5706483721733093,0.12363128364086151,-10.771947860717773
250.0,1,250-500 Hz,0.118150494992733,-6.2866597175598145,0.6680665612220764,0.20633690059185028,-6.322977542877197
250.0,2,500-750 Hz,3.1922347261570394e-05,-41.97006607055664,0.5396158695220947,0.03167438879609108,-22.60034942626953
250.0,3,750-1000 Hz,1.0157378710573539e-05,-46.943199157714844,0.6275722980499268,0.06982594728469849,-15.73417854309082
250.0,4,1-1.5 kHz,8.568268640374299e-06,-47.68208312988281,0.6208568811416626,0.09437581896781921,-13.117301940917969
250.0,5,1.5-2.5 kHz,6.913781362527516e-06,-48.61385726928711,0.5760232210159302,0.026752498000860214,-24.067230224609375
250.0,6,2.5-4 kHz,4.464708581508603e-06,-50.513084411621094,0.5410609841346741,0.011207245290279388,-31.62453842163086
250.0,7,>4 kHz,4.965368589182617e-06,-50.05149841308594,0.526366114616394,0.028227970004081726,-23.600923538208008
275.0,0,<250 Hz,0.08894308656454086,-7.519893646240234,0.5615085363388062,0.10078554600477219,-12.546550750732422
275.0,1,250-500 Hz,0.15763869881629944,-5.034387111663818,0.679902195930481,0.23518624901771545,-5.186276912689209
275.0,2,500-750 Hz,0.0001467708934796974,-35.3446159362793,0.5396513938903809,0.031881436705589294,-22.54375648498535
275.0,3,750-1000 Hz,7.726976036792621e-06,-48.130916595458984,0.6275714635848999,0.06982235610485077,-15.734625816345215
275.0,4,1-1.5 kHz,7.957377420098055e-06,-48.00331497192383,0.6208566427230835,0.09437503665685654,-13.117372512817383
275.0,5,1.5-2.5 kHz,6.672717063338496e-06,-48.76798629760742,0.5760231018066406,0.026751957833766937,-24.06740379333496
275.0,6,2.5-4 kHz,4.104482741240645e-06,-50.8784294128418,0.5410608053207397,0.011205833405256271,-31.625633239746094
275.0,7,>4 kHz,4.9030686568585224e-06,-50.1063346862793,0.526366114616394,0.028227854520082474,-23.6009578704834
300.0,0,<250 Hz,0.05767005681991577,-9.401511192321777,0.5540204644203186,0.08022871613502502,-14.527917861938477
300.0,1,250-500 Hz,0.19650913774967194,-4.077187538146973,0.6909540295600891,0.2618633210659027,-4.253022193908691
300.0,2,500-750 Hz,0.0005742142675444484,-29.420276641845703,0.5397837162017822,0.03264100104570389,-22.33924674987793
300.0,3,750-1000 Hz,7.072133939800551e-06,-48.51551055908203,0.6275712251663208,0.06982138007879257,-15.734746932983398
300.0,4,1-1.5 kHz,7.851282134652138e-06,-48.061607360839844,0.6208566427230835,0.0943748950958252,-13.117385864257812
300.0,5,1.5-2.5 kHz,6.6515622165752575e-06,-48.78178024291992,0.5760231018066406,0.026751909404993057,-24.067419052124023
300.0,6,2.5-4 kHz,4.0484374039806426e-06,-50.938140869140625,0.5410608053207397,0.011205615475773811,-31.625802993774414
300.0,7,>4 kHz,4.891211574431509e-06,-50.11684799194336,0.526366114616394,0.028227830305695534,-23.600963592529297
325.0,0,<250 Hz,0.034754298627376556,-11.600931167602539,0.5483752489089966,0.062414202839136124,-16.708847045898438
325.0,1,250-500 Hz,0.22956231236457825,-3.4020094871520996,0.6999119520187378,0.283517062664032,-3.562931776046753
325.0,2,500-750 Hz,0.001760970102623105,-24.55349349975586,0.5401507616043091,0.03466755151748657,-21.81605339050293
325.0,3,750-1000 Hz,7.39576353225857e-06,-48.32118606567383,0.6275713443756104,0.06982186436653137,-15.734686851501465
325.0,4,1-1.5 kHz,8.072909622569568e-06,-47.940711975097656,0.6208567023277283,0.09437518566846848,-13.117359161376953
325.0,5,1.5-2.5 kHz,6.731049325026106e-06,-48.730186462402344,0.5760232210159302,0.026752091944217682,-24.06736183166504
325.0,6,2.5-4 kHz,4.065551365783904e-06,-50.91981887817383,0.5410608053207397,0.011205682530999184,-31.625749588012695
325.0,7,>4 kHz,4.895678102911916e-06,-50.112884521484375,0.526366114616394,0.02822783961892128,-23.600961685180664
350.0,0,<250 Hz,0.019276387989521027,-14.160758972167969,0.5444837212562561,0.04762840270996094,-19.05719566345215
350.0,1,250-500 Hz,0.25183188915252686,-2.999908447265625,0.7057308554649353,0.29766249656677246,-3.14003324508667
350.0,2,500-750 Hz,0.0044852374121546745,-20.493162155151367,0.5409915447235107,0.038947008550167084,-20.80503273010254
350.0,3,750-1000 Hz,8.038792657316662e-06,-47.9591064453125,0.6275715827941895,0.06982281804084778,-15.734567642211914
350.0,4,1-1.5 kHz,8.381010957236867e-06,-47.778053283691406,0.620856761932373,0.09437557309865952,-13.117323875427246
350.0,5,1.5-2.5 kHz,6.8278641265351325e-06,-48.66816711425781,0.5760232210159302,0.026752308011054993,-24.067289352416992
350.0,6,2.5-4 kHz,4.12531289839535e-06,-50.8564453125,0.5410608053207397,0.011205916292965412,-31.625568389892578
350.0,7,>4 kHz,4.906903086521197e-06,-50.10293960571289,0.526366114616394,0.02822786197066307,-23.6009578704834
375.0,0,<250 Hz,0.009721401147544384,-17.13372802734375,0.5420490503311157,0.03605620563030243,-21.47491455078125
375.0,1,250-500 Hz,0.259765088558197,-2.8652074337005615,0.7077630758285522,0.3026241958141327,-2.9964425563812256
375.0,2,500-750 Hz,0.009902761317789555,-17.05345344543457,0.5426560640335083,0.046381644904613495,-19.2875919342041
375.0,3,750-1000 Hz,8.79771960171638e-06,-47.56731414794922,0.6275718212127686,0.06982393562793732,-15.734429359436035
375.0,4,1-1.5 kHz,8.731361958780326e-06,-47.600196838378906,0.6208569407463074,0.09437603503465652,-13.117280960083008
375.0,5,1.5-2.5 kHz,6.995341664151056e-06,-48.56292724609375,0.5760232210159302,0.026752689853310585,-24.06716537475586
375.0,6,2.5-4 kHz,4.437294592207763e-06,-50.539833068847656,0.5410609245300293,0.011207140050828457,-31.62462043762207
375.0,7,>4 kHz,4.946877652400872e-06,-50.06770706176758,0.526366114616394,0.02822793461382389,-23.600933074951172
400.0,0,<250 Hz,0.004390135873109102,-20.58623504638672,0.5406795740127563,0.027779025956988335,-23.740175247192383
400.0,1,250-500 Hz,0.25211477279663086,-2.99503231048584,0.7058036923408508,0.2978401184082031,-3.1348516941070557
400.0,2,500-750 Hz,0.019474254921078682,-14.11640739440918,0.5455727577209473,0.05742662027478218,-17.4322509765625
400.0,3,750-1000 Hz,9.790233889361843e-06,-47.103084564208984,0.6275721192359924,0.06982540339231491,-15.734247207641602
400.0,4,1-1.5 kHz,9.331130058853887e-06,-47.31167221069336,0.6208571195602417,0.09437678754329681,-13.117212295532227
400.0,5,1.5-2.5 kHz,7.366506906691939e-06,-48.33839797973633,0.5760233402252197,0.02675352618098259,-24.066896438598633
400.0,6,2.5-4 kHz,5.1960414566565305e-06,-49.854286193847656,0.5410611629486084,0.011210111901164055,-31.622316360473633
400.0,7,>4 kHz,5.048945240559988e-06,-49.97901153564453,0.5263661742210388,0.02822812832891941,-23.600873947143555
425.0,0,<250 Hz,0.0017421580851078033,-24.600139617919922,0.5399965047836304,0.022636529058218002,-25.518320083618164
425.0,1,250-500 Hz,0.23024612665176392,-3.389091968536377,0.7000932693481445,0.2839564383029938,-3.54948091506958
425.0,2,500-750 Hz,0.034721292555332184,-11.605056762695312,0.5501565933227539,0.07205599546432495,-15.461112976074219
425.0,3,750-1000 Hz,1.1418070243962575e-05,-46.435089111328125,0.6275726556777954,0.06982782483100891,-15.733945846557617
425.0,4,1-1.5 kHz,1.0407606168882921e-05,-46.83750534057617,0.6208575367927551,0.09437818080186844,-13.117083549499512
425.0,5,1.5-2.5 kHz,8.006508323887829e-06,-47.976585388183594,0.576023519039154,0.026754966005682945,-24.06642723083496
425.0,6,2.5-4 kHz,6.304895578068681e-06,-49.01423645019531,0.541061520576477,0.011214455589652061,-31.618953704833984
425.0,7,>4 kHz,5.208453330851626e-06,-49.84392547607422,0.5263662338256836,0.02822842448949814,-23.600784301757812
450.0,0,<250 Hz,0.0005960791022516787,-29.257976531982422,0.5397002696990967,0.02002115175127983,-26.584735870361328
450.0,1,250-500 Hz,0.19775861501693726,-4.049661636352539,0.6912998557090759,0.262697696685791,-4.225390434265137
450.0,2,500-750 Hz,0.056806303560733795,-9.467050552368164,0.556662917137146,0.08990655094385147,-13.538689613342285
450.0,3,750-1000 Hz,1.530564622953534e-05,-45.162498474121094,0.6275740265846252,0.06983356177806854,-15.733231544494629
450.0,4,1-1.5 kHz,1.1915146387764253e-05,-46.250022888183594,0.6208580732345581,0.09438011050224304,-13.116905212402344
450.0,5,1.5-2.5 kHz,8.79252274899045e-06,-47.569881439208984,0.5760237574577332,0.026756739243865013,-24.065853118896484
450.0,6,2.5-4 kHz,7.306575298571261e-06,-48.37387466430664,0.5410618782043457,0.011218376457691193,-31.615915298461914
450.0,7,>4 kHz,5.37213009010884e-06,-49.70954895019531,0.5263662338256836,0.028228729963302612,-23.600688934326172
475.0,0,<250 Hz,0.00017705622303765267,-34.529903411865234,0.5395918488502502,0.01897755265235901,-27.049711227416992
475.0,1,250-500 Hz,0.1595623791217804,-4.981710433959961,0.6804628372192383,0.23654237389564514,-5.136336326599121
475.0,2,500-750 Hz,0.08600929379463196,-7.665562152862549,0.5650315284729004,0.11032816022634506,-11.760787963867188
475.0,3,750-1000 Hz,2.8471698897192255e-05,-42.46688461303711,0.6275784969329834,0.06985302269458771,-15.73081111907959
475.0,4,1-1.5 kHz,1.3459615729516372e-05,-45.72068786621094,0.6208586692810059,0.09438209235668182,-13.11672306060791
475.0,5,1.5-2.5 kHz,9.443756425753236e-06,-47.25956726074219,0.5760239362716675,0.026758205145597458,-24.06537628173828
475.0,6,2.5-4 kHz,7.684533557039686e-06,-48.15483856201172,0.5410619974136353,0.011219855397939682,-31.614770889282227
475.0,7,>4 kHz,5.462458375404822e-06,-49.63713836669922,0.5263662934303284,0.02822890132665634,-23.600635528564453
500.0,0,<250 Hz,5.352183143259026e-05,-39.7257080078125,0.5395598411560059,0.01865885779261589,-27.196815490722656
500.0,1,250-500 Hz,0.12072031944990158,-6.193211555480957,0.6688562631607056,0.20828011631965637,-6.2415595054626465
500.0,2,500-750 Hz,0.12125158309936523,-6.174140930175781,0.5747889280319214,0.13231439888477325,-10.182373046875
500.0,3,750-1000 Hz,7.690311758778989e-05,-38.15157699584961,0.6275948882102966,0.06992455571889877,-15.721921920776367
500.0,4,1-1.5 kHz,1.4574125088984147e-05,-45.37519073486328,0.6208590269088745,0.09438352286815643,-13.116592407226562
500.0,5,1.5-2.5 kHz,9.698434951133095e-06,-47.14399719238281,0.576024055480957,0.02675878256559372,-24.065189361572266
500.0,6,2.5-4 kHz,7.2316124715143815e-06,-48.418663024902344,0.5410618782043457,0.011218084953725338,-31.61614227294922
500.0,7,>4 kHz,5.434965714812279e-06,-49.6590461730957,0.5263662338256836,0.028228849172592163,-23.60065269470215
525.0,0,<250 Hz,2.588340976217296e-05,-42.880802154541016,0.5395526885986328,0.018586700782179832,-27.230470657348633
525.0,1,250-500 Hz,0.08541461825370789,-7.695693492889404,0.6577612161636353,0.18056732416152954,-7.481732368469238
525.0,2,500-750 Hz,0.15985941886901855,-4.973633289337158,0.5850687623023987,0.1544247269630432,-8.840178489685059
525.0,3,750-1000 Hz,0.0002400919038336724,-33.20724105834961,0.6276502013206482,0.07016509771347046,-15.692091941833496
525.0,4,1-1.5 kHz,1.5096245078893844e-05,-45.22232437133789,0.6208592653274536,0.09438419342041016,-13.116530418395996
525.0,5,1.5-2.5 kHz,9.495738595433068e-06,-47.23572540283203,0.5760239362716675,0.026758329942822456,-24.06533432006836
525.0,6,2.5-4 kHz,6.221933290362358e-06,-49.07176208496094,0.541061520576477,0.01121413242071867,-31.619203567504883
525.0,7,>4 kHz,5.3095000112080015e-06,-49.76047897338867,0.5263662338256836,0.02822861447930336,-23.600723266601562
550.0,0,<250 Hz,2.0875118934782222e-05,-43.814727783203125,0.5395513772964478,0.018573515117168427,-27.23663330078125
550.0,1,250-500 Hz,0.05631065368652344,-9.505109786987305,0.6482023000717163,0.15559329092502594,-8.774698257446289
550.0,2,500-750 Hz,0.19772964715957642,-4.050297737121582,0.594757080078125,0.17481648921966553,-7.7628679275512695
550.0,3,750-1000 Hz,0.0007189551251940429,-28.44399642944336,0.6278123259544373,0.07086674869060516,-15.60566520690918
550.0,4,1-1.5 kHz,1.5292827811208554e-05,-45.1661376953125,0.6208592653274536,0.09438444674015045,-13.116507530212402
550.0,5,1.5-2.5 kHz,9.037681593326852e-06,-47.45044708251953,0.5760238170623779,0.02675729990005493,-24.0656681060791
550.0,6,2.5-4 kHz,5.194733603275381e-06,-49.855384826660156,0.5410611629486084,0.011210111901164055,-31.622316360473633
550.0,7,>4 kHz,5.157245595910354e-06,-49.886837005615234,0.5263662338256836,0.028228331357240677,-23.600811004638672
575.0,0,<250 Hz,1.9001463442691602e-05,-44.22314453125,0.5395509004592896,0.01856854371726513,-27.23895835876465
575.0,1,250-500 Hz,0.03441724553704262,-11.643255233764648,0.6407541036605835,0.13488993048667908,-10.014925003051758
575.0,2,500-750 Hz,0.2299533486366272,-3.394618034362793,0.6027077436447144,0.19144825637340546,-6.97348690032959
575.0,3,750-1000 Hz,0.0019388908986002207,-24.135482788085938,0.6282249689102173,0.07262725383043289,-15.392522811889648
575.0,4,1-1.5 kHz,1.5639292541891336e-05,-45.06884765625,0.6208594441413879,0.09438488632440567,-13.116466522216797
575.0,5,1.5-2.5 kHz,8.625573173048906e-06,-47.65313720703125,0.5760236978530884,0.026756374165415764,-24.06597137451172
575.0,6,2.5-4 kHz,4.571094450511737e-06,-50.41081237792969,0.5410610437393188,0.011207669973373413,-31.624210357666016
575.0,7,>4 kHz,5.047787453804631e-06,-49.98000717163086,0.5263661742210388,0.02822812646627426,-23.600873947143555
600.0,0,<250 Hz,1.732664713927079e-05,-44.623870849609375,0.5395504832267761,0.018564114347100258,-27.241029739379883
600.0,1,250-500 Hz,0.019368218258023262,-14.140118598937988,0.635501503944397,0.11922899633646011,-11.086878776550293
600.0,2,500-750 Hz,0.2517947554588318,-3.000548839569092,0.6079496741294861,0.20242531597614288,-6.4892191886901855
600.0,3,750-1000 Hz,0.004663837142288685,-20.32358169555664,0.6291440725326538,0.07643119990825653,-14.949102401733398
600.0,4,1-1.5 kHz,1.651555248827208e-05,-44.83208465576172,0.6208597421646118,0.0943860113620758,-13.116363525390625
600.0,5,1.5-2.5 kHz,8.483817509841174e-06,-47.725101470947266,0.5760236978530884,0.026756063103675842,-24.066070556640625
600.0,6,2.5-4 kHz,4.389171408547554e-06,-50.58719253540039,0.5410609245300293,0.011206958442926407,-31.624759674072266
600.0,7,>4 kHz,5.004140348319197e-06,-50.01771926879883,0.526366114616394,0.028228042647242546,-23.600900650024414
625.0,0,<250 Hz,1.5949746739352122e-05,-44.98347854614258,0.5395501852035522,0.01856047846376896,-27.242733001708984
625.0,1,250-500 Hz,0.009938300587236881,-17.037893295288086,0.6321535110473633,0.10856781154870987,-11.900493621826172
625.0,2,500-750 Hz,0.25977465510368347,-2.8650476932525635,0.6098359823226929,0.2063840627670288,-6.3209919929504395
625.0,3,750-1000 Hz,0.010063527151942253,-16.98351287841797,0.6309554576873779,0.08352521061897278,-14.178163528442383
625.0,4,1-1.5 kHz,1.815255018300377e-05,-44.42163848876953,0.6208603382110596,0.09438811242580414,-13.116168975830078
625.0,5,1.5-2.5 kHz,8.613091267761774e-06,-47.659423828125,0.5760236978530884,0.02675635740160942,-24.065975189208984
625.0,6,2.5-4 kHz,4.415082457853714e-06,-50.56163024902344,0.5410609245300293,0.011207062751054764,-31.624679565429688
625.0,7,>4 kHz,5.004153535992373e-06,-50.01770782470703,0.526366114616394,0.028228040784597397,-23.600900650024414
650.0,0,<250 Hz,1.5023168089101091e-05,-45.24340057373047,0.5395499467849731,0.01855802908539772,-27.243879318237305
650.0,1,250-500 Hz,0.004584356676787138,-20.398231506347656,0.6302329301834106,0.10213089734315872,-12.43137264251709
650.0,2,500-750 Hz,0.2525341212749481,-2.987814426422119,0.6081250905990601,0.2027932107448578,-6.473446846008301
650.0,3,750-1000 Hz,0.01965402439236641,-14.076499938964844,0.6341398358345032,0.09501723200082779,-13.058467864990234
650.0,4,1-1.5 kHz,2.0676414351328276e-05,-43.85626220703125,0.620861291885376,0.0943913459777832,-13.115872383117676
650.0,5,1.5-2.5 kHz,8.87002534000203e-06,-47.531768798828125,0.5760237574577332,0.02675693668425083,-24.06578826904297
650.0,6,2.5-4 kHz,4.453621841093991e-06,-50.52388000488281,0.5410609841346741,0.011207215487957,-31.624561309814453
650.0,7,>4 kHz,5.016403520130552e-06,-50.0070915222168,0.526366114616394,0.028228066861629486,-23.600893020629883
675.0,0,<250 Hz,1.4416266822081525e-05,-45.4224853515625,0.539549708366394,0.018556412309408188,-27.2446346282959
675.0,1,250-500 Hz,0.0018600814510136843,-24.315696716308594,0.629250168800354,0.09872658550739288,-12.725833892822266
675.0,2,500-750 Hz,0.23119662702083588,-3.3712005615234375,0.6030092835426331,0.19207903742790222,-6.944916248321533
675.0,3,750-1000 Hz,0.03504367172718048,-11.564920425415039,0.639163613319397,0.11143258959054947,-11.674270629882812
675.0,4,1-1.5 kHz,2.3601056454936042e-05,-43.28170394897461,0.6208623647689819,0.09439510107040405,-13.11552619934082
675.0,5,1.5-2.5 kHz,9.133293133345433e-06,-47.40474319458008,0.5760238766670227,0.026757536455988884,-24.06559181213379
675.0,6,2.5-4 kHz,4.592397999658715e-06,-50.390621185302734,0.5410610437393188,0.011207759380340576,-31.624141693115234
675.0,7,>4 kHz,5.038203198637348e-06,-49.988258361816406,0.526366114616394,0.02822810783982277,-23.600881576538086
700.0,0,<250 Hz,1.3711722203879617e-05,-45.640098571777344,0.5395495891571045,0.01855454593896866,-27.24551010131836
700.0,1,250-500 Hz,0.0006410889327526093,-28.941831588745117,0.6288092136383057,0.09717181324958801,-12.863710403442383
700.0,2,500-750 Hz,0.19910243153572083,-4.020249843597412,0.5951012372970581,0.1755370795726776,-7.727138519287109
700.0,3,750-1000 Hz,0.05747552961111069,-9.41618537902832,0.64630126953125,0.13253949582576752,-10.167609214782715
700.0,4,1-1.5 kHz,2.505528027541004e-05,-43.02202224731445,0.6208628416061401,0.09439696371555328,-13.115354537963867
700.0,5,1.5-2.5 kHz,9.467670679441653e-06,-47.24858093261719,0.5760239362716675,0.026758292689919472,-24.065345764160156
700.0,6,2.5-4 kHz,5.099836926092394e-06,-49.93545150756836,0.5410611629486084,0.011209748685359955,-31.62259864807129
700.0,7,>4 kHz,5.0945427574333735e-06,-49.93996047973633,0.5263661742210388,0.028228215873241425,-23.600847244262695
725.0,0,<250 Hz,1.2476210031309165e-05,-46.05018997192383,0.5395492315292358,0.018551310524344444,-27.247024536132812
725.0,1,250-500 Hz,0.00017800545901991427,-34.50667953491211,0.6286416053771973,0.0965757742524147,-12.91715145111084
725.0,2,500-750 Hz,0.1609950065612793,-4.942891597747803,0.585364818572998,0.15505234897136688,-8.804948806762695
725.0,3,750-1000 Hz,0.08725247532129288,-7.603238105773926,0.6554490923881531,0.15741188824176788,-8.673765182495117
725.0,4,1-1.5 kHz,2.459616371197626e-05,-43.10234069824219,0.6208626627922058,0.09439638257026672,-13.115407943725586
725.0,5,1.5-2.5 kHz,1.0038392247224692e-05,-46.99436950683594,0.5760241746902466,0.026759587228298187,-24.064926147460938
725.0,6,2.5-4 kHz,6.097525783843594e-06,-49.15947723388672,0.541061520576477,0.011213656514883041,-31.619569778442383
725.0,7,>4 kHz,5.219170361669967e-06,-49.834999084472656,0.5263662338256836,0.02822844684123993,-23.60077667236328
750.0,0,<250 Hz,1.0760308214230463e-05,-46.69276809692383,0.5395488142967224,0.018546808511018753,-27.249130249023438
750.0,1,250-500 Hz,3.977968299295753e-05,-41.014404296875,0.6285914182662964,0.096397265791893,-12.933220863342285
750.0,2,500-750 Hz,0.12191947549581528,-6.150284767150879,0.5749703645706177,0.13271169364452362,-10.156331062316895
750.0,3,750-1000 Hz,0.1232224851846695,-6.104115962982178,0.6660259366035461,0.18451447784900665,-7.293906211853027
750.0,4,1-1.5 kHz,3.8473877793876454e-05,-41.159358978271484,0.6208676695823669,0.09441418200731277,-13.113770484924316
750.0,5,1.5-2.5 kHz,1.0942118024104275e-05,-46.62000274658203,0.5760243535041809,0.026761621236801147,-24.064266204833984
750.0,6,2.5-4 kHz,7.326779723371146e-06,-48.36188507080078,0.5410618782043457,0.011218469589948654,-31.6158447265625
750.0,7,>4 kHz,5.396760570874903e-06,-49.68968200683594,0.5263662338256836,0.02822878025472164,-23.60067367553711
775.0,0,<250 Hz,9.241873158316594e-06,-47.353416442871094,0.539548397064209,0.018542829900979996,-27.250995635986328
775.0,1,250-500 Hz,1.4501524674415123e-05,-45.396881103515625,0.6285822987556458,0.0963645875453949,-12.936166763305664
775.0,2,500-750 Hz,0.08617207407951355,-7.657350540161133,0.5650774836540222,0.11043522506952286,-11.752363204956055
775.0,3,750-1000 Hz,0.16254401206970215,-4.901305675506592,0.6770285964012146,0.2117685228586197,-6.097287654876709
775.0,4,1-1.5 kHz,0.00013960951764602214,-35.56186294555664,0.6209042072296143,0.0945436954498291,-13.101863861083984
775.0,5,1.5-2.5 kHz,1.2048079042870086e-05,-46.201839447021484,0.5760246515274048,0.026764119043946266,-24.06345558166504
775.0,6,2.5-4 kHz,8.214188710553572e-06,-47.8653678894043,0.5410621166229248,0.01122194342315197,-31.613155364990234
775.0,7,>4 kHz,5.5631771829212084e-06,-49.55778503417969,0.5263662934303284,0.028229089453816414,-23.60057830810547
800.0,0,<250 Hz,8.675389835843816e-06,-47.62812805175781,0.5395482778549194,0.01854133978486061,-27.251693725585938
800.0,1,250-500 Hz,1.6055333617259748e-05,-44.95482635498047,0.6285828351974487,0.09636659920215607,-12.935985565185547
800.0,2,500-750 Hz,0.05659058690071106,-9.483573913574219,0.5566000938415527,0.08974465727806091,-13.554344177246094
800.0,3,750-1000 Hz,0.20090344548225403,-3.9811415672302246,0.6872328519821167,0.2367023229598999,-5.130465030670166
800.0,4,1-1.5 kHz,0.0005305941449478269,-29.763391494750977,0.6210453510284424,0.09504298865795135,-13.056114196777344
800.0,5,1.5-2.5 kHz,1.3018242498219479e-05,-45.86549377441406,0.5760250091552734,0.02676631137728691,-24.062746047973633
800.0,6,2.5-4 kHz,8.287137461593375e-06,-47.82697296142578,0.5410621166229248,0.011222229339182377,-31.612932205200195
800.0,7,>4 kHz,5.643622444040375e-06,-49.49543380737305,0.5263663530349731,0.0282292403280735,-23.60053253173828
825.0,0,<250 Hz,9.11797906155698e-06,-47.41202926635742,0.539548397064209,0.018542494624853134,-27.25115203857422
825.0,1,250-500 Hz,1.805619649530854e-05,-44.44475173950195,0.6285836100578308,0.0963691845536232,-12.935751914978027
825.0,2,500-750 Hz,0.03433097153902054,-11.654153823852539,0.5500402450561523,0.0717114582657814,-15.502744674682617
825.0,3,750-1000 Hz,0.23322182893753052,-3.3333234786987305,0.6954479217529297,0.2567555606365204,-4.424118518829346
825.0,4,1-1.5 kHz,0.0016441429033875465,-24.851619720458984,0.6214468479156494,0.09645325690507889,-12.928176879882812
825.0,5,1.5-2.5 kHz,1.3543860404752195e-05,-45.6935920715332,0.576025128364563,0.02676750347018242,-24.06235694885254
825.0,6,2.5-4 kHz,7.533599273301661e-06,-48.240989685058594,0.5410618782043457,0.011219283565878868,-31.615211486816406
825.0,7,>4 kHz,5.597348717856221e-06,-49.531192779541016,0.5263663530349731,0.028229156509041786,-23.600557327270508
850.0,0,<250 Hz,9.774482350621838e-06,-47.110076904296875,0.5395485162734985,0.018544204533100128,-27.250350952148438
850.0,1,250-500 Hz,1.6553707610000856e-05,-44.82206344604492,0.6285830736160278,0.0963672399520874,-12.93592643737793
850.0,2,500-750 Hz,0.019095471128821373,-14.201711654663086,0.5454579591751099,0.05702466517686844,-17.493261337280273
850.0,3,750-1000 Hz,0.254710853099823,-2.9505410194396973,0.7007262706756592,0.26969313621520996,-3.997117519378662
850.0,4,1-1.5 kHz,0.00424319040030241,-20.73409080505371,0.6223815679550171,0.09968093782663345,-12.642273902893066
850.0,5,1.5-2.5 kHz,1.3574493095802609e-05,-45.683780670166016,0.576025128364563,0.026767581701278687,-24.062332153320312
850.0,6,2.5-4 kHz,6.403945917554665e-06,-48.946537017822266,0.5410615801811218,0.011214864440262318,-31.618635177612305
850.0,7,>4 kHz,5.45982584299054e-06,-49.63922882080078,0.5263662338256836,0.028228897601366043,-23.600637435913086
875.0,0,<250 Hz,9.642719305702485e-06,-47.16901779174805,0.5395485162734985,0.018543852493166924,-27.250516891479492
875.0,1,250-500 Hz,1.3295308235683478e-05,-45.77403259277344,0.6285818815231323,0.09636303782463074,-12.93630599975586
875.0,2,500-750 Hz,0.009643260389566422,-17.16877555847168,0.5425765514373779,0.046050235629081726,-19.349878311157227
875.0,3,750-1000 Hz,0.26198601722717285,-2.8282344341278076,0.7024809718132019,0.27400925755500793,-3.859210968017578
875.0,4,1-1.5 kHz,0.009472139179706573,-17.24653434753418,0.624252200126648,0.10593149811029434,-12.114013671875
875.0,5,1.5-2.5 kHz,1.3389163541432936e-05,-45.74348068237305,0.5760250687599182,0.026767177507281303,-24.062463760375977
875.0,6,2.5-4 kHz,5.489285740623018e-06,-49.6158561706543,0.541061282157898,0.01121128536760807,-31.621408462524414
875.0,7,>4 kHz,5.309849257173482e-06,-49.76019287109375,0.5263662338256836,0.02822861820459366,-23.600723266601562
900.0,0,<250 Hz,8.435692507191561e-06,-47.74980926513672,0.5395481586456299,0.018540693446993828,-27.251996994018555
900.0,1,250-500 Hz,1.007460286928108e-05,-46.978736877441406,0.6285806894302368,0.09635886549949646,-12.93668270111084
900.0,2,500-750 Hz,0.004364716354757547,-20.6114559173584,0.5409544110298157,0.03876689076423645,-20.84529685974121
900.0,3,750-1000 Hz,0.2538960874080658,-2.9644556045532227,0.7005286812782288,0.26920783519744873,-4.01276159286499
900.0,4,1-1.5 kHz,0.018805669620633125,-14.26812744140625,0.6275579929351807,0.11642031371593475,-11.293940544128418
900.0,5,1.5-2.5 kHz,1.3342181773623452e-05,-45.75874710083008,0.5760250687599182,0.026767084375023842,-24.062496185302734
900.0,6,2.5-4 kHz,5.079191851109499e-06,-49.95307159423828,0.5410611629486084,0.011209681630134583,-31.622650146484375
900.0,7,>4 kHz,5.221224455453921e-06,-49.83329391479492,0.5263662338256836,0.028228454291820526,-23.600772857666016
925.0,0,<250 Hz,6.826388926128857e-06,-48.669105529785156,0.5395478010177612,0.018536482006311417,-27.253969192504883
925.0,1,250-500 Hz,7.75486205384368e-06,-48.115272521972656,0.62857985496521,0.0963558703660965,-12.936952590942383
925.0,2,500-750 Hz,0.001740533858537674,-24.604190826416016,0.5401444435119629,0.034633539617061615,-21.82457733154297
925.0,3,750-1000 Hz,0.23180198669433594,-3.359844207763672,0.6950939893722534,0.25589025020599365,-4.4534406661987305
925.0,4,1-1.5 kHz,0.03386032208800316,-11.714104652404785,0.6328022480010986,0.13197532296180725,-10.204660415649414
925.0,5,1.5-2.5 kHz,1.3648342246597167e-05,-45.660213470458984,0.576025128364563,0.02676778845489025,-24.062267303466797
925.0,6,2.5-4 kHz,5.07130243931897e-06,-49.95982360839844,0.5410611629486084,0.011209653690457344,-31.62267303466797
925.0,7,>4 kHz,5.196090569370426e-06,-49.854248046875,0.5263662338256836,0.028228405863046646,-23.600788116455078
950.0,0,<250 Hz,5.865493676537881e-06,-49.32796859741211,0.5395475625991821,0.018533965572714806,-27.255149841308594
950.0,1,250-500 Hz,6.498356469819555e-06,-48.88298034667969,0.6285793781280518,0.09635423123836517,-12.93709945678711
950.0,2,500-750 Hz,0.0005983583396300673,-29.24140167236328,0.5397912263870239,0.0326833501458168,-22.327985763549805
950.0,3,750-1000 Hz,0.19921863079071045,-4.017715930938721,0.6867951154708862,0.23563498258590698,-5.16972017288208
950.0,4,1-1.5 kHz,0.05607905611395836,-9.523008346557617,0.6403484344482422,0.15279431641101837,-8.932372093200684
950.0,5,1.5-2.5 kHz,1.4266021935327444e-05,-45.467987060546875,0.5760253667831421,0.02676919661462307,-24.061809539794922
950.0,6,2.5-4 kHz,5.1516026360332035e-06,-49.8915901184082,0.5410611629486084,0.011209971271455288,-31.622426986694336
950.0,7,>4 kHz,5.211134521232452e-06,-49.84169387817383,0.5263662338256836,0.028228435665369034,-23.600778579711914
975.0,0,<250 Hz,6.0379234128049575e-06,-49.20214080810547,0.5395475625991821,0.018534410744905472,-27.254940032958984
975.0,1,250-500 Hz,6.090038823458599e-06,-49.16481399536133,0.6285792589187622,0.09635372459888458,-12.937145233154297
975.0,2,500-750 Hz,0.0001741390733513981,-34.602054595947266,0.539659857749939,0.031930528581142426,-22.530393600463867
975.0,3,750-1000 Hz,0.16094273328781128,-4.944301605224609,0.6765915155410767,0.21069598197937012,-6.141390323638916
975.0,4,1-1.5 kHz,0.08635416626930237,-7.648182392120361,0.6502721905708313,0.1784578263759613,-7.583804130554199
975.0,5,1.5-2.5 kHz,1.5041598089737818e-05,-45.238075256347656,0.5760254859924316,0.02677096053957939,-24.061237335205078
975.0,6,2.5-4 kHz,5.222817890171427e-06,-49.831966400146484,0.5410612225532532,0.011210252530872822,-31.622207641601562
975.0,7,>4 kHz,5.2324339776532724e-06,-49.823974609375,0.5263662338256836,0.028228474780917168,-23.600767135620117
1000.0,0,<250 Hz,6.836874945292948e-06,-48.662437438964844,0.5395478010177612,0.01853649877011776,-27.25396156311035
1000.0,1,250-500 Hz,6.123457751527894e-06,-49.141048431396484,0.6285792589187622,0.09635375440120697,-12.937143325805664
1000.0,2,500-750 Hz,4.5342698285821825e-05,-40.44594192504883,0.539620041847229,0.03169861435890198,-22.59370994567871
1000.0,3,750-1000 Hz,0.12195129692554474,-6.14915132522583,0.6656607389450073,0.18359729647636414,-7.337189674377441
1000.0,4,1-1.5 kHz,0.12469349801540375,-6.052577495574951,0.6622734665870667,0.20805591344833374,-6.250914573669434
1000.0,5,1.5-2.5 kHz,1.5965311831678264e-05,-44.979244232177734,0.5760258436203003,0.026773063465952873,-24.06055450439453
1000.0,6,2.5-4 kHz,5.495908226293977e-06,-49.610618591308594,0.541061282157898,0.01121132355183363,-31.62137794494629
1000.0,7,>4 kHz,5.260132638795767e-06,-49.801048278808594,0.5263662338256836,0.028228525072336197,-23.600751876831055
1025.0,0,<250 Hz,7.250392627611291e-06,-48.40740203857422,0.539547860622406,0.018537575379014015,-27.253456115722656
1025.0,1,250-500 Hz,6.15030558037688e-06,-49.122047424316406,0.6285792589187622,0.09635378420352936,-12.937140464782715
1025.0,2,500-750 Hz,1.60030358529184e-05,-44.968990325927734,0.5396109223365784,0.03164553642272949,-22.608264923095703
1025.0,3,750-1000 Hz,0.08640186488628387,-7.645784378051758,0.6551927924156189,0.15673746168613434,-8.7110595703125
1025.0,4,1-1.5 kHz,0.1700412929058075,-4.705471515655518,0.6757002472877502,0.24030384421348572,-4.999300956726074
1025.0,5,1.5-2.5 kHz,1.716571205179207e-05,-44.664398193359375,0.576026201248169,0.026775794103741646,-24.059667587280273
1025.0,6,2.5-4 kHz,6.27234567218693e-06,-49.03671646118164,0.541061520576477,0.011214366182684898,-31.619022369384766
1025.0,7,>4 kHz,5.338019491318846e-06,-49.737213134765625,0.5263662338256836,0.028228674083948135,-23.600704193115234
1050.0,0,<250 Hz,6.675300028291531e-06,-48.76630783081055,0.5395477414131165,0.018536070361733437,-27.254161834716797
1050.0,1,250-500 Hz,5.8565306062519085e-06,-49.33460998535156,0.6285791397094727,0.09635341167449951,-12.937173843383789
1050.0,2,500-750 Hz,1.2066641829733271e-05,-46.19514846801758,0.5396097302436829,0.03163839131593704,-22.610227584838867
1050.0,3,750-1000 Hz,0.05699422210454941,-9.452707290649414,0.6461503505706787,0.13211223483085632,-10.19565486907959
1050.0,4,1-1.5 kHz,0.22032594680786133,-3.5803589820861816,0.6896820068359375,0.27365297079086304,-3.870512008666992
1050.0,5,1.5-2.5 kHz,1.8648692275746725e-05,-44.304534912109375,0.5760265588760376,0.026779163628816605,-24.058574676513672
1050.0,6,2.5-4 kHz,7.555215233878698e-06,-48.228546142578125,0.5410618782043457,0.011219390667974949,-31.615131378173828
1050.0,7,>4 kHz,5.488415354193421e-06,-49.616546630859375,0.5263662338256836,0.02822895348072052,-23.60062026977539
1075.0,0,<250 Hz,5.4194861149881035e-06,-49.67143630981445,0.5395474433898926,0.01853278838098049,-27.255699157714844
1075.0,1,250-500 Hz,5.2073241931793746e-06,-49.844871520996094,0.6285789012908936,0.09635256975889206,-12.937250137329102
1075.0,2,500-750 Hz,1.2060158951499034e-05,-46.197486877441406,0.5396096706390381,0.03163837268948555,-22.610233306884766
1075.0,3,750-1000 Hz,0.03480178862810135,-11.595000267028809,0.6390855312347412,0.11118923127651215,-11.693262100219727
1075.0,4,1-1.5 kHz,0.27273547649383545,-2.6535990238189697,0.7033165097236633,0.30644291639328003,-2.887523651123047
1075.0,5,1.5-2.5 kHz,2.012527511396911e-05,-43.97359848022461,0.5760270357131958,0.026782523840665817,-24.057485580444336
1075.0,6,2.5-4 kHz,8.876882930053398e-06,-47.528411865234375,0.5410623550415039,0.011224565096199512,-31.611125946044922
1075.0,7,>4 kHz,5.6896569731179625e-06,-49.46015167236328,0.5263663530349731,0.028229331597685814,-23.60050392150879
1100.0,0,<250 Hz,4.396161784825381e-06,-50.58027648925781,0.5395472049713135,0.01853010803461075,-27.256956100463867
1100.0,1,250-500 Hz,4.438172254594974e-06,-50.53897476196289,0.6285786628723145,0.09635157138109207,-12.937339782714844
1100.0,2,500-750 Hz,1.1916414223378524e-05,-46.24956130981445,0.5396096706390381,0.03163810074329376,-22.610305786132812
1100.0,3,750-1000 Hz,0.019517099484801292,-14.106863021850586,0.6340946555137634,0.0948612242937088,-13.07274055480957
1100.0,4,1-1.5 kHz,0.32414761185646057,-1.9035871028900146,0.7158342003822327,0.33709314465522766,-2.0595173835754395
1100.0,5,1.5-2.5 kHz,2.1265499526634812e-05,-43.73426055908203,0.5760273337364197,0.02678513526916504,-24.056640625
1100.0,6,2.5-4 kHz,9.58319924393436e-06,-47.1959114074707,0.541062593460083,0.011227330192923546,-31.608983993530273
1100.0,7,>4 kHz,5.8636442190618254e-06,-49.32933807373047,0.5263663530349731,0.02822965756058693,-23.600404739379883
1125.0,0,<250 Hz,4.282212557882303e-06,-50.694332122802734,0.5395470857620239,0.018529808148741722,-27.257097244262695
1125.0,1,250-500 Hz,3.882249984599184e-06,-51.120182037353516,0.6285784840583801,0.09635086357593536,-12.937403678894043
1125.0,2,500-750 Hz,1.1473321137600578e-05,-46.41412353515625,0.5396095514297485,0.031637296080589294,-22.61052894592285
1125.0,3,750-1000 Hz,0.009942984208464622,-17.03584861755371,0.6309151649475098,0.08337246626615524,-14.194063186645508
1125.0,4,1-1.5 kHz,0.371592253446579,-1.3103491067886353,0.7266902923583984,0.3642829954624176,-1.385737419128418
1125.0,5,1.5-2.5 kHz,2.2318936316878535e-05,-43.5242805480957,0.5760276317596436,0.026787560433149338,-24.05585289001465
1125.0,6,2.5-4 kHz,9.3075395852793e-06,-47.322662353515625,0.5410624742507935,0.01122625544667244,-31.609817504882812
1125.0,7,>4 kHz,5.929353392275516e-06,-49.28094482421875,0.5263664126396179,0.02822978049516678,-23.600366592407227
1150.0,0,<250 Hz,4.93450852445676e-06,-50.07857894897461,0.539547324180603,0.01853151246905327,-27.256298065185547
1150.0,1,250-500 Hz,3.7121394598216284e-06,-51.31477355957031,0.6285784244537354,0.09635063260793686,-12.937423706054688
1150.0,2,500-750 Hz,1.0803804798342753e-05,-46.67524719238281,0.5396093130111694,0.031636081635951996,-22.610862731933594
1150.0,3,750-1000 Hz,0.004529854748398066,-20.450172424316406,0.6290990114212036,0.07624801993370056,-14.969944953918457
1150.0,4,1-1.5 kHz,0.4126226305961609,-0.8554849624633789,0.7355784177780151,0.38706520199775696,-0.8588331341743469
1150.0,5,1.5-2.5 kHz,2.4213479264290072e-05,-43.170440673828125,0.5760281682014465,0.0267918910831213,-24.0544490814209
1150.0,6,2.5-4 kHz,8.259412425104529e-06,-47.84152603149414,0.5410621166229248,0.011222160421311855,-31.612985610961914
1150.0,7,>4 kHz,5.864146260137204e-06,-49.32896423339844,0.5263663530349731,0.02822965756058693,-23.600404739379883
1175.0,0,<250 Hz,5.554160452447832e-06,-49.56483459472656,0.5395474433898926,0.01853313483297825,-27.255537033081055
1175.0,1,250-500 Hz,3.81545123673277e-06,-51.195556640625,0.6285784244537354,0.096350759267807,-12.93741226196289
1175.0,2,500-750 Hz,9.741796930029523e-06,-47.12462615966797,0.5396089553833008,0.03163415193557739,-22.611391067504883
1175.0,3,750-1000 Hz,0.0018027415499091148,-24.451679229736328,0.6281789541244507,0.07243263721466064,-15.4158296585083
1175.0,4,1-1.5 kHz,0.4455101191997528,-0.52243971824646,0.7423880100250244,0.4048859477043152,-0.4678616523742676
1175.0,5,1.5-2.5 kHz,2.730854248511605e-05,-42.64802932739258,0.5760290622711182,0.02679893746972084,-24.05216407775879
1175.0,6,2.5-4 kHz,7.083674518071348e-06,-48.50843048095703,0.5410617589950562,0.011217564344406128,-31.616544723510742
1175.0,7,>4 kHz,5.71488453715574e-06,-49.440940856933594,0.5263663530349731,0.028229378163814545,-23.60049057006836
1200.0,0,<250 Hz,5.431887075246777e-06,-49.66150665283203,0.5395474433898926,0.01853281445801258,-27.255687713623047
1200.0,1,250-500 Hz,3.892675522365607e-06,-51.1085319519043,0.6285784244537354,0.09635086357593536,-12.937403678894043
1200.0,2,500-750 Hz,8.181009434338193e-06,-47.88294982910156,0.5396084785461426,0.03163132444024086,-22.61216926574707
1200.0,3,750-1000 Hz,0.0006045569316484034,-29.196643829345703,0.6277735829353333,0.07069969177246094,-15.626164436340332
1200.0,4,1-1.5 kHz,0.4692440927028656,-0.2970272898674011,0.7471370697021484,0.4175211191177368,-0.20094674825668335
1200.0,5,1.5-2.5 kHz,2.997733281517867e-05,-42.24308395385742,0.5760297775268555,0.02680506370961666,-24.05017852783203
1200.0,6,2.5-4 kHz,6.362753083521966e-06,-48.97456741333008,0.541061520576477,0.01121474802494049,-31.61872673034668
1200.0,7,>4 kHz,5.572993359237444e-06,-49.55012893676758,0.5263662934303284,0.028229113668203354,-23.600570678710938
1225.0,0,<250 Hz,4.549743607640266e-06,-50.43114471435547,0.5395472049713135,0.018530506640672684,-27.256771087646484
1225.0,1,250-500 Hz,3.7111540223122574e-06,-51.31592559814453,0.6285784244537354,0.09635064005851746,-12.937423706054688
1225.0,2,500-750 Hz,6.422737897082698e-06,-48.93381118774414,0.5396080017089844,0.031628143042325974,-22.613040924072266
1225.0,3,750-1000 Hz,0.00016263106954284012,-34.89897918701172,0.627623975276947,0.07005102932453156,-15.70622444152832
1225.0,4,1-1.5 kHz,0.4833824634552002,-0.16810661554336548,0.749902606010437,0.42496246099472046,-0.04750409722328186
1225.0,5,1.5-2.5 kHz,3.2271433155983686e-05,-41.92283248901367,0.5760304927825928,0.026810407638549805,-24.048446655273438
1225.0,6,2.5-4 kHz,6.228064194147009e-06,-49.067481994628906,0.541061520576477,0.011214226484298706,-31.619129180908203
1225.0,7,>4 kHz,5.498529390024487e-06,-49.608551025390625,0.5263662934303284,0.02822897583246231,-23.600614547729492
1250.0,0,<250 Hz,3.5677003324963152e-06,-51.48712921142578,0.5395469665527344,0.018527932465076447,-27.257976531982422
1250.0,1,250-500 Hz,3.2794773687783163e-06,-51.852970123291016,0.628578245639801,0.09635007381439209,-12.937474250793457
1250.0,2,500-750 Hz,5.171242719370639e-06,-49.875064849853516,0.539607584476471,0.03162587806582451,-22.613662719726562
1250.0,3,750-1000 Hz,3.6176759749650955e-05,-41.426719665527344,0.6275810599327087,0.0698644146323204,-15.729394912719727
1250.0,4,1-1.5 kHz,0.4878349006175995,-0.1282867193222046,0.7507637739181519,0.42729300260543823,0.0
1250.0,5,1.5-2.5 kHz,5.400060035753995e-05,-39.68703079223633,0.5760366916656494,0.026859432458877563,-24.032577514648438
1250.0,6,2.5-4 kHz,6.384931111824699e-06,-48.95945739746094,0.5410615801811218,0.011214845813810825,-31.618650436401367
1250.0,7,>4 kHz,5.4962242757028434e-06,-49.61037063598633,0.5263662934303284,0.028228972107172012,-23.600614547729492
1275.0,0,<250 Hz,3.201086201443104e-06,-51.95804214477539,0.5395468473434448,0.018526975065469742,-27.258424758911133
1275.0,1,250-500 Hz,2.837919510056963e-06,-52.48101806640625,0.6285780668258667,0.09634950757026672,-12.937525749206543
1275.0,2,500-750 Hz,5.005458206142066e-06,-50.01657485961914,0.5396075248718262,0.03162557631731033,-22.613746643066406
1275.0,3,750-1000 Hz,1.3799583939544391e-05,-45.61235427856445,0.627573549747467,0.06983134895563126,-15.73350715637207
1275.0,4,1-1.5 kHz,0.482671320438385,-0.17450052499771118,0.7497645616531372,0.4245896339416504,-0.05512789636850357
1275.0,5,1.5-2.5 kHz,0.00017786206444725394,-34.51018142700195,0.5760721564292908,0.027136070653796196,-23.94357681274414
1275.0,6,2.5-4 kHz,6.510353614430642e-06,-48.874969482421875,0.5410615801811218,0.01121534127742052,-31.618267059326172
1275.0,7,>4 kHz,5.527682333195116e-06,-49.58558654785156,0.5263662934303284,0.028229031711816788,-23.600595474243164
1300.0,0,<250 Hz,3.590627784433309e-06,-51.459312438964844,0.5395469665527344,0.018527992069721222,-27.25794792175293
1300.0,1,250-500 Hz,2.626497689561802e-06,-52.81724548339844,0.6285780072212219,0.09634923189878464,-12.93755054473877
1300.0,2,500-750 Hz,5.791085186501732e-06,-49.38341522216797,0.5396077632904053,0.03162699565291405,-22.61335563659668
1300.0,3,750-1000 Hz,1.3979958566778805e-05,-45.55595779418945,0.6275736093521118,0.06983160972595215,-15.733474731445312
1300.0,4,1-1.5 kHz,0.4680265188217163,-0.3083108365535736,0.7468966841697693,0.4168773591518402,-0.21434921026229858
1300.0,5,1.5-2.5 kHz,0.0006224922835826874,-29.06967544555664,0.5761992931365967,0.028106650337576866,-23.638334274291992
1300.0,6,2.5-4 kHz,6.646993824688252e-06,-48.784759521484375,0.5410616397857666,0.011215883307158947,-31.617847442626953
1300.0,7,>4 kHz,5.553659320867155e-06,-49.565223693847656,0.5263662934303284,0.028229082003235817,-23.6005802154541
1325.0,0,<250 Hz,4.217899459035834e-06,-50.76005554199219,0.5395470857620239,0.018529623746871948,-27.257183074951172
1325.0,1,250-500 Hz,2.686110292415833e-06,-52.71977996826172,0.6285780072212219,0.0963493064045906,-12.937543869018555
1325.0,2,500-750 Hz,6.6442003117117565e-06,-48.78658676147461,0.5396080017089844,0.03162854164838791,-22.612932205200195
1325.0,3,750-1000 Hz,1.4339220797410235e-05,-45.445762634277344,0.6275737285614014,0.06983213126659393,-15.733409881591797
1325.0,4,1-1.5 kHz,0.44413429498672485,-0.5358723998069763,0.7421085834503174,0.40414783358573914,-0.48371049761772156
1325.0,5,1.5-2.5 kHz,0.0018365029245615005,-24.3710994720459,0.576546311378479,0.03060554340481758,-22.898513793945312
1325.0,6,2.5-4 kHz,7.153310889407294e-06,-48.4659423828125,0.5410617589950562,0.011217869818210602,-31.616308212280273
1325.0,7,>4 kHz,5.599149972113082e-06,-49.5297966003418,0.5263662934303284,0.028229165822267532,-23.600555419921875
1350.0,0,<250 Hz,4.387923581816722e-06,-50.58842468261719,0.5395471453666687,0.018530072644352913,-27.256973266601562
1350.0,1,250-500 Hz,2.830413905030582e-06,-52.492515563964844,0.6285780668258667,0.09634949266910553,-12.93752670288086
1350.0,2,500-750 Hz,6.604017471545376e-06,-48.81293487548828,0.5396080017089844,0.03162846714258194,-22.612953186035156
1350.0,3,750-1000 Hz,1.2592538951139431e-05,-46.009883880615234,0.6275730729103088,0.0698295459151268,-15.733732223510742
1350.0,4,1-1.5 kHz,0.4114748239517212,-0.8675829172134399,0.7353358268737793,0.3864363729953766,-0.8729556202888489
1350.0,5,1.5-2.5 kHz,0.004586617927998304,-20.396089553833008,0.5773303508758545,0.03565077856183052,-21.573135375976562
1350.0,6,2.5-4 kHz,8.321699169755448e-06,-47.808895111083984,0.5410621166229248,0.011222446337342262,-31.61276626586914
1350.0,7,>4 kHz,5.702492671844084e-06,-49.45037078857422,0.5263663530349731,0.0282293614000082,-23.600494384765625
1375.0,0,<250 Hz,3.86307738153846e-06,-51.14168167114258,0.5395470261573792,0.01852869614958763,-27.257617950439453
1375.0,1,250-500 Hz,2.817550011968706e-06,-52.512298583984375,0.6285780668258667,0.09634947776794434,-12.937527656555176
1375.0,2,500-750 Hz,5.459450676426059e-06,-49.6395263671875,0.5396076440811157,0.031626392155885696,-22.613523483276367
1375.0,3,750-1000 Hz,1.0302528608008288e-05,-46.88157653808594,0.6275722980499268,0.0698261633515358,-15.734151840209961
1375.0,4,1-1.5 kHz,0.37098193168640137,-1.3174878358840942,0.7265546321868896,0.36393919587135315,-1.393938660621643
1375.0,5,1.5-2.5 kHz,0.009997198358178139,-17.012231826782227,0.5788655877113342,0.044006261974573135,-19.744226455688477
1375.0,6,2.5-4 kHz,9.965418939827941e-06,-47.02606201171875,0.541062593460083,0.01122888084501028,-31.607784271240234
1375.0,7,>4 kHz,5.888775376661215e-06,-49.31076431274414,0.5263663530349731,0.028229709714651108,-23.600387573242188
1400.0,0,<250 Hz,3.0325106763484655e-06,-52.1929931640625,0.5395468473434448,0.01852652058005333,-27.25864028930664
1400.0,1,250-500 Hz,2.5694489522720687e-06,-52.91261672973633,0.6285779476165771,0.09634915739297867,-12.937557220458984
1400.0,2,500-750 Hz,3.955462489102501e-06,-51.03904342651367,0.5396072268486023,0.03162366896867752,-22.61427116394043
1400.0,3,750-1000 Hz,8.407250788877718e-06,-47.76447296142578,0.627571702003479,0.06982335448265076,-15.734500885009766
1400.0,4,1-1.5 kHz,0.32421875,-1.9026341438293457,0.7158509492874146,0.3371346592903137,-2.05844783782959
1400.0,5,1.5-2.5 kHz,0.019497070461511612,-14.111322402954102,0.5815377235412598,0.05595185607671738,-17.658226013183594
1400.0,6,2.5-4 kHz,1.1365505997673608e-05,-46.45512390136719,0.5410630702972412,0.011234362609684467,-31.603546142578125
1400.0,7,>4 kHz,6.119210411270615e-06,-49.14406204223633,0.5263664722442627,0.02823014184832573,-23.60025405883789
1425.0,0,<250 Hz,2.5428441858821316e-06,-52.95781707763672,0.5395466685295105,0.018525242805480957,-27.25923728942871
1425.0,1,250-500 Hz,2.2243464172788663e-06,-53.53899002075195,0.6285778284072876,0.09634871780872345,-12.937597274780273
1425.0,2,500-750 Hz,3.159152811349486e-06,-52.01530838012695,0.5396069288253784,0.031622231006622314,-22.614665985107422
1425.0,3,750-1000 Hz,7.055130481603555e-06,-48.525962829589844,0.6275712251663208,0.06982135772705078,-15.734749794006348
1425.0,4,1-1.5 kHz,0.27343565225601196,-2.6424641609191895,0.7034925222396851,0.30686962604522705,-2.8754377365112305
1425.0,5,1.5-2.5 kHz,0.034644532948732376,-11.614667892456055,0.5857375264167786,0.071424700319767,-15.53754711151123
1425.0,6,2.5-4 kHz,1.1818845450761728e-05,-46.2852668762207,0.5410631895065308,0.011236142367124557,-31.602170944213867
1425.0,7,>4 kHz,6.299309006863041e-06,-49.018089294433594,0.5263664722442627,0.02823047898709774,-23.600149154663086
1450.0,0,<250 Hz,2.7145235890202457e-06,-52.67407989501953,0.5395467281341553,0.018525689840316772,-27.2590274810791
1450.0,1,250-500 Hz,1.995573256863281e-06,-54.010337829589844,0.6285777688026428,0.09634841978549957,-12.937623023986816
1450.0,2,500-750 Hz,3.5186328659619903e-06,-51.54727554321289,0.539607048034668,0.03162287920713425,-22.61448860168457
1450.0,3,750-1000 Hz,6.100224709371105e-06,-49.15755844116211,0.6275708675384521,0.06981994211673737,-15.734926223754883
1450.0,4,1-1.5 kHz,0.22143958508968353,-3.5584628582000732,0.6899814009666443,0.27436864376068115,-3.8478260040283203
1450.0,5,1.5-2.5 kHz,0.05683942511677742,-9.464518547058105,0.5917596220970154,0.09020686894655228,-13.509722709655762
1450.0,6,2.5-4 kHz,1.1135816748719662e-05,-46.543792724609375,0.5410630106925964,0.011233482509851456,-31.604228973388672
1450.0,7,>4 kHz,6.35116657576873e-06,-48.98248291015625,0.5263664722442627,0.0282305758446455,-23.600120544433594
1475.0,0,<250 Hz,3.25702058034949e-06,-51.8828125,0.5395468473434448,0.018527114763855934,-27.258359909057617
1475.0,1,250-500 Hz,1.995317688852083e-06,-54.010894775390625,0.628577709197998,0.09634841978549957,-12.937623023986816
1475.0,2,500-750 Hz,4.4963244363316335e-06,-50.48244094848633,0.5396074056625366,0.03162464499473572,-22.614002227783203
1475.0,3,750-1000 Hz,5.434696504380554e-06,-49.659263610839844,0.627570629119873,0.06981896609067917,-15.73504638671875
1475.0,4,1-1.5 kHz,0.1712767779827118,-4.674030303955078,0.6760548949241638,0.24115018546581268,-4.96876335144043
1475.0,5,1.5-2.5 kHz,0.08697222918272018,-7.617209434509277,0.5996936559677124,0.11197298765182495,-11.632250785827637
1475.0,6,2.5-4 kHz,9.847806722973473e-06,-47.07762145996094,0.541062593460083,0.01122845895588398,-31.608112335205078
1475.0,7,>4 kHz,6.26036216999637e-06,-49.045021057128906,0.5263664722442627,0.02823040634393692,-23.600173950195312
1500.0,0,<250 Hz,3.5954310533270473e-06,-51.45350646972656,0.5395469069480896,0.018527988344430923,-27.257949829101562
1500.0,1,250-500 Hz,2.122774731105892e-06,-53.741973876953125,0.6285778284072876,0.09634857624769211,-12.937610626220703
1500.0,2,500-750 Hz,5.046057594881859e-06,-49.98149490356445,0.5396075248718262,0.031625643372535706,-22.613727569580078
1500.0,3,750-1000 Hz,4.994198206986766e-06,-50.02635955810547,0.6275705099105835,0.06981831789016724,-15.735128402709961
1500.0,4,1-1.5 kHz,0.12578338384628296,-6.014782905578613,0.6626057624816895,0.20886163413524628,-6.217342376708984
1500.0,5,1.5-2.5 kHz,0.12510032951831818,-6.038431167602539,0.6093521118164062,0.13623887300491333,-9.928494453430176
1500.0,6,2.5-4 kHz,8.75491059559863e-06,-47.588497161865234,0.5410622954368591,0.01122419722378254,-31.611408233642578
1500.0,7,>4 kHz,6.099488018662669e-06,-49.1580810546875,0.5263664722442627,0.028230106458067894,-23.600265502929688
1525.0,0,<250 Hz,3.3525923299748683e-06,-51.757205963134766,0.5395468473434448,0.018527358770370483,-27.25824546813965
1525.0,1,250-500 Hz,2.1830492187291384e-06,-53.62038040161133,0.6285778284072876,0.09634865075349808,-12.937602996826172
1525.0,2,500-750 Hz,4.550855010165833e-06,-50.430084228515625,0.5396074056625366,0.03162474185228348,-22.613975524902344
1525.0,3,750-1000 Hz,4.745712431031279e-06,-50.24800109863281,0.6275704503059387,0.06981794536113739,-15.735174179077148
1525.0,4,1-1.5 kHz,0.08713410049676895,-7.609133720397949,0.6505225896835327,0.17908799648284912,-7.553186416625977
1525.0,5,1.5-2.5 kHz,0.17024703323841095,-4.700220108032227,0.620269775390625,0.16228795051574707,-8.40878963470459
1525.0,6,2.5-4 kHz,8.382303349208087e-06,-47.777381896972656,0.5410621762275696,0.01122275274246931,-31.61252784729004
1525.0,7,>4 kHz,5.962691830063704e-06,-49.256591796875,0.5263663530349731,0.0282298494130373,-23.600345611572266
1550.0,0,<250 Hz,2.6946090656565502e-06,-52.7060546875,0.5395467281341553,0.018525637686252594,-27.259052276611328
1550.0,1,250-500 Hz,2.0559277800202835e-06,-53.88093566894531,0.6285777688026428,0.09634849429130554,-12.937617301940918
1550.0,2,500-750 Hz,3.3461733437434305e-06,-51.765533447265625,0.539607048034668,0.031622566282749176,-22.614572525024414
1550.0,3,750-1000 Hz,4.605054527928587e-06,-50.378665924072266,0.627570390701294,0.06981773674488068,-15.735200881958008
1550.0,4,1-1.5 kHz,0.05651421099901199,-9.489439010620117,0.6404939889907837,0.1531824767589569,-8.910333633422852
1550.0,5,1.5-2.5 kHz,0.2204059660434723,-3.578782081604004,0.6317832469940186,0.1891452670097351,-7.078605651855469
1550.0,6,2.5-4 kHz,8.598881322541274e-06,-47.666595458984375,0.5410622358322144,0.011223613284528255,-31.611862182617188
1550.0,7,>4 kHz,5.9130534282303415e-06,-49.29290008544922,0.5263663530349731,0.028229758143424988,-23.600372314453125
1575.0,0,<250 Hz,2.144419340766035e-06,-53.69792175292969,0.5395466089248657,0.018524201586842537,-27.259727478027344
1575.0,1,250-500 Hz,1.8021106598098413e-06,-54.45320129394531,0.628577709197998,0.09634816646575928,-12.93764591217041
1575.0,2,500-750 Hz,2.3792736101313494e-06,-53.2465705871582,0.5396066904067993,0.0316208116710186,-22.615055084228516
1575.0,3,750-1000 Hz,4.445771082828287e-06,-50.53154373168945,0.6275703310966492,0.06981749832630157,-15.735230445861816
1575.0,4,1-1.5 kHz,0.034020956605672836,-11.693550109863281,0.6328576803207397,0.13213396072387695,-10.194226264953613
1575.0,5,1.5-2.5 kHz,0.27277010679244995,-2.653048038482666,0.6431601047515869,0.21563512086868286,-5.940125465393066
1575.0,6,2.5-4 kHz,8.942089152697008e-06,-47.49662399291992,0.5410623550415039,0.01122497022151947,-31.610811233520508
1575.0,7,>4 kHz,5.942262760072481e-06,-49.27149963378906,0.5263663530349731,0.028229814022779465,-23.600353240966797
1600.0,0,<250 Hz,2.1011230728618102e-06,-53.786502838134766,0.5395466089248657,0.018524084240198135,-27.259780883789062
1600.0,1,250-500 Hz,1.5962821180437459e-06,-54.97991943359375,0.6285776495933533,0.09634789824485779,-12.937670707702637
1600.0,2,500-750 Hz,2.3606260128872236e-06,-53.28074645996094,0.5396066904067993,0.031620778143405914,-22.615066528320312
1600.0,3,750-1000 Hz,4.156767317908816e-06,-50.82345962524414,0.6275702118873596,0.06981707364320755,-15.735282897949219
1600.0,4,1-1.5 kHz,0.018810182809829712,-14.267084121704102,0.6275596022605896,0.11642520129680634,-11.293575286865234
1600.0,5,1.5-2.5 kHz,0.32414984703063965,-1.903557538986206,0.6537315249443054,0.24052318930625916,-4.991376876831055
1600.0,6,2.5-4 kHz,9.140120710071642e-06,-47.40149688720703,0.5410624742507935,0.01122575905174017,-31.610200881958008
1600.0,7,>4 kHz,5.98921633354621e-06,-49.23731231689453,0.5263664126396179,0.028229903429746628,-23.60032844543457
1625.0,0,<250 Hz,2.5086774257943034e-06,-53.01656723022461,0.5395466685295105,0.018525149673223495,-27.259281158447266
1625.0,1,250-500 Hz,1.561543513162178e-06,-55.07547378540039,0.6285775899887085,0.0963478535413742,-12.937674522399902
1625.0,2,500-750 Hz,3.1420618142874446e-06,-52.03887176513672,0.5396069288253784,0.03162219375371933,-22.614673614501953
1625.0,3,750-1000 Hz,3.7379732020781375e-06,-51.28465270996094,0.6275700330734253,0.06981644034385681,-15.735361099243164
1625.0,4,1-1.5 kHz,0.009428768418729305,-17.26646614074707,0.6242367029190063,0.10588087141513824,-12.118165969848633
1625.0,5,1.5-2.5 kHz,0.37148308753967285,-1.3116251230239868,0.6629884243011475,0.2627007067203522,-4.2252912521362305
1625.0,6,2.5-4 kHz,9.439921996090561e-06,-47.26133346557617,0.5410624742507935,0.01122694555670023,-31.609283447265625
1625.0,7,>4 kHz,6.027754807291785e-06,-49.2094612121582,0.5263664722442627,0.028229977935552597,-23.600303649902344
1650.0,0,<250 Hz,2.908008809754392e-06,-52.37506103515625,0.5395467281341553,0.018526194617152214,-27.258792877197266
1650.0,1,250-500 Hz,1.6605407608949463e-06,-54.80852127075195,0.6285776495933533,0.09634798020124435,-12.937662124633789
1650.0,2,500-750 Hz,3.892611857736483e-06,-51.108604431152344,0.5396071672439575,0.03162355720996857,-22.614299774169922
1650.0,3,750-1000 Hz,3.3172318580909632e-06,-51.803253173828125,0.6275699138641357,0.06981582939624786,-15.735437393188477
1650.0,4,1-1.5 kHz,0.004215992987155914,-20.76201629638672,0.6223717927932739,0.09964760392904282,-12.645177841186523
1650.0,5,1.5-2.5 kHz,0.4123111367225647,-0.8587647676467896,0.670625627040863,0.28135088086128235,-3.629549980163574
1650.0,6,2.5-4 kHz,1.037350739352405e-05,-46.85176086425781,0.5410628318786621,0.011230613104999065,-31.6064453125
1650.0,7,>4 kHz,6.084944743633969e-06,-49.16844940185547,0.5263664722442627,0.028230084106326103,-23.60027313232422
1675.0,0,<250 Hz,2.886705260607414e-06,-52.4069938659668,0.5395467281341553,0.018526142463088036,-27.25881576538086
1675.0,1,250-500 Hz,1.7533641312184045e-06,-54.572296142578125,0.628577709197998,0.0963481068611145,-12.937651634216309
1675.0,2,500-750 Hz,3.84777467843378e-06,-51.15892028808594,0.5396071672439575,0.0316234715282917,-22.61432456970215
1675.0,3,750-1000 Hz,3.0381822853087215e-06,-52.18487548828125,0.627569854259491,0.06981541216373444,-15.735488891601562
1675.0,4,1-1.5 kHz,0.001649359823204577,-24.837860107421875,0.6214487552642822,0.09645982086658478,-12.927587509155273
1675.0,5,1.5-2.5 kHz,0.4451158940792084,-0.526284396648407,0.676541805267334,0.2960544228553772,-3.187084674835205
1675.0,6,2.5-4 kHz,1.2125540706620086e-05,-46.174007415771484,0.5410633087158203,0.011237476021051407,-31.60114097595215
1675.0,7,>4 kHz,6.222091542440467e-06,-49.071651458740234,0.5263664722442627,0.028230343014001846,-23.60019302368164
1700.0,0,<250 Hz,2.4191344891733024e-06,-53.174415588378906,0.5395466089248657,0.01852491684257984,-27.259389877319336
1700.0,1,250-500 Hz,1.701918108665268e-06,-54.701629638671875,0.6285776495933533,0.09634803235530853,-12.93765926361084
1700.0,2,500-750 Hz,2.9947971142973984e-06,-52.247344970703125,0.5396069288253784,0.03162192553281784,-22.614748001098633
1700.0,3,750-1000 Hz,2.961993686767528e-06,-52.29517364501953,0.627569854259491,0.06981530785560608,-15.735502243041992
1700.0,4,1-1.5 kHz,0.0005549855995923281,-29.56819725036621,0.6210541725158691,0.09507405757904053,-13.053275108337402
1700.0,5,1.5-2.5 kHz,0.46944659948349,-0.2951533794403076,0.6808084845542908,0.30681195855140686,-2.8770699501037598
1700.0,6,2.5-4 kHz,1.4231653040042147e-05,-45.47846221923828,0.5410639643669128,0.011245721019804478,-31.594770431518555
1700.0,7,>4 kHz,6.45304135105107e-06,-48.913368225097656,0.5263665318489075,0.028230775147676468,-23.600059509277344
1725.0,0,<250 Hz,1.8871168094847235e-06,-54.253028869628906,0.5395464897155762,0.01852351985871792,-27.260046005249023
1725.0,1,250-500 Hz,1.5163550415309146e-06,-55.20301055908203,0.6285775899887085,0.09634779393672943,-12.9376802444458
1725.0,2,500-750 Hz,2.0218124063831056e-06,-53.95360565185547,0.5396065711975098,0.03162016719579697,-22.615232467651367
1725.0,3,750-1000 Hz,2.981878878927091e-06,-52.266117095947266,0.627569854259491,0.06981533765792847,-15.735498428344727
1725.0,4,1-1.5 kHz,0.0001637729728827253,-34.86859130859375,0.6209129095077515,0.09457461535930634,-13.099023818969727
1725.0,5,1.5-2.5 kHz,0.48583704233169556,-0.1461092084646225,0.6836265325546265,0.3139919936656952,-2.6761438846588135
1725.0,6,2.5-4 kHz,1.5748939404147677e-05,-45.03850555419922,0.541064441204071,0.011251667514443398,-31.590177536010742
1725.0,7,>4 kHz,6.71748784952797e-06,-48.73894500732422,0.5263665914535522,0.028231270611286163,-23.59990882873535
1750.0,0,<250 Hz,1.7032798496074975e-06,-54.698158264160156,0.5395464897155762,0.018523039296269417,-27.260269165039062
1750.0,1,250-500 Hz,1.3246241223896504e-06,-55.79009246826172,0.6285775899887085,0.09634755551815033,-12.937702178955078
1750.0,2,500-750 Hz,1.7045645108737517e-06,-54.694881439208984,0.539606511592865,0.031619589775800705,-22.61539077758789
1750.0,3,750-1000 Hz,2.9404873203020543e-06,-52.326820373535156,0.6275697946548462,0.0698152706027031,-15.735507011413574
1750.0,4,1-1.5 kHz,5.145406976225786e-05,-39.89681625366211,0.6208723783493042,0.09443080425262451,-13.112241744995117
1750.0,5,1.5-2.5 kHz,0.49555671215057373,-0.06008187681436539,0.6852767467498779,0.3182253837585449,-2.559819459915161
1750.0,6,2.5-4 kHz,1.5959552911226638e-05,-44.98080825805664,0.5410645008087158,0.011252516880631447,-31.589523315429688
1750.0,7,>4 kHz,6.903028861415805e-06,-48.62062072753906,0.5263667106628418,0.02823161892592907,-23.59979820251465
1775.0,0,<250 Hz,1.9662857084767893e-06,-54.07455062866211,0.5395464897155762,0.01852373778820038,-27.25994300842285
1775.0,1,250-500 Hz,1.2563691598188598e-06,-56.01984405517578,0.6285775303840637,0.09634745866060257,-12.93770980834961
1775.0,2,500-750 Hz,2.1909543193032732e-06,-53.60468292236328,0.5396066904067993,0.03162047266960144,-22.615148544311523
1775.0,3,750-1000 Hz,2.7474266062199604e-06,-52.62175750732422,0.6275697946548462,0.06981498748064041,-15.735542297363281
1775.0,4,1-1.5 kHz,2.6327579689677805e-05,-42.806907653808594,0.6208633184432983,0.0943986028432846,-13.115204811096191
1775.0,5,1.5-2.5 kHz,0.5002803206443787,-0.018881309777498245,0.6860731840133667,0.32027629017829895,-2.5040197372436523
1775.0,6,2.5-4 kHz,1.4984360859671142e-05,-45.25463104248047,0.5410642027854919,0.011248741298913956,-31.592435836791992
1775.0,7,>4 kHz,6.941098035895266e-06,-48.59673309326172,0.5263667106628418,0.02823169156908989,-23.599777221679688
1800.0,0,<250 Hz,2.3707391392235877e-06,-53.262176513671875,0.5395466089248657,0.018524788320064545,-27.259449005126953
1800.0,1,250-500 Hz,1.3222181678429479e-06,-55.79798126220703,0.6285775303840637,0.09634754061698914,-12.937703132629395
1800.0,2,500-750 Hz,2.9319071472855285e-06,-52.339515686035156,0.5396069288253784,0.03162181377410889,-22.61478042602539
1800.0,3,750-1000 Hz,2.454399236739846e-06,-53.11156463623047,0.6275696754455566,0.06981454789638519,-15.735596656799316
1800.0,4,1-1.5 kHz,2.1004065274610184e-05,-43.78797912597656,0.6208614110946655,0.09439177811145782,-13.11583137512207
1800.0,5,1.5-2.5 kHz,0.501754879951477,-0.006099390797317028,0.6863211393356323,0.32091569900512695,-2.4866960048675537
1800.0,6,2.5-4 kHz,1.367916411254555e-05,-45.650421142578125,0.5410637855529785,0.011243682354688644,-31.596343994140625
1800.0,7,>4 kHz,6.829611720604589e-06,-48.66705322265625,0.5263665914535522,0.028231481090188026,-23.599842071533203
1825.0,0,<250 Hz,2.5029869448189856e-06,-53.02642822265625,0.5395466685295105,0.01852513663470745,-27.259288787841797
1825.0,1,250-500 Hz,1.41874727432878e-06,-55.491966247558594,0.6285775899887085,0.09634766727685928,-12.937690734863281
1825.0,2,500-750 Hz,3.1827162274566945e-06,-51.983036041259766,0.5396069288253784,0.031622264534235,-22.614654541015625
1825.0,3,750-1000 Hz,2.2057649857742945e-06,-53.57542419433594,0.6275695562362671,0.06981418281793594,-15.735641479492188
1825.0,4,1-1.5 kHz,1.866151978902053e-05,-44.301544189453125,0.6208605170249939,0.09438876807689667,-13.116109848022461
1825.0,5,1.5-2.5 kHz,0.5015304684638977,-0.008042187429964542,0.6862833499908447,0.3208184540271759,-2.4893290996551514
1825.0,6,2.5-4 kHz,1.2963157132617198e-05,-45.883907318115234,0.5410635471343994,0.011240924708545208,-31.598474502563477
1825.0,7,>4 kHz,6.65761672280496e-06,-48.777828216552734,0.5263665914535522,0.028231164440512657,-23.599939346313477
1850.0,0,<250 Hz,2.207775196438888e-06,-53.571468353271484,0.5395466089248657,0.01852436363697052,-27.25965118408203
1850.0,1,250-500 Hz,1.4193043398336158e-06,-55.49026107788086,0.6285775899887085,0.09634768217802048,-12.937689781188965
1850.0,2,500-750 Hz,2.677086285984842e-06,-52.73439407348633,0.5396068096160889,0.03162135183811188,-22.61490821838379
1850.0,3,750-1000 Hz,2.1084933905513026e-06,-53.77128982543945,0.6275695562362671,0.0698140412569046,-15.735660552978516
1850.0,4,1-1.5 kHz,1.6844485799083486e-05,-44.746437072753906,0.6208598613739014,0.09438644349575043,-13.11632251739502
1850.0,5,1.5-2.5 kHz,0.5007858276367188,-0.01449519582092762,0.6861582398414612,0.32049560546875,-2.4980740547180176
1850.0,6,2.5-4 kHz,1.3171767932362854e-05,-45.8145751953125,0.541063666343689,0.011241783387959003,-31.59781265258789
1850.0,7,>4 kHz,6.5392532633268274e-06,-48.855735778808594,0.5263665318489075,0.0282309390604496,-23.600008010864258
1875.0,0,<250 Hz,1.7262806295548216e-06,-54.63990020751953,0.5395464897155762,0.01852310262620449,-27.260242462158203
1875.0,1,250-500 Hz,1.294680146202154e-06,-55.8893928527832,0.628577470779419,0.09634751081466675,-12.937705993652344
1875.0,2,500-750 Hz,1.8323119093111018e-06,-54.38102340698242,0.5396065711975098,0.03161982074379921,-22.615327835083008
1875.0,3,750-1000 Hz,2.1393414044723613e-06,-53.708213806152344,0.6275695562362671,0.06981408596038818,-15.735654830932617
1875.0,4,1-1.5 kHz,1.5459689166164026e-05,-45.11901092529297,0.6208593845367432,0.09438465535640717,-13.116487503051758
1875.0,5,1.5-2.5 kHz,0.5002568960189819,-0.0190846249461174,0.6860692501068115,0.3202662467956543,-2.5042917728424072
1875.0,6,2.5-4 kHz,1.3931229659647215e-05,-45.57112121582031,0.5410639047622681,0.01124479714781046,-31.595481872558594
1875.0,7,>4 kHz,6.529953680001199e-06,-48.861915588378906,0.5263665318489075,0.028230924159288406,-23.600013732910156
1900.0,0,<250 Hz,1.4446375189436367e-06,-55.413429260253906,0.5395463705062866,0.018522366881370544,-27.26058578491211
1900.0,1,250-500 Hz,1.1319571058265865e-06,-56.47271728515625,0.628577470779419,0.09634730219841003,-12.937725067138672
1900.0,2,500-750 Hz,1.3490617902789381e-06,-55.710697174072266,0.5396063923835754,0.03161894530057907,-22.615568161010742
1900.0,3,750-1000 Hz,2.177523583668517e-06,-53.631385803222656,0.6275695562362671,0.06981413811445236,-15.735647201538086
1900.0,4,1-1.5 kHz,1.4742099665454589e-05,-45.32542419433594,0.6208590865135193,0.09438373148441315,-13.116573333740234
1900.0,5,1.5-2.5 kHz,0.500253438949585,-0.019114524126052856,0.6860686540603638,0.3202647864818573,-2.5043320655822754
1900.0,6,2.5-4 kHz,1.466675257688621e-05,-45.34767532348633,0.5410641431808472,0.011247718706727028,-31.59322738647461
1900.0,7,>4 kHz,6.589807526324876e-06,-48.822288513183594,0.5263665914535522,0.02823103778064251,-23.599979400634766
1925.0,0,<250 Hz,1.557284917907964e-06,-55.08733367919922,0.5395464301109314,0.018522661179304123,-27.260448455810547
1925.0,1,250-500 Hz,1.047120122166234e-06,-56.81105041503906,0.628577470779419,0.09634719789028168,-12.937734603881836
1925.0,2,500-750 Hz,1.576280396875518e-06,-55.0346794128418,0.5396064519882202,0.0316193588078022,-22.615453720092773
1925.0,3,750-1000 Hz,2.1082646526338067e-06,-53.77176284790039,0.6275695562362671,0.0698140412569046,-15.735660552978516
1925.0,4,1-1.5 kHz,1.47765786095988e-05,-45.315277099609375,0.6208591461181641,0.09438377618789673,-13.116568565368652
1925.0,5,1.5-2.5 kHz,0.5007433295249939,-0.014863761141896248,0.6861510872840881,0.32047730684280396,-2.4985697269439697
1925.0,6,2.5-4 kHz,1.5218492080748547e-05,-45.18730163574219,0.5410642623901367,0.01124992873519659,-31.591520309448242
1925.0,7,>4 kHz,6.6535044425108936e-06,-48.780513763427734,0.5263665914535522,0.02823116071522236,-23.59994125366211
1950.0,0,<250 Hz,1.9076392163697165e-06,-54.206050872802734,0.5395464897155762,0.018523581326007843,-27.26001739501953
1950.0,1,250-500 Hz,1.0831156487256521e-06,-56.664268493652344,0.628577470779419,0.09634724259376526,-12.937728881835938
1950.0,2,500-750 Hz,2.2229276055441005e-06,-53.5417594909668,0.5396066904067993,0.031620532274246216,-22.615131378173828
1950.0,3,750-1000 Hz,1.9217545741412323e-06,-54.17403793334961,0.6275694370269775,0.06981375813484192,-15.735694885253906
1950.0,4,1-1.5 kHz,1.4999024642747827e-05,-45.250389099121094,0.6208592057228088,0.09438405930995941,-13.11654281616211
1950.0,5,1.5-2.5 kHz,0.5014791488647461,-0.008486717939376831,0.6862747669219971,0.3207964301109314,-2.489924907684326
1950.0,6,2.5-4 kHz,1.5961461031110957e-05,-44.98028564453125,0.5410645008087158,0.011252889409661293,-31.5892333984375
1950.0,7,>4 kHz,6.705174655508017e-06,-48.74691390991211,0.5263665914535522,0.02823125757277012,-23.599910736083984
1975.0,0,<250 Hz,2.1315697722457116e-06,-53.724021911621094,0.5395466089248657,0.018524164333939552,-27.259742736816406
1975.0,1,250-500 Hz,1.1755493005694007e-06,-56.30860900878906,0.628577470779419,0.09634736180305481,-12.937719345092773
1975.0,2,500-750 Hz,2.643919287947938e-06,-52.788536071777344,0.5396068096160889,0.0316212922334671,-22.61492156982422
1975.0,3,750-1000 Hz,1.7153826092908275e-06,-54.66740417480469,0.6275694370269775,0.06981346011161804,-15.735732078552246
1975.0,4,1-1.5 kHz,1.4365657079906669e-05,-45.43775939941406,0.6208590269088745,0.09438326209783554,-13.116616249084473
1975.0,5,1.5-2.5 kHz,0.5021395683288574,-0.002770941238850355,0.6863856911659241,0.3210827112197876,-2.482177257537842
1975.0,6,2.5-4 kHz,1.739822982926853e-05,-44.60596466064453,0.5410649180412292,0.011258563958108425,-31.584856033325195
1975.0,7,>4 kHz,6.780307558074128e-06,-48.69852066040039,0.5263665914535522,0.02823140099644661,-23.599868774414062
2000.0,0,<250 Hz,2.0001139091618825e-06,-54.00046920776367,0.539546549320221,0.018523819744586945,-27.259904861450195
2000.0,1,250-500 Hz,1.2091886674170382e-06,-56.186073303222656,0.628577470779419,0.0963473990559578,-12.937716484069824
2000.0,2,500-750 Hz,2.4276284875668352e-06,-53.15919494628906,0.5396066904067993,0.031620897352695465,-22.615032196044922
2000.0,3,750-1000 Hz,1.5986610151230707e-06,-54.97344970703125,0.6275693774223328,0.06981328874826431,-15.735754013061523
2000.0,4,1-1.5 kHz,1.244674604095053e-05,-46.060455322265625,0.6208583116531372,0.09438079595565796,-13.116842269897461
2000.0,5,1.5-2.5 kHz,0.5024600625038147,0.0,0.6864395141601562,0.3212612271308899,-2.4773497581481934
2000.0,6,2.5-4 kHz,1.963381509995088e-05,-44.08096694946289,0.5410656332969666,0.011267363093793392,-31.578067779541016
2000.0,7,>4 kHz,6.961831331864232e-06,-48.583778381347656,0.526366651058197,0.02823173813521862,-23.599761962890625
2025.0,0,<250 Hz,1.607533818059892e-06,-54.94941329956055,0.5395464301109314,0.01852279342710972,-27.260387420654297
2025.0,1,250-500 Hz,1.1322715636197245e-06,-56.47151184082031,0.628577470779419,0.09634730219841003,-12.937725067138672
2025.0,2,500-750 Hz,1.7449125380153419e-06,-54.59327697753906,0.5396065711975098,0.031619664281606674,-22.615371704101562
2025.0,3,750-1000 Hz,1.600410769242444e-06,-54.96870040893555,0.6275694370269775,0.06981329619884491,-15.73575210571289
2025.0,4,1-1.5 kHz,1.0096427104144823e-05,-46.969337463378906,0.6208574771881104,0.0943777859210968,-13.117120742797852
2025.0,5,1.5-2.5 kHz,0.5023254156112671,-0.0011639890726655722,0.6864168643951416,0.32116326689720154,-2.4799983501434326
2025.0,6,2.5-4 kHz,2.2207392248674296e-05,-43.54603576660156,0.5410664081573486,0.011277487501502037,-31.570266723632812
2025.0,7,>4 kHz,7.256466687977081e-06,-48.40376281738281,0.5263667702674866,0.02823229506611824,-23.599590301513672
2050.0,0,<250 Hz,1.280913579648768e-06,-55.93581771850586,0.5395463705062866,0.01852194033563137,-27.260784149169922
2050.0,1,250-500 Hz,9.928118060997804e-07,-57.0423469543457,0.6285774111747742,0.09634712338447571,-12.937740325927734
2050.0,2,500-750 Hz,1.1751317288144492e-06,-56.310150146484375,0.5396063327789307,0.0316186361014843,-22.615652084350586
2050.0,3,750-1000 Hz,1.6490502048327471e-06,-54.83867645263672,0.6275694370269775,0.06981337070465088,-15.735742568969727
2050.0,4,1-1.5 kHz,8.822016752674244e-06,-47.555335998535156,0.6208570003509521,0.09437614679336548,-13.117270469665527
2050.0,5,1.5-2.5 kHz,0.501807451248169,-0.005644477903842926,0.6863299608230591,0.32093876600265503,-2.486072301864624
2050.0,6,2.5-4 kHz,2.4545191990910098e-05,-43.111351013183594,0.5410671234130859,0.011286702938377857,-31.563175201416016
2050.0,7,>4 kHz,7.578242730232887e-06,-48.21533203125,0.5263668298721313,0.02823289856314659,-23.59940528869629
2075.0,0,<250 Hz,1.2727925877697999e-06,-55.96343994140625,0.5395463705062866,0.01852191984653473,-27.26079559326172
2075.0,1,250-500 Hz,8.966746349869936e-07,-57.48466491699219,0.6285773515701294,0.09634699672460556,-12.937751770019531
2075.0,2,500-750 Hz,1.169183292404341e-06,-56.33218765258789,0.5396063327789307,0.0316186249256134,-22.615657806396484
2075.0,3,750-1000 Hz,1.6421611235273303e-06,-54.85685729980469,0.6275694370269775,0.06981335580348969,-15.735745429992676
2075.0,4,1-1.5 kHz,9.32897728489479e-06,-47.31267547607422,0.6208571791648865,0.09437680244445801,-13.117209434509277
2075.0,5,1.5-2.5 kHz,0.5011381506919861,-0.011440863832831383,0.6862175464630127,0.32064855098724365,-2.4939301013946533
2075.0,6,2.5-4 kHz,2.642241452122107e-05,-42.791290283203125,0.5410677194595337,0.011294146999716759,-31.55744743347168
2075.0,7,>4 kHz,7.78178309701616e-06,-48.100223541259766,0.5263668894767761,0.028233278542757034,-23.599288940429688
2100.0,0,<250 Hz,1.5437349247804377e-06,-55.12528991699219,0.5395464301109314,0.018522629514336586,-27.26046371459961
2100.0,1,250-500 Hz,9.034388881445921e-07,-57.4520263671875,0.6285773515701294,0.09634700417518616,-12.937751770019531
2100.0,2,500-750 Hz,1.6558467450522585e-06,-54.82081604003906,0.539606511592865,0.03161950409412384,-22.615413665771484
2100.0,3,750-1000 Hz,1.5405058775286307e-06,-55.13438415527344,0.627569317817688,0.06981320679187775,-15.735764503479004
2100.0,4,1-1.5 kHz,1.0809258128574584e-05,-46.67305374145508,0.6208577156066895,0.09437869489192963,-13.117035865783691
2100.0,5,1.5-2.5 kHz,0.5006234645843506,-0.015903392806649208,0.6861308813095093,0.3204253017902374,-2.4999794960021973
2100.0,6,2.5-4 kHz,2.8000888050883077e-05,-42.5392951965332,0.5410681962966919,0.011300452053546906,-31.55259895324707
2100.0,7,>4 kHz,7.794282282702625e-06,-48.09325408935547,0.5263668894767761,0.028233302757143974,-23.599281311035156
2125.0,0,<250 Hz,1.817086968003423e-06,-54.417259216308594,0.5395464897155762,0.01852334290742874,-27.260129928588867
2125.0,1,250-500 Hz,9.75395323621342e-07,-57.11920928955078,0.6285774111747742,0.09634709358215332,-12.937744140625
2125.0,2,500-750 Hz,2.142127186743892e-06,-53.70256423950195,0.5396066904067993,0.03162038326263428,-22.61517333984375
2125.0,3,750-1000 Hz,1.3880354572393117e-06,-55.58700942993164,0.627569317817688,0.06981297582387924,-15.735793113708496
2125.0,4,1-1.5 kHz,1.156024791271193e-05,-46.381343841552734,0.6208579540252686,0.09437965601682663,-13.116947174072266
2125.0,5,1.5-2.5 kHz,0.5005166530609131,-0.016830231994390488,0.6861129403114319,0.32037895917892456,-2.5012359619140625
2125.0,6,2.5-4 kHz,2.9667648050235584e-05,-42.288185119628906,0.5410686731338501,0.011307133361697197,-31.547466278076172
2125.0,7,>4 kHz,7.639754585397895e-06,-48.18022155761719,0.5263668894767761,0.02823301963508129,-23.599369049072266
2150.0,0,<250 Hz,1.8143412034987705e-06,-54.423824310302734,0.5395464897155762,0.018523339182138443,-27.260129928588867
2150.0,1,250-500 Hz,1.028460019369959e-06,-56.88914489746094,0.6285774111747742,0.09634716808795929,-12.937736511230469
2150.0,2,500-750 Hz,2.155386027880013e-06,-53.67576599121094,0.5396066904067993,0.03162040561437607,-22.61516761779785
2150.0,3,750-1000 Hz,1.277080968975497e-06,-55.948829650878906,0.6275692582130432,0.06981281191110611,-15.73581314086914
2150.0,4,1-1.5 kHz,1.0492169167264365e-05,-46.802364349365234,0.6208575963973999,0.09437829256057739,-13.117073059082031
2150.0,5,1.5-2.5 kHz,0.5008754730224609,-0.01371790748089552,0.6861733198165894,0.32053449749946594,-2.4970202445983887
2150.0,6,2.5-4 kHz,3.1529089028481394e-05,-42.023902893066406,0.5410692691802979,0.011314617469906807,-31.541717529296875
2150.0,7,>4 kHz,7.457750143657904e-06,-48.284934997558594,0.5263668298721313,0.02823268063366413,-23.59947395324707
2175.0,0,<250 Hz,1.5222942693071673e-06,-55.18602752685547,0.5395464301109314,0.01852256990969181,-27.26049041748047
2175.0,1,250-500 Hz,9.907341791404178e-07,-57.05144500732422,0.6285774111747742,0.09634711593389511,-12.93774127960205
2175.0,2,500-750 Hz,1.6668027456034906e-06,-54.79217529296875,0.5396064519882202,0.03161952272057533,-22.61540985107422
2175.0,3,750-1000 Hz,1.2586958746396704e-06,-56.01180648803711,0.6275692582130432,0.06981278955936432,-15.73581600189209
2175.0,4,1-1.5 kHz,8.209188308683224e-06,-47.868011474609375,0.620856761932373,0.0943753570318222,-13.117342948913574
2175.0,5,1.5-2.5 kHz,0.5014286041259766,-0.00892454944550991,0.686266303062439,0.3207743167877197,-2.4905242919921875
2175.0,6,2.5-4 kHz,3.30919174302835e-05,-41.81379699707031,0.541069746017456,0.011321007274091244,-31.536815643310547
2175.0,7,>4 kHz,7.368937531282427e-06,-48.33696746826172,0.5263667702674866,0.02823251485824585,-23.599525451660156
2200.0,0,<250 Hz,1.1851943781948648e-06,-56.27312088012695,0.5395463705062866,0.018521690741181374,-27.26090431213379
2200.0,1,250-500 Hz,8.825230111142446e-07,-57.55375289916992,0.6285773515701294,0.09634697437286377,-12.937753677368164
2200.0,2,500-750 Hz,1.0978185400745133e-06,-56.605712890625,0.5396063327789307,0.03161849454045296,-22.615692138671875
2200.0,3,750-1000 Hz,1.2952203860550071e-06,-55.88758087158203,0.6275692582130432,0.0698128417134285,-15.735809326171875
2200.0,4,1-1.5 kHz,6.348657734633889e-06,-48.98419952392578,0.6208560466766357,0.09437298029661179,-13.117562294006348
2200.0,5,1.5-2.5 kHz,0.5014846324920654,-0.008439254015684128,0.6862757205963135,0.3207985460758209,-2.489867687225342
2200.0,6,2.5-4 kHz,3.3465847081970423e-05,-41.76499938964844,0.5410698652267456,0.01132289320230484,-31.535367965698242
2200.0,7,>4 kHz,7.4068848334718496e-06,-48.314659118652344,0.5263668298721313,0.02823258936405182,-23.59950065612793
2225.0,0,<250 Hz,1.072670556823141e-06,-56.70635223388672,0.5395463109016418,0.018521394580602646,-27.261043548583984
2225.0,1,250-500 Hz,7.831386028556153e-07,-58.072628021240234,0.6285773515701294,0.09634684771299362,-12.937765121459961
2225.0,2,500-750 Hz,9.190671335090883e-07,-57.37754440307617,0.5396062135696411,0.03161816671490669,-22.615779876708984
2225.0,3,750-1000 Hz,1.316587372457434e-06,-55.8165168762207,0.6275692582130432,0.06981287151575089,-15.73580551147461
2225.0,4,1-1.5 kHz,6.204233613971155e-06,-49.08413314819336,0.6208560466766357,0.09437278658151627,-13.11758041381836
2225.0,5,1.5-2.5 kHz,0.49990296363830566,-0.022158389911055565,0.6860097646713257,0.3201126158237457,-2.50846004486084
2225.0,6,2.5-4 kHz,3.492237738100812e-05,-41.57997512817383,0.5410703420639038,0.011329134926199913,-31.530580520629883
2225.0,7,>4 kHz,7.519249720644439e-06,-48.249267578125,0.5263668298721313,0.02823280170559883,-23.599435806274414
2250.0,0,<250 Hz,1.2509392490756e-06,-56.03865051269531,0.5395463705062866,0.018521862104535103,-27.260822296142578
2250.0,1,250-500 Hz,7.648590099051944e-07,-58.175201416015625,0.6285773515701294,0.09634682536125183,-12.937767028808594
2250.0,2,500-750 Hz,1.243237534254149e-06,-56.06547546386719,0.5396063327789307,0.03161875531077385,-22.61562156677246
2250.0,3,750-1000 Hz,1.2688542483374476e-06,-55.976898193359375,0.6275692582130432,0.06981279700994492,-15.735815048217773
2250.0,4,1-1.5 kHz,7.516126970585901e-06,-48.251075744628906,0.620856523513794,0.09437447786331177,-13.117424011230469
2250.0,5,1.5-2.5 kHz,0.4951578676700592,-0.0635785460472107,0.6852093935012817,0.3180520534515381,-2.56455135345459
2250.0,6,2.5-4 kHz,5.707371383323334e-05,-39.4466552734375,0.5410771369934082,0.011415515094995499,-31.4646053314209
2250.0,7,>4 kHz,7.612134140799753e-06,-48.195953369140625,0.5263668298721313,0.02823297679424286,-23.599380493164062
2275.0,0,<250 Hz,1.5239427284541307e-06,-55.18132781982422,0.5395464301109314,0.018522579222917557,-27.260486602783203
2275.0,1,250-500 Hz,8.238637292379281e-07,-57.85246276855469,0.6285773515701294,0.0963468998670578,-12.937760353088379
2275.0,2,500-750 Hz,1.7292406937485794e-06,-54.6324577331543,0.5396064519882202,0.031619634479284286,-22.61537742614746
2275.0,3,750-1000 Hz,1.1626152627286501e-06,-56.35665512084961,0.6275692582130432,0.06981264799833298,-15.735834121704102
2275.0,4,1-1.5 kHz,8.779931704339106e-06,-47.57610321044922,0.6208569407463074,0.0943760871887207,-13.117276191711426
2275.0,5,1.5-2.5 kHz,0.4855046272277832,-0.14908161759376526,0.6835697889328003,0.3138469159603119,-2.6801583766937256
2275.0,6,2.5-4 kHz,0.00017295140423811972,-34.63177490234375,0.5411127805709839,0.011854162439703941,-31.137100219726562
2275.0,7,>4 kHz,7.681769602640998e-06,-48.156402587890625,0.5263668298721313,0.028233109042048454,-23.599340438842773
2300.0,0,<250 Hz,1.6182993931579404e-06,-54.92042541503906,0.5395464301109314,0.018522825092077255,-27.2603702545166
2300.0,1,250-500 Hz,8.859154263518576e-07,-57.53709411621094,0.6285773515701294,0.09634697437286377,-12.937753677368164
2300.0,2,500-750 Hz,1.9081307982560247e-06,-54.20493698120117,0.5396065711975098,0.03161995857954025,-22.61528968811035
2300.0,3,750-1000 Hz,1.0602464044495719e-06,-56.75695037841797,0.6275691986083984,0.06981249898672104,-15.735851287841797
2300.0,4,1-1.5 kHz,8.621624147053808e-06,-47.65512466430664,0.6208568811416626,0.09437588602304459,-13.117294311523438
2300.0,5,1.5-2.5 kHz,0.46924740076065063,-0.2969968020915985,0.6807739734649658,0.3067243993282318,-2.879549264907837
2300.0,6,2.5-4 kHz,0.0005775465979240835,-29.395143508911133,0.5412372350692749,0.013271678239107132,-30.1560001373291
2300.0,7,>4 kHz,7.798821570759173e-06,-48.09072494506836,0.5263669490814209,0.028233332559466362,-23.599271774291992
2325.0,0,<250 Hz,1.4357392501551658e-06,-55.44025802612305,0.5395463705062866,0.018522344529628754,-27.260597229003906
2325.0,1,250-500 Hz,8.799878514764714e-07,-57.566246032714844,0.6285773515701294,0.09634696692228317,-12.93775463104248
2325.0,2,500-750 Hz,1.605896954970376e-06,-54.95383834838867,0.5396064519882202,0.03161941468715668,-22.615440368652344
2325.0,3,750-1000 Hz,1.019529463519575e-06,-56.92701721191406,0.6275691986083984,0.06981243193149567,-15.735859870910645
2325.0,4,1-1.5 kHz,6.977036719035823e-06,-48.574302673339844,0.6208562850952148,0.09437377005815506,-13.1174898147583
2325.0,5,1.5-2.5 kHz,0.44507649540901184,-0.5266689658164978,0.6765347719192505,0.2960369288921356,-3.1875972747802734
2325.0,6,2.5-4 kHz,0.0016870048129931092,-24.739852905273438,0.5415782332420349,0.016553614288568497,-28.236658096313477
2325.0,7,>4 kHz,8.052608791331295e-06,-47.95165252685547,0.5263669490814209,0.028233807533979416,-23.5991268157959
2350.0,0,<250 Hz,1.1234988051000983e-06,-56.505287170410156,0.5395463109016418,0.01852152869105339,-27.26097869873047
2350.0,1,250-500 Hz,7.976133247211692e-07,-57.99309158325195,0.6285773515701294,0.09634687006473541,-12.937764167785645
2350.0,2,500-750 Hz,1.081532786884054e-06,-56.670616149902344,0.5396063327789307,0.03161846101284027,-22.61570167541504
2350.0,3,750-1000 Hz,1.037751871990622e-06,-56.85008239746094,0.6275691986083984,0.06981246173381805,-15.735856056213379
2350.0,4,1-1.5 kHz,5.129202691023238e-06,-49.91051483154297,0.6208556294441223,0.09437140822410583,-13.117706298828125
2350.0,5,1.5-2.5 kHz,0.4124106466770172,-0.8577166795730591,0.6706438660621643,0.28139588236808777,-3.6281609535217285
2350.0,6,2.5-4 kHz,0.0042446935549378395,-20.732553482055664,0.5423626899719238,0.02238648384809494,-25.614797592163086
2350.0,7,>4 kHz,8.444065315416083e-06,-47.74549865722656,0.5263670682907104,0.028234543278813362,-23.598899841308594
2375.0,0,<250 Hz,9.449366302760609e-07,-57.256988525390625,0.5395462512969971,0.018521063029766083,-27.261198043823242
2375.0,1,250-500 Hz,7.000954838076723e-07,-58.55944061279297,0.6285773515701294,0.09634674340486526,-12.937774658203125
2375.0,2,500-750 Hz,7.806233952578623e-07,-58.08660125732422,0.5396062135696411,0.031617917120456696,-22.6158504486084
2375.0,3,750-1000 Hz,1.0671529935279978e-06,-56.7287483215332,0.6275691986083984,0.06981250643730164,-15.735851287841797
2375.0,4,1-1.5 kHz,4.490750143304467e-06,-50.48782730102539,0.620855450630188,0.09437060356140137,-13.117780685424805
2375.0,5,1.5-2.5 kHz,0.37165912985801697,-1.3095675706863403,0.6630220413208008,0.2627820372581482,-4.222601890563965
2375.0,6,2.5-4 kHz,0.009385965764522552,-17.286226272583008,0.5439329147338867,0.031050268560647964,-22.773208618164062
2375.0,7,>4 kHz,8.834476830088533e-06,-47.5492057800293,0.5263671875,0.02823527529835701,-23.598674774169922
2400.0,0,<250 Hz,1.030967041515396e-06,-56.87856674194336,0.5395463109016418,0.01852128654718399,-27.261093139648438
2400.0,1,250-500 Hz,6.611743401663261e-07,-58.80785369873047,0.6285772919654846,0.09634669125080109,-12.937779426574707
2400.0,2,500-750 Hz,9.343297620034718e-07,-57.30601501464844,0.5396062731742859,0.03161819651722908,-22.615774154663086
2400.0,3,750-1000 Hz,1.0521823696763022e-06,-56.790103912353516,0.6275691986083984,0.06981248408555984,-15.735854148864746
2400.0,4,1-1.5 kHz,5.358368525776314e-06,-49.72068786621094,0.6208556890487671,0.09437170624732971,-13.117679595947266
2400.0,5,1.5-2.5 kHz,0.32431864738464355,-1.9012962579727173,0.6537653207778931,0.2406034618616104,-4.988478183746338
2400.0,6,2.5-4 kHz,0.0186019130051136,-14.315439224243164,0.5467253923416138,0.042609307914972305,-20.024425506591797
2400.0,7,>4 kHz,9.064234291145112e-06,-47.437705993652344,0.5263672471046448,0.02823570929467678,-23.598541259765625
2425.0,0,<250 Hz,1.27900239021983e-06,-55.94230270385742,0.5395463705062866,0.018521934747695923,-27.260787963867188
2425.0,1,250-500 Hz,6.994330874476873e-07,-58.56355285644531,0.6285773515701294,0.09634674340486526,-12.937774658203125
2425.0,2,500-750 Hz,1.3596727512776852e-06,-55.67667007446289,0.5396063923835754,0.03161896392703056,-22.615564346313477
2425.0,3,750-1000 Hz,9.860264071903657e-07,-57.07212829589844,0.6275691390037537,0.06981237977743149,-15.73586654663086
2425.0,4,1-1.5 kHz,6.719395059917588e-06,-48.73771286010742,0.6208562254905701,0.0943734422326088,-13.11751937866211
2425.0,5,1.5-2.5 kHz,0.27285316586494446,-2.6517252922058105,0.6431776285171509,0.21567609906196594,-5.938475131988525
2425.0,6,2.5-4 kHz,0.03355753421783447,-11.7531156539917,0.5511977076530457,0.05706416070461273,-17.487247467041016
2425.0,7,>4 kHz,9.04236458154628e-06,-47.44819641113281,0.5263672471046448,0.028235668316483498,-23.598554611206055
2450.0,0,<250 Hz,1.4369439895745018e-06,-55.436614990234375,0.5395463705062866,0.018522348254919052,-27.26059341430664
2450.0,1,250-500 Hz,7.602491223224206e-07,-58.201454162597656,0.6285773515701294,0.09634682536125183,-12.937767028808594
2450.0,2,500-750 Hz,1.6441695152025204e-06,-54.8515510559082,0.539606511592865,0.03161948174238205,-22.615421295166016
2450.0,3,750-1000 Hz,9.040259669745865e-07,-57.4492073059082,0.6275690793991089,0.06981226056814194,-15.735881805419922
2450.0,4,1-1.5 kHz,7.168297088355757e-06,-48.45685577392578,0.6208563446998596,0.09437401592731476,-13.117466926574707
2450.0,5,1.5-2.5 kHz,0.22035355865955353,-3.5798146724700928,0.6317715644836426,0.18911802768707275,-7.079856872558594
2450.0,6,2.5-4 kHz,0.0557657927274704,-9.54733657836914,0.5577057003974915,0.07436970621347427,-15.18659496307373
2450.0,7,>4 kHz,8.850749509292655e-06,-47.54121398925781,0.5263671875,0.028235314413905144,-23.598663330078125
2475.0,0,<250 Hz,1.3530074056689045e-06,-55.69801330566406,0.5395463705062866,0.018522128462791443,-27.260696411132812
2475.0,1,250-500 Hz,7.774931418680353e-07,-58.10404968261719,0.6285773515701294,0.09634684771299362,-12.937765121459961
2475.0,2,500-750 Hz,1.514799350843532e-06,-55.207462310791016,0.5396064519882202,0.031619247049093246,-22.61548614501953
2475.0,3,750-1000 Hz,8.56133624438371e-07,-57.68560028076172,0.6275690793991089,0.06981218606233597,-15.735891342163086
2475.0,4,1-1.5 kHz,6.185849542816868e-06,-49.097023010253906,0.6208560466766357,0.09437276422977448,-13.117582321166992
2475.0,5,1.5-2.5 kHz,0.17005185782909393,-4.705201148986816,0.6202237606048584,0.16217970848083496,-8.41458511352539
2475.0,6,2.5-4 kHz,0.08617851138114929,-7.657025337219238,0.5663681030273438,0.094380684196949,-13.116853713989258
2475.0,7,>4 kHz,8.667601832712535e-06,-47.63202667236328,0.5263671875,0.028234977275133133,-23.598766326904297
2500.0,0,<250 Hz,1.0890802286667167e-06,-56.64041519165039,0.5395463109016418,0.018521437421441078,-27.26102066040039
2500.0,1,250-500 Hz,7.223555940072401e-07,-58.42350387573242,0.6285773515701294,0.09634677320718765,-12.937772750854492
2500.0,2,500-750 Hz,1.081148525372555e-06,-56.67216491699219,0.5396063327789307,0.03161846101284027,-22.61570167541504
2500.0,3,750-1000 Hz,8.589773301537207e-07,-57.671199798583984,0.6275690793991089,0.06981219351291656,-15.735889434814453
2500.0,4,1-1.5 kHz,4.530651949608e-06,-50.44940948486328,0.620855450630188,0.09437064081430435,-13.117776870727539
2500.0,5,1.5-2.5 kHz,0.12479440867900848,-6.049064636230469,0.609276294708252,0.13605394959449768,-9.940292358398438
2500.0,6,2.5-4 kHz,0.1248118206858635,-6.048458099365234,0.5769727230072021,0.11676117777824402,-11.268547058105469
2500.0,7,>4 kHz,8.634066034574062e-06,-47.64886474609375,0.5263671875,0.028234919533133507,-23.598785400390625
2525.0,0,<250 Hz,8.667049655741721e-07,-57.632301330566406,0.5395462512969971,0.01852085255086422,-27.261295318603516
2525.0,1,250-500 Hz,6.364412570292188e-07,-58.97343063354492,0.6285772919654846,0.0963466614484787,-12.937783241271973
2525.0,2,500-750 Hz,7.196880460469401e-07,-58.4395751953125,0.5396062135696411,0.03161780536174774,-22.615880966186523
2525.0,3,750-1000 Hz,8.893789527064655e-07,-57.520145416259766,0.6275690793991089,0.06981223821640015,-15.735884666442871
2525.0,4,1-1.5 kHz,3.5218954508309253e-06,-51.543251037597656,0.6208550333976746,0.09436934441328049,-13.117897033691406
2525.0,5,1.5-2.5 kHz,0.08661352097988129,-7.635159015655518,0.5996007919311523,0.11173029989004135,-11.65109634399414
2525.0,6,2.5-4 kHz,0.17053137719631195,-4.692972660064697,0.588975191116333,0.14089533686637878,-9.63658332824707
2525.0,7,>4 kHz,8.759638149058446e-06,-47.58615493774414,0.5263671875,0.02823515795171261,-23.598711013793945
2550.0,0,<250 Hz,8.707636425242526e-07,-57.61201477050781,0.5395462512969971,0.018520865589380264,-27.26129150390625
2550.0,1,250-500 Hz,5.850083084624202e-07,-59.339393615722656,0.6285772323608398,0.09634658694267273,-12.937788963317871
2550.0,2,500-750 Hz,7.27043072856759e-07,-58.395416259765625,0.5396062135696411,0.031617820262908936,-22.615875244140625
2550.0,3,750-1000 Hz,8.904503943085729e-07,-57.51491928100586,0.6275690793991089,0.06981223821640015,-15.735884666442871
2550.0,4,1-1.5 kHz,3.862896846840158e-06,-51.14188766479492,0.6208552122116089,0.0943697839975357,-13.117856979370117
2550.0,5,1.5-2.5 kHz,0.05648886039853096,-9.491387367248535,0.5916657447814941,0.08993300795555115,-13.5361328125
2550.0,6,2.5-4 kHz,0.22109709680080414,-3.565185070037842,0.6016005277633667,0.16586105525493622,-8.219627380371094
2550.0,7,>4 kHz,8.933250683185179e-06,-47.500919342041016,0.5263671875,0.028235487639904022,-23.598609924316406
2575.0,0,<250 Hz,1.0556072993495036e-06,-56.7759895324707,0.5395463109016418,0.018521348014473915,-27.261064529418945
2575.0,1,250-500 Hz,6.032947794665233e-07,-59.205718994140625,0.6285772323608398,0.09634661674499512,-12.937786102294922
2575.0,2,500-750 Hz,1.0632766134222038e-06,-56.74455261230469,0.5396063327789307,0.03161843121051788,-22.61570930480957
2575.0,3,750-1000 Hz,8.566686915401078e-07,-57.682884216308594,0.6275690793991089,0.06981218606233597,-15.735891342163086
2575.0,4,1-1.5 kHz,5.03669616591651e-06,-49.98955535888672,0.6208556294441223,0.09437129646539688,-13.117717742919922
2575.0,5,1.5-2.5 kHz,0.03434912860393524,-11.65185832977295,0.5856562852859497,0.07114946842193604,-15.571083068847656
2575.0,6,2.5-4 kHz,0.27347537875175476,-2.6418333053588867,0.614006519317627,0.19050489366054535,-7.016392707824707
2575.0,7,>4 kHz,9.062830031325575e-06,-47.438377380371094,0.5263672471046448,0.02823573164641857,-23.598535537719727
2600.0,0,<250 Hz,1.249775323231006e-06,-56.042694091796875,0.5395463705062866,0.018521858379244804,-27.260822296142578
2600.0,1,250-500 Hz,6.609720912820194e-07,-58.80918502807617,0.6285773515701294,0.09634669870138168,-12.937779426574707
2600.0,2,500-750 Hz,1.4005100865688291e-06,-55.548152923583984,0.5396064519882202,0.03161904215812683,-22.615543365478516
2600.0,3,750-1000 Hz,7.877916914367233e-07,-58.046905517578125,0.6275690793991089,0.06981208920478821,-15.735902786254883
2600.0,4,1-1.5 kHz,5.8276482377550565e-06,-49.356082916259766,0.6208559274673462,0.09437230229377747,-13.117624282836914
2600.0,5,1.5-2.5 kHz,0.019279103726148605,-14.160146713256836,0.5814766883850098,0.05570308491587639,-17.696931838989258
2600.0,6,2.5-4 kHz,0.3243550658226013,-1.900808572769165,0.6254466772079468,0.21361497044563293,-6.021881580352783
2600.0,7,>4 kHz,9.144954674411565e-06,-47.399200439453125,0.5263672471046448,0.028235889971256256,-23.59848403930664
2625.0,0,<250 Hz,1.251498702004028e-06,-56.036712646484375,0.5395463705062866,0.018521862104535103,-27.260822296142578
2625.0,1,250-500 Hz,6.930442850716645e-07,-58.6034049987793,0.6285773515701294,0.09634673595428467,-12.937775611877441
2625.0,2,500-750 Hz,1.4150408560453798e-06,-55.503326416015625,0.5396064519882202,0.03161906450986862,-22.615535736083984
2625.0,3,750-1000 Hz,7.385867206721741e-07,-58.327003479003906,0.6275690793991089,0.06981201469898224,-15.735912322998047
2625.0,4,1-1.5 kHz,5.438389962364454e-06,-49.65631103515625,0.6208557486534119,0.09437181055545807,-13.117670059204102
2625.0,5,1.5-2.5 kHz,0.009855634532868862,-17.074169158935547,0.5788255929946899,0.04380626603960991,-19.783790588378906
2625.0,6,2.5-4 kHz,0.37071818113327026,-1.3205766677856445,0.6353809237480164,0.2341299057006836,-5.225377559661865
2625.0,7,>4 kHz,9.315005627286155e-06,-47.319183349609375,0.5263673067092896,0.028236214071512222,-23.598386764526367
2650.0,0,<250 Hz,1.0529598739594803e-06,-56.78689956665039,0.5395462512969971,0.018521342426538467,-27.261066436767578
2650.0,1,250-500 Hz,6.641058121203969e-07,-58.78864288330078,0.6285773515701294,0.09634669870138168,-12.937779426574707
2650.0,2,500-750 Hz,1.0932413943010033e-06,-56.62385559082031,0.5396063327789307,0.03161848336458206,-22.61569595336914
2650.0,3,750-1000 Hz,7.235199745991849e-07,-58.41651153564453,0.6275690793991089,0.06981199979782104,-15.735913276672363
2650.0,4,1-1.5 kHz,4.138468284509145e-06,-50.842620849609375,0.6208552718162537,0.09437014162540436,-13.117823600769043
2650.0,5,1.5-2.5 kHz,0.004505273886024952,-20.473804473876953,0.5773072242736816,0.03551112860441208,-21.60722541809082
2650.0,6,2.5-4 kHz,0.41032180190086365,-0.8797694444656372,0.643518328666687,0.25131484866142273,-4.610152244567871
2650.0,7,>4 kHz,9.703697287477553e-06,-47.14164352416992,0.5263674259185791,0.02823694795370102,-23.598159790039062
2675.0,0,<250 Hz,8.199724561563926e-07,-57.873023986816406,0.5395462512969971,0.018520724028348923,-27.261356353759766
2675.0,1,250-500 Hz,5.891346290809452e-07,-59.308868408203125,0.6285772323608398,0.09634659439325333,-12.937788009643555
2675.0,2,500-750 Hz,7.107726673893922e-07,-58.493709564208984,0.5396062135696411,0.03161779046058655,-22.615886688232422
2675.0,3,750-1000 Hz,7.419968142130529e-07,-58.3069953918457,0.6275690793991089,0.06981201469898224,-15.735912322998047
2675.0,4,1-1.5 kHz,3.0097032777121058e-06,-52.22578048706055,0.6208548545837402,0.09436869621276855,-13.11795711517334
2675.0,5,1.5-2.5 kHz,0.0017944873543456197,-24.47161102294922,0.5765342712402344,0.030522190034389496,-22.92220115661621
2675.0,6,2.5-4 kHz,0.4419707953929901,-0.5570798516273499,0.649802029132843,0.2648511528968811,-4.154478549957275
2675.0,7,>4 kHz,1.0245429621136282e-05,-46.90571212768555,0.5263675451278687,0.02823796309530735,-23.597848892211914
2700.0,0,<250 Hz,7.478789711967693e-07,-58.272701263427734,0.5395461916923523,0.018520550802350044,-27.261438369750977
2700.0,1,250-500 Hz,5.289693945087492e-07,-59.776710510253906,0.6285772323608398,0.09634651243686676,-12.937795639038086
2700.0,2,500-750 Hz,5.94975347212312e-07,-59.266021728515625,0.5396061539649963,0.031617581844329834,-22.615943908691406
2700.0,3,750-1000 Hz,7.565229225292569e-07,-58.22279357910156,0.6275690793991089,0.06981204450130463,-15.735908508300781
2700.0,4,1-1.5 kHz,2.9214918413345004e-06,-52.3549690246582,0.6208548545837402,0.0943685844540596,-13.117966651916504
2700.0,5,1.5-2.5 kHz,0.0006022504530847073,-29.213245391845703,0.5761935710906982,0.02806304581463337,-23.651819229125977
2700.0,6,2.5-4 kHz,0.4655425548553467,-0.3314216136932373,0.6543605327606201,0.27482858300209045,-3.833277463912964
2700.0,7,>4 kHz,1.0752912203315645e-05,-46.69575500488281,0.5263676643371582,0.028238916769623756,-23.59755516052246
2725.0,0,<250 Hz,8.791511731942592e-07,-57.57038116455078,0.5395462512969971,0.01852087676525116,-27.26128578186035
2725.0,1,250-500 Hz,5.272394787425583e-07,-59.79093551635742,0.6285772323608398,0.09634651988744736,-12.93779468536377
2725.0,2,500-750 Hz,8.231074843934039e-07,-57.856449127197266,0.5396062135696411,0.03161799535155296,-22.615829467773438
2725.0,3,750-1000 Hz,7.369092145381728e-07,-58.336875915527344,0.6275690793991089,0.06981201469898224,-15.735912322998047
2725.0,4,1-1.5 kHz,3.818055120063946e-06,-51.19259262084961,0.6208551526069641,0.09436972439289093,-13.1178617477417
2725.0,5,1.5-2.5 kHz,0.0001684046146692708,-34.747474670410156,0.5760694742202759,0.02711494453251362,-23.950340270996094
2725.0,6,2.5-4 kHz,0.48179852962493896,-0.18236087262630463,0.6574457883834839,0.28166043758392334,-3.6199984550476074
2725.0,7,>4 kHz,1.1022831131413113e-05,-46.58808135986328,0.5263677835464478,0.028239428997039795,-23.597396850585938
2750.0,0,<250 Hz,1.0769682603495312e-06,-56.688987731933594,0.5395463109016418,0.01852140575647354,-27.261037826538086
2750.0,1,250-500 Hz,5.736990260629682e-07,-59.42417526245117,0.6285772323608398,0.09634657204151154,-12.937789916992188
2750.0,2,500-750 Hz,1.1565105069166748e-06,-56.3795166015625,0.5396063327789307,0.031618595123291016,-22.615663528442383
2750.0,3,750-1000 Hz,6.919266297700233e-07,-58.610416412353516,0.6275690793991089,0.06981195509433746,-15.735919952392578
2750.0,4,1-1.5 kHz,4.7579355850757565e-06,-50.23683166503906,0.6208555698394775,0.09437093883752823,-13.11775016784668
2750.0,5,1.5-2.5 kHz,5.0026148528559133e-05,-40.01904296875,0.5760355591773987,0.02685040794312954,-24.035499572753906
2750.0,6,2.5-4 kHz,0.4920678436756134,-0.09076569974422455,0.6593705415725708,0.28595635294914246,-3.488520622253418
2750.0,7,>4 kHz,1.0983329957525712e-05,-46.603675842285156,0.5263677835464478,0.028239361941814423,-23.597415924072266
2775.0,0,<250 Hz,1.1508975603646832e-06,-56.4006462097168,0.5395463705062866,0.01852160133421421,-27.260944366455078
2775.0,1,250-500 Hz,6.151087745820405e-07,-59.12149429321289,0.6285772919654846,0.09634663909673691,-12.937784194946289
2775.0,2,500-750 Hz,1.2863033589383122e-06,-55.91758346557617,0.5396063923835754,0.031618837267160416,-22.615596771240234
2775.0,3,750-1000 Hz,6.466109994107683e-07,-58.90458679199219,0.6275690793991089,0.0698118805885315,-15.735929489135742
2775.0,4,1-1.5 kHz,4.823236849915702e-06,-50.17763137817383,0.6208555698394775,0.0943710207939148,-13.117742538452148
2775.0,5,1.5-2.5 kHz,3.157661922159605e-05,-42.01736068725586,0.5760302543640137,0.02680874429643154,-24.048986434936523
2775.0,6,2.5-4 kHz,0.49790024757385254,-0.039592087268829346,0.660455584526062,0.2883894443511963,-3.414928436279297
2775.0,7,>4 kHz,1.0751425179478247e-05,-46.696353912353516,0.526367723941803,0.02823893539607525,-23.59754753112793
2800.0,0,<250 Hz,1.0223245681117987e-06,-56.91512680053711,0.5395462512969971,0.0185212604701519,-27.261104583740234
2800.0,1,250-500 Hz,6.074662337596237e-07,-59.1757926940918,0.6285772323608398,0.09634663164615631,-12.937784194946289
2800.0,2,500-750 Hz,1.0829929806277505e-06,-56.664756774902344,0.5396063327789307,0.03161846101284027,-22.61570167541504
2800.0,3,750-1000 Hz,6.265641445679648e-07,-59.04136276245117,0.6275690793991089,0.0698118507862091,-15.735932350158691
2800.0,4,1-1.5 kHz,3.906887741322862e-06,-51.09270477294922,0.6208552122116089,0.09436983615159988,-13.117852210998535
2800.0,5,1.5-2.5 kHz,3.112555350526236e-05,-42.0798454284668,0.5760301351547241,0.026807544752955437,-24.049375534057617
2800.0,6,2.5-4 kHz,0.5007727146148682,-0.0146089568734169,0.6609877347946167,0.2895859479904175,-3.3789656162261963
2800.0,7,>4 kHz,1.0596570973575581e-05,-46.759361267089844,0.5263676643371582,0.028238652274012566,-23.597637176513672
2825.0,0,<250 Hz,8.019262622838141e-07,-57.969669342041016,0.5395462512969971,0.018520688638091087,-27.261371612548828
2825.0,1,250-500 Hz,5.482067990669748e-07,-59.62157440185547,0.6285772323608398,0.09634654223918915,-12.937792778015137
2825.0,2,500-750 Hz,7.252426144077617e-07,-58.40618133544922,0.5396062135696411,0.03161781653761864,-22.61587905883789
2825.0,3,750-1000 Hz,6.350537660182454e-07,-58.98291015625,0.6275690793991089,0.0698118656873703,-15.735930442810059
2825.0,4,1-1.5 kHz,2.765184035524726e-06,-52.593772888183594,0.6208547353744507,0.09436838328838348,-13.117985725402832
2825.0,5,1.5-2.5 kHz,2.891456097131595e-05,-42.39984893798828,0.5760295391082764,0.02680245228111744,-24.051025390625
2825.0,6,2.5-4 kHz,0.5018939971923828,-0.004895464982837439,0.6611951589584351,0.29005271196365356,-3.364976644515991
2825.0,7,>4 kHz,1.0668129107216373e-05,-46.730133056640625,0.5263676643371582,0.028238793835043907,-23.597593307495117
2850.0,0,<250 Hz,6.718692020513117e-07,-58.7381706237793,0.5395461320877075,0.018520334735512733,-27.261539459228516
2850.0,1,250-500 Hz,4.86454950987536e-07,-60.14059066772461,0.6285772323608398,0.09634646773338318,-12.937799453735352
2850.0,2,500-750 Hz,5.232740249994094e-07,-59.82372283935547,0.5396061539649963,0.03161745145916939,-22.615978240966797
2850.0,3,750-1000 Hz,6.493040700661368e-07,-58.886531829833984,0.6275690793991089,0.0698118805885315,-15.735929489135742
2850.0,4,1-1.5 kHz,2.3339791823673295e-06,-53.33004379272461,0.6208546161651611,0.09436783194541931,-13.118036270141602
2850.0,5,1.5-2.5 kHz,2.50978373514954e-05,-43.0146484375,0.5760284662246704,0.026793789118528366,-24.0538330078125
2850.0,6,2.5-4 kHz,0.5021176338195801,-0.0029608106706291437,0.6612364053726196,0.29014572501182556,-3.362191915512085
2850.0,7,>4 kHz,1.0947019291052129e-05,-46.61805725097656,0.5263677835464478,0.02823932282626629,-23.597431182861328
2875.0,0,<250 Hz,7.369766308329417e-07,-58.33647918701172,0.5395462512969971,0.01852051354944706,-27.261455535888672
2875.0,1,250-500 Hz,4.6761493877056637e-07,-60.3121337890625,0.6285772323608398,0.09634643793106079,-12.9378023147583
2875.0,2,500-750 Hz,6.386306949934806e-07,-58.95851516723633,0.5396062135696411,0.0316176600754261,-22.615921020507812
2875.0,3,750-1000 Hz,6.475120244431309e-07,-58.898536682128906,0.6275690793991089,0.0698118805885315,-15.735929489135742
2875.0,4,1-1.5 kHz,2.874184701795457e-06,-52.425872802734375,0.6208548545837402,0.09436852484941483,-13.117971420288086
2875.0,5,1.5-2.5 kHz,2.1939924408798106e-05,-43.59866714477539,0.5760275721549988,0.026786623522639275,-24.056156158447266
2875.0,6,2.5-4 kHz,0.5019491314888,-0.0044183931313455105,0.6612052917480469,0.2900755703449249,-3.364292621612549
2875.0,7,>4 kHz,1.1230117706872988e-05,-46.507171630859375,0.5263677835464478,0.028239859268069267,-23.59726333618164
2900.0,0,<250 Hz,9.172135264634562e-07,-57.386314392089844,0.5395462512969971,0.018520988523960114,-27.261234283447266
2900.0,1,250-500 Hz,5.034406171944283e-07,-59.99153137207031,0.6285772323608398,0.09634648263454437,-12.937798500061035
2900.0,2,500-750 Hz,9.457966143600061e-07,-57.25303649902344,0.5396062731742859,0.03161821514368057,-22.615768432617188
2900.0,3,750-1000 Hz,6.167159085634921e-07,-59.110164642333984,0.6275690197944641,0.06981183588504791,-15.73593521118164
2900.0,4,1-1.5 kHz,3.7971763049426954e-06,-51.216407775878906,0.6208551526069641,0.09436970204114914,-13.117864608764648
2900.0,5,1.5-2.5 kHz,1.9899634935427457e-05,-44.02256393432617,0.5760269165039062,0.026781979948282242,-24.057662963867188
2900.0,6,2.5-4 kHz,0.5016169548034668,-0.0072932797484099865,0.6611438989639282,0.289937287569046,-3.3684346675872803
2900.0,7,>4 kHz,1.1411564628360793e-05,-46.437564849853516,0.5263679027557373,0.028240209445357323,-23.597156524658203
2925.0,0,<250 Hz,1.0408724619992427e-06,-56.837039947509766,0.5395463109016418,0.018521305173635483,-27.261083602905273
2925.0,1,250-500 Hz,5.46021851732803e-07,-59.638916015625,0.6285772323608398,0.09634654223918915,-12.937792778015137
2925.0,2,500-750 Hz,1.1530995607245131e-06,-56.3923454284668,0.5396063327789307,0.031618595123291016,-22.615663528442383
2925.0,3,750-1000 Hz,5.779550065199146e-07,-59.39207458496094,0.6275690197944641,0.06981177628040314,-15.735940933227539
2925.0,4,1-1.5 kHz,4.184960744169075e-06,-50.79410171508789,0.6208553314208984,0.09437020123004913,-13.117817878723145
2925.0,5,1.5-2.5 kHz,1.8462611478753388e-05,-44.34808349609375,0.5760265588760376,0.026778701692819595,-24.058725357055664
2925.0,6,2.5-4 kHz,0.5011755228042603,-0.011116966605186462,0.6610622406005859,0.2897534966468811,-3.3739421367645264
2925.0,7,>4 kHz,1.1567282854230143e-05,-46.37870407104492,0.5263679027557373,0.02824050933122635,-23.59706687927246
2950.0,0,<250 Hz,9.81991888693301e-07,-57.089935302734375,0.5395462512969971,0.018521150574088097,-27.261157989501953
2950.0,1,250-500 Hz,5.55554720449436e-07,-59.56374740600586,0.6285772323608398,0.09634655714035034,-12.93779182434082
2950.0,2,500-750 Hz,1.066566824192705e-06,-56.73113250732422,0.5396063327789307,0.03161843493580818,-22.61570930480957
2950.0,3,750-1000 Hz,5.494663923855114e-07,-59.61160659790039,0.6275690197944641,0.06981173902750015,-15.735945701599121
2950.0,4,1-1.5 kHz,3.6560747957992135e-06,-51.380863189697266,0.6208550930023193,0.09436951577663422,-13.117880821228027
2950.0,5,1.5-2.5 kHz,1.7218346329173073e-05,-44.65110397338867,0.5760261416435242,0.026775866746902466,-24.059642791748047
2950.0,6,2.5-4 kHz,0.500609278678894,-0.01602654531598091,0.6609575152397156,0.28951776027679443,-3.381011486053467
2950.0,7,>4 kHz,1.187158159154933e-05,-46.26593017578125,0.5263680219650269,0.02824109047651291,-23.596885681152344
2975.0,0,<250 Hz,7.935578878459637e-07,-58.015228271484375,0.5395462512969971,0.018520673736929893,-27.261381149291992
2975.0,1,250-500 Hz,5.138566052664828e-07,-59.90259552001953,0.6285772323608398,0.09634649753570557,-12.937797546386719
2975.0,2,500-750 Hz,7.587125878671941e-07,-58.210243225097656,0.5396062135696411,0.03161787986755371,-22.615859985351562
2975.0,3,750-1000 Hz,5.502557200998126e-07,-59.605369567871094,0.6275690197944641,0.06981174647808075,-15.735945701599121
2975.0,4,1-1.5 kHz,2.646433586050989e-06,-52.78440475463867,0.6208547353744507,0.09436823427677155,-13.117999076843262
2975.0,5,1.5-2.5 kHz,1.610673098184634e-05,-44.940940856933594,0.5760258436203003,0.02677333727478981,-24.060466766357422
2975.0,6,2.5-4 kHz,0.49991393089294434,-0.022063162177801132,0.6608287692070007,0.2892282009124756,-3.389702796936035
2975.0,7,>4 kHz,1.2453012459445745e-05,-46.05827331542969,0.5263681411743164,0.028242191299796104,-23.59654998779297
3000.0,0,<250 Hz,6.313247240541386e-07,-59.008487701416016,0.5395461916923523,0.018520234152674675,-27.261585235595703
3000.0,1,250-500 Hz,4.540395082130999e-07,-60.44007873535156,0.6285772323608398,0.0963464230298996,-12.937803268432617
3000.0,2,500-750 Hz,5.012161068407295e-07,-60.010765075683594,0.5396061539649963,0.031617410480976105,-22.615989685058594
3000.0,3,750-1000 Hz,5.630296868730511e-07,-59.505699157714844,0.6275690197944641,0.06981176137924194,-15.735942840576172
3000.0,4,1-1.5 kHz,2.0032980501127895e-06,-53.993560791015625,0.6208544969558716,0.09436739981174469,-13.11807632446289
3000.0,5,1.5-2.5 kHz,1.5161361261561979e-05,-45.20363235473633,0.5760256052017212,0.0267711840569973,-24.06116485595703
3000.0,6,2.5-4 kHz,0.49914124608039856,-0.028780950233340263,0.660685658454895,0.28890636563301086,-3.3993735313415527
3000.0,7,>4 kHz,1.3256754755275324e-05,-45.786643981933594,0.5263683795928955,0.02824370190501213,-23.596084594726562
3025.0,0,<250 Hz,6.328562562885054e-07,-58.997962951660156,0.5395461916923523,0.018520232290029526,-27.261585235595703
3025.0,1,250-500 Hz,4.214971056626382e-07,-60.76306915283203,0.6285771727561951,0.09634637832641602,-12.9378080368042
3025.0,2,500-750 Hz,5.103333364786522e-07,-59.93247604370117,0.5396061539649963,0.0316174291074276,-22.615985870361328
3025.0,3,750-1000 Hz,5.667055233971041e-07,-59.477439880371094,0.6275690197944641,0.06981176137924194,-15.735942840576172
3025.0,4,1-1.5 kHz,2.2269359760684893e-06,-53.533939361572266,0.6208546161651611,0.09436769038438797,-13.118048667907715
3025.0,5,1.5-2.5 kHz,1.431548753316747e-05,-45.45295333862305,0.5760253667831421,0.026769258081912994,-24.061790466308594
3025.0,6,2.5-4 kHz,0.4984033405780792,-0.035206153988838196,0.6605488657951355,0.2885989844799042,-3.4086201190948486
3025.0,7,>4 kHz,1.3968996427138336e-05,-45.559364318847656,0.5263686180114746,0.028245046734809875,-23.59566879272461
3050.0,0,<250 Hz,7.805272161931498e-07,-58.087135314941406,0.5395462512969971,0.01852063089609146,-27.26140022277832
3050.0,1,250-500 Hz,4.4015223465976305e-07,-60.57498550415039,0.6285772323608398,0.0963464081287384,-12.937804222106934
3050.0,2,500-750 Hz,7.538393447248382e-07,-58.23822784423828,0.5396062135696411,0.031617868691682816,-22.615863800048828
3050.0,3,750-1000 Hz,5.509666038960859e-07,-59.599761962890625,0.6275690197944641,0.06981173902750015,-15.735945701599121
3050.0,4,1-1.5 kHz,3.0252117539930623e-06,-52.203460693359375,0.6208548545837402,0.09436871111392975,-13.11795425415039
3050.0,5,1.5-2.5 kHz,1.3478382243192755e-05,-45.714637756347656,0.576025128364563,0.02676735445857048,-24.062406539916992
3050.0,6,2.5-4 kHz,0.4978456199169159,-0.04006859287619591,0.6604454517364502,0.2883665859699249,-3.415616512298584
3050.0,7,>4 kHz,1.4312032362795435e-05,-45.454002380371094,0.5263686180114746,0.028245696797966957,-23.595468521118164
3075.0,0,<250 Hz,9.300566716774483e-07,-57.32592010498047,0.5395462512969971,0.018521016463637352,-27.261219024658203
3075.0,1,250-500 Hz,4.839003509005124e-07,-60.163455963134766,0.6285772323608398,0.09634646028280258,-12.937799453735352
3075.0,2,500-750 Hz,1.0002602266467875e-06,-57.0098876953125,0.5396062731742859,0.03161831200122833,-22.615741729736328
3075.0,3,750-1000 Hz,5.207394906392437e-07,-59.844810485839844,0.6275690197944641,0.06981170177459717,-15.735950469970703
3075.0,4,1-1.5 kHz,3.6179283142701024e-06,-51.426414489746094,0.6208550930023193,0.09436947107315063,-13.11788558959961
3075.0,5,1.5-2.5 kHz,1.2702488675131463e-05,-45.972129821777344,0.5760248899459839,0.026765596121549606,-24.062976837158203
3075.0,6,2.5-4 kHz,0.4976010322570801,-0.042202822864055634,0.6604000329971313,0.288264662027359,-3.418687343597412
3075.0,7,>4 kHz,1.4225920494936872e-05,-45.4802131652832,0.5263686180114746,0.02824554778635502,-23.59551429748535
3100.0,0,<250 Hz,9.338448307971703e-07,-57.30826950073242,0.5395462512969971,0.0185210220515728,-27.26121711730957
3100.0,1,250-500 Hz,5.052291953688837e-07,-59.97612762451172,0.6285772323608398,0.09634649753570557,-12.937797546386719
3100.0,2,500-750 Hz,1.0163601018575719e-06,-56.9405403137207,0.5396062731742859,0.03161834180355072,-22.615734100341797
3100.0,3,750-1000 Hz,4.9712144800651e-07,-60.046390533447266,0.6275690197944641,0.06981166452169418,-15.735955238342285
3100.0,4,1-1.5 kHz,3.438152816670481e-06,-51.647762298583984,0.6208550333976746,0.09436924755573273,-13.117905616760254
3100.0,5,1.5-2.5 kHz,1.2026011972920969e-05,-46.20979690551758,0.5760246515274048,0.02676406130194664,-24.063474655151367
3100.0,6,2.5-4 kHz,0.49774450063705444,-0.04095069691538811,0.660426676273346,0.2883245050907135,-3.4168848991394043
3100.0,7,>4 kHz,1.400766268488951e-05,-45.54735565185547,0.5263685584068298,0.02824515476822853,-23.59563636779785
3125.0,0,<250 Hz,7.895476414887526e-07,-58.0372314453125,0.5395462512969971,0.018520647659897804,-27.26139259338379
3125.0,1,250-500 Hz,4.801453314939863e-07,-60.197288513183594,0.6285772323608398,0.09634646028280258,-12.937799453735352
3125.0,2,500-750 Hz,7.843182174838148e-07,-58.06609344482422,0.5396062135696411,0.03161792457103729,-22.615848541259766
3125.0,3,750-1000 Hz,4.904240995529108e-07,-60.10529327392578,0.6275689601898193,0.06981164962053299,-15.735958099365234
3125.0,4,1-1.5 kHz,2.615558287288877e-06,-52.83537292480469,0.6208547353744507,0.09436818957328796,-13.118003845214844
3125.0,5,1.5-2.5 kHz,1.1546727364475373e-05,-46.38642883300781,0.5760245323181152,0.02676296979188919,-24.063831329345703
3125.0,6,2.5-4 kHz,0.498262494802475,-0.0364333912730217,0.6605227589607239,0.28854042291641235,-3.4103822708129883
3125.0,7,>4 kHz,1.3992663298267871e-05,-45.55200958251953,0.5263685584068298,0.028245145455002785,-23.595640182495117
3150.0,0,<250 Hz,6.156649305921746e-07,-59.11756896972656,0.5395461916923523,0.01852019689977169,-27.2616024017334
3150.0,1,250-500 Hz,4.2829867652471876e-07,-60.69355010986328,0.6285772323608398,0.09634639322757721,-12.937807083129883
3150.0,2,500-750 Hz,5.096234190204996e-07,-59.93852233886719,0.5396060943603516,0.0316174253821373,-22.615985870361328
3150.0,3,750-1000 Hz,4.962211619385926e-07,-60.054264068603516,0.6275689601898193,0.06981165707111359,-15.735956192016602
3150.0,4,1-1.5 kHz,1.8583262999527506e-06,-54.31979751586914,0.6208544373512268,0.09436720609664917,-13.118094444274902
3150.0,5,1.5-2.5 kHz,1.1112899301224388e-05,-46.552738189697266,0.5760244131088257,0.026761984452605247,-24.064149856567383
3150.0,6,2.5-4 kHz,0.49904781579971313,-0.029593778774142265,0.6606683731079102,0.28886765241622925,-3.4005377292633057
3150.0,7,>4 kHz,1.4301989722298458e-05,-45.457054138183594,0.5263686776161194,0.02824573963880539,-23.595457077026367
3175.0,0,<250 Hz,5.676920409314334e-07,-59.469886779785156,0.5395461320877075,0.018520070239901543,-27.261661529541016
3175.0,1,250-500 Hz,3.8771986510255374e-07,-61.12583541870117,0.6285771727561951,0.09634633362293243,-12.937811851501465
3175.0,2,500-750 Hz,4.280477980955766e-07,-60.69609069824219,0.5396060943603516,0.03161728009581566,-22.616025924682617
3175.0,3,750-1000 Hz,5.064989636593964e-07,-59.96522903442383,0.6275690197944641,0.06981167197227478,-15.735955238342285
3175.0,4,1-1.5 kHz,1.7664739289102727e-06,-54.53994369506836,0.620854377746582,0.09436709433794022,-13.118103981018066
3175.0,5,1.5-2.5 kHz,1.0642746929079294e-05,-46.740478515625,0.5760242938995361,0.026760917156934738,-24.064495086669922
3175.0,6,2.5-4 kHz,0.49992042779922485,-0.022006705403327942,0.660830020904541,0.28923121094703674,-3.3896126747131348
3175.0,7,>4 kHz,1.4843373719486408e-05,-45.295692443847656,0.5263687968254089,0.028246771544218063,-23.59514045715332
3200.0,0,<250 Hz,6.605329190279008e-07,-58.812068939208984,0.5395462512969971,0.01852031610906124,-27.261547088623047
3200.0,1,250-500 Hz,3.998330555532448e-07,-60.992225646972656,0.6285771727561951,0.09634634852409363,-12.937810897827148
3200.0,2,500-750 Hz,5.974023338239931e-07,-59.248348236083984,0.5396062135696411,0.03161758556962013,-22.615943908691406
3200.0,3,750-1000 Hz,4.983514827472391e-07,-60.03565979003906,0.6275689601898193,0.06981166452169418,-15.735955238342285
3200.0,4,1-1.5 kHz,2.363241947023198e-06,-53.27593231201172,0.6208546161651611,0.0943678617477417,-13.118033409118652
3200.0,5,1.5-2.5 kHz,1.0075085810967721e-05,-46.9785270690918,0.5760241746902466,0.02675963006913662,-24.064912796020508
3200.0,6,2.5-4 kHz,0.50067138671875,-0.015487718395888805,0.6609690189361572,0.2895366847515106,-3.380443811416626
3200.0,7,>4 kHz,1.5357752999989316e-05,-45.14773941040039,0.5263689756393433,0.028247753158211708,-23.594837188720703
3225.0,0,<250 Hz,8.134768449963303e-07,-57.907562255859375,0.5395462512969971,0.01852070540189743,-27.261363983154297
3225.0,1,250-500 Hz,4.3004760641451867e-07,-60.67584991455078,0.6285772323608398,0.09634639322757721,-12.937807083129883
3225.0,2,500-750 Hz,8.501834827256971e-07,-57.71588897705078,0.5396062135696411,0.03161804378032684,-22.615816116333008
3225.0,3,750-1000 Hz,4.819704031433503e-07,-60.18081283569336,0.6275689601898193,0.06981164216995239,-15.735958099365234
3225.0,4,1-1.5 kHz,3.04124660033267e-06,-52.18050003051758,0.6208548545837402,0.09436872601509094,-13.117953300476074
3225.0,5,1.5-2.5 kHz,9.483488611294888e-06,-47.2413330078125,0.5760239362716675,0.026758292689919472,-24.065345764160156
3225.0,6,2.5-4 kHz,0.5011156797409058,-0.011635525152087212,0.6610511541366577,0.28972893953323364,-3.374677896499634
3225.0,7,>4 kHz,1.571905340824742e-05,-45.0467529296875,0.526369035243988,0.02824845165014267,-23.594623565673828
3250.0,0,<250 Hz,8.707363008397806e-07,-57.61214828491211,0.5395462512969971,0.018520861864089966,-27.26129150390625
3250.0,1,250-500 Hz,4.604360697157972e-07,-60.37932586669922,0.6285772323608398,0.0963464304804802,-12.937803268432617
3250.0,2,500-750 Hz,9.504368563284515e-07,-57.23178482055664,0.5396062731742859,0.03161822631955147,-22.615764617919922
3250.0,3,750-1000 Hz,4.5065229414831265e-07,-60.472599029541016,0.6275689601898193,0.06981159746646881,-15.73596477508545
3250.0,4,1-1.5 kHz,3.1484407827520045e-06,-52.030059814453125,0.6208549737930298,0.09436887502670288,-13.117938995361328
3250.0,5,1.5-2.5 kHz,9.028286513057537e-06,-47.45496368408203,0.5760238170623779,0.026757260784506798,-24.065683364868164
3250.0,6,2.5-4 kHz,0.5011417865753174,-0.011409199796617031,0.6610560417175293,0.28973981738090515,-3.374351978302002
3250.0,7,>4 kHz,1.603799501026515e-05,-44.95951843261719,0.5263690948486328,0.028249073773622513,-23.594432830810547
3275.0,0,<250 Hz,7.783642104186583e-07,-58.09918975830078,0.5395462512969971,0.018520621582865715,-27.26140594482422
3275.0,1,250-500 Hz,4.512519353738753e-07,-60.46682357788086,0.6285772323608398,0.096346415579319,-12.937804222106934
3275.0,2,500-750 Hz,8.015468893063371e-07,-57.97172546386719,0.5396062135696411,0.03161795809864998,-22.615840911865234
3275.0,3,750-1000 Hz,4.3931052573498164e-07,-60.58330154418945,0.6275689601898193,0.06981157511472702,-15.735967636108398
3275.0,4,1-1.5 kHz,2.5613262550905347e-06,-52.926368713378906,0.6208547353744507,0.094368115067482,-13.118009567260742
3275.0,5,1.5-2.5 kHz,8.720464393263683e-06,-47.605621337890625,0.5760236978530884,0.026756560429930687,-24.06591033935547
3275.0,6,2.5-4 kHz,0.5007415413856506,-0.014879345893859863,0.6609820127487183,0.28957319259643555,-3.3793482780456543
3275.0,7,>4 kHz,1.662700560700614e-05,-44.80287551879883,0.5263693332672119,0.028250202536582947,-23.594083786010742
3300.0,0,<250 Hz,6.10255369792867e-07,-59.15589904785156,0.5395462512969971,0.018520178273320198,-27.261611938476562
3300.0,1,250-500 Hz,4.0648069443705026e-07,-60.920616149902344,0.6285772323608398,0.09634636342525482,-12.937808990478516
3300.0,2,500-750 Hz,5.348695140128257e-07,-59.728538513183594,0.5396060943603516,0.03161747008562088,-22.61597442626953
3300.0,3,750-1000 Hz,4.430904709806782e-07,-60.54609298706055,0.6275689601898193,0.06981158256530762,-15.735965728759766
3300.0,4,1-1.5 kHz,1.7990660126088187e-06,-54.46054458618164,0.6208544373512268,0.0943671464920044,-13.118099212646484
3300.0,5,1.5-2.5 kHz,8.488947059959173e-06,-47.722476959228516,0.5760236978530884,0.026756035163998604,-24.066082000732422
3300.0,6,2.5-4 kHz,0.5000137090682983,-0.021196335554122925,0.6608472466468811,0.2892701029777527,-3.3884449005126953
3300.0,7,>4 kHz,1.7629117792239413e-05,-44.54871368408203,0.526369571685791,0.028252100571990013,-23.593502044677734
3325.0,0,<250 Hz,5.137488869877416e-07,-59.903507232666016,0.5395461320877075,0.01851993054151535,-27.261730194091797
3325.0,1,250-500 Hz,3.6253828739063465e-07,-61.41747283935547,0.6285771727561951,0.09634630382061005,-12.937814712524414
3325.0,2,500-750 Hz,3.836588575722999e-07,-61.171566009521484,0.5396060943603516,0.03161720186471939,-22.616046905517578
3325.0,3,750-1000 Hz,4.503011155065906e-07,-60.475982666015625,0.6275689601898193,0.06981159001588821,-15.73596477508545
3325.0,4,1-1.5 kHz,1.4893371371726971e-06,-55.28108596801758,0.6208543181419373,0.09436674416065216,-13.118135452270508
3325.0,5,1.5-2.5 kHz,8.227158105000854e-06,-47.85851287841797,0.5760236382484436,0.026755444705486298,-24.066272735595703
3325.0,6,2.5-4 kHz,0.4991385340690613,-0.02880440279841423,0.6606851816177368,0.288905531167984,-3.3993983268737793
3325.0,7,>4 kHz,1.8870381609303877e-05,-44.253211975097656,0.5263699293136597,0.028254449367523193,-23.5927791595459
3350.0,0,<250 Hz,5.65059792734246e-07,-59.49007034301758,0.5395461320877075,0.018520072102546692,-27.261661529541016
3350.0,1,250-500 Hz,3.5406074516686203e-07,-61.52023696899414,0.6285771727561951,0.09634629637002945,-12.937814712524414
3350.0,2,500-750 Hz,4.704779712483287e-07,-60.285621643066406,0.5396060943603516,0.03161735460162163,-22.616004943847656
3350.0,3,750-1000 Hz,4.487269507080782e-07,-60.49119567871094,0.6275689601898193,0.06981159001588821,-15.73596477508545
3350.0,4,1-1.5 kHz,1.8670776853468851e-06,-54.29939270019531,0.6208544969558716,0.09436722099781036,-13.118091583251953
3350.0,5,1.5-2.5 kHz,7.869282853789628e-06,-48.05166244506836,0.576023519039154,0.026754632592201233,-24.06653594970703
3350.0,6,2.5-4 kHz,0.49833041429519653,-0.03584165498614311,0.6605353355407715,0.28856879472732544,-3.4095284938812256
3350.0,7,>4 kHz,1.9930319467675872e-05,-44.01587677001953,0.5263701677322388,0.028256461024284363,-23.592159271240234
3375.0,0,<250 Hz,7.091079510246345e-07,-58.50389099121094,0.5395462512969971,0.01852044090628624,-27.26148796081543
3375.0,1,250-500 Hz,3.8310830063892354e-07,-61.17780303955078,0.6285772323608398,0.09634634107351303,-12.937811851501465
3375.0,2,500-750 Hz,7.033584097371204e-07,-58.53924560546875,0.5396062135696411,0.031617775559425354,-22.615890502929688
3375.0,3,750-1000 Hz,4.345026241026062e-07,-60.63108825683594,0.6275689601898193,0.06981156766414642,-15.735967636108398
3375.0,4,1-1.5 kHz,2.527934839235968e-06,-52.98335647583008,0.6208547353744507,0.09436807781457901,-13.118013381958008
3375.0,5,1.5-2.5 kHz,7.455364084307803e-06,-48.28632736206055,0.5760233402252197,0.02675369568169117,-24.06683921813965
3375.0,6,2.5-4 kHz,0.49778252840042114,-0.040619105100631714,0.6604337096214294,0.2883404493331909,-3.4164044857025146
3375.0,7,>4 kHz,2.054602919088211e-05,-43.88373947143555,0.5263702869415283,0.028257645666599274,-23.591794967651367
3400.0,0,<250 Hz,8.032815799197124e-07,-57.962337493896484,0.5395462512969971,0.018520688638091087,-27.261371612548828
3400.0,1,250-500 Hz,4.176422692125925e-07,-60.80297088623047,0.6285772323608398,0.09634637832641602,-12.9378080368042
3400.0,2,500-750 Hz,8.623570693089277e-07,-57.654144287109375,0.5396062135696411,0.031618062406778336,-22.61581039428711
3400.0,3,750-1000 Hz,4.1312563325845986e-07,-60.850196838378906,0.6275689601898193,0.06981153786182404,-15.735971450805664
3400.0,4,1-1.5 kHz,2.8496428967628162e-06,-52.463111877441406,0.6208548545837402,0.09436848759651184,-13.117975234985352
3400.0,5,1.5-2.5 kHz,7.1109479904407635e-06,-48.49174118041992,0.5760233402252197,0.02675291895866394,-24.067092895507812
3400.0,6,2.5-4 kHz,0.4976174235343933,-0.04205958545207977,0.6604031324386597,0.28827160596847534,-3.418478488922119
3400.0,7,>4 kHz,2.0757655875058845e-05,-43.839229583740234,0.5263704061508179,0.028258083388209343,-23.59166145324707
3425.0,0,<250 Hz,7.639291652594693e-07,-58.180484771728516,0.5395462512969971,0.01852058246731758,-27.26142120361328
3425.0,1,250-500 Hz,4.23049044684376e-07,-60.747108459472656,0.6285772323608398,0.09634637832641602,-12.9378080368042
3425.0,2,500-750 Hz,7.98786686573294e-07,-57.98670959472656,0.5396062135696411,0.03161794692277908,-22.615842819213867
3425.0,3,750-1000 Hz,3.976483355927485e-07,-61.01602554321289,0.6275689601898193,0.06981151551008224,-15.735974311828613
3425.0,4,1-1.5 kHz,2.519249846955063e-06,-52.99830627441406,0.6208547353744507,0.09436807036399841,-13.118014335632324
3425.0,5,1.5-2.5 kHz,6.8884446591255255e-06,-48.62980270385742,0.5760232210159302,0.0267524141818285,-24.067256927490234
3425.0,6,2.5-4 kHz,0.49785760045051575,-0.03996409475803375,0.6604476571083069,0.28837165236473083,-3.4154648780822754
3425.0,7,>4 kHz,2.0964975192327984e-05,-43.79607391357422,0.5263704657554626,0.028258513659238815,-23.591527938842773
3450.0,0,<250 Hz,6.147390081423509e-07,-59.124107360839844,0.5395461916923523,0.018520191311836243,-27.26160430908203
3450.0,1,250-500 Hz,3.877428298437735e-07,-61.125579833984375,0.6285772323608398,0.09634634107351303,-12.937811851501465
3450.0,2,500-750 Hz,5.70632550989103e-07,-59.44744873046875,0.5396061539649963,0.03161753714084625,-22.615955352783203
3450.0,3,750-1000 Hz,3.9865207668299263e-07,-61.00507736206055,0.6275689601898193,0.06981150805950165,-15.73597526550293
3450.0,4,1-1.5 kHz,1.8205303149443353e-06,-54.409034729003906,0.6208544969558716,0.09436717629432678,-13.118096351623535
3450.0,5,1.5-2.5 kHz,6.744980510120513e-06,-48.72120666503906,0.5760232210159302,0.026752090081572533,-24.06736183166504
3450.0,6,2.5-4 kHz,0.49842432141304016,-0.035023219883441925,0.6605527400970459,0.28860777616500854,-3.4083547592163086
3450.0,7,>4 kHz,2.1436455426737666e-05,-43.699485778808594,0.5263705849647522,0.02825944498181343,-23.591243743896484
3475.0,0,<250 Hz,4.937378434988204e-07,-60.0760498046875,0.5395461320877075,0.018519874662160873,-27.261754989624023
3475.0,1,250-500 Hz,3.4483144872865523e-07,-61.634944915771484,0.6285771727561951,0.09634628146886826,-12.937816619873047
3475.0,2,500-750 Hz,3.7462461932591395e-07,-61.275054931640625,0.5396060943603516,0.0316171832382679,-22.616052627563477
3475.0,3,750-1000 Hz,4.0370863985117467e-07,-60.95033645629883,0.6275689601898193,0.06981152296066284,-15.735973358154297
3475.0,4,1-1.5 kHz,1.3515318642021157e-06,-55.70275115966797,0.6208542585372925,0.09436656534671783,-13.118152618408203
3475.0,5,1.5-2.5 kHz,6.604328973480733e-06,-48.81272888183594,0.5760231018066406,0.026751767843961716,-24.067466735839844
3475.0,6,2.5-4 kHz,0.49916499853134155,-0.028574315831065178,0.6606900691986084,0.28891634941101074,-3.399073600769043
3475.0,7,>4 kHz,2.229258643637877e-05,-43.52941131591797,0.5263707637786865,0.028261100873351097,-23.590734481811523
3500.0,0,<250 Hz,4.918964009448246e-07,-60.09227752685547,0.5395461320877075,0.018519870936870575,-27.261754989624023
3500.0,1,250-500 Hz,3.2465237609358155e-07,-61.896827697753906,0.6285771727561951,0.09634625911712646,-12.93781852722168
3500.0,2,500-750 Hz,3.828760668511677e-07,-61.18043518066406,0.5396060943603516,0.03161719813942909,-22.616046905517578
3500.0,3,750-1000 Hz,4.078341362401261e-07,-60.90618133544922,0.6275689601898193,0.06981153786182404,-15.735971450805664
3500.0,4,1-1.5 kHz,1.4980952300902572e-06,-55.25562286376953,0.620854377746582,0.09436675906181335,-13.118134498596191
3500.0,5,1.5-2.5 kHz,6.392935119947651e-06,-48.95401382446289,0.5760231018066406,0.026751291006803513,-24.0676212310791
3500.0,6,2.5-4 kHz,0.49990221858024597,-0.02216489240527153,0.660826563835144,0.28922343254089355,-3.389845848083496
3500.0,7,>4 kHz,2.3368495021713898e-05,-43.32470703125,0.5263711214065552,0.02826317399740219,-23.590097427368164
3525.0,0,<250 Hz,6.082050276745576e-07,-59.17051315307617,0.5395461916923523,0.018520183861255646,-27.26161003112793
3525.0,1,250-500 Hz,3.4555324646134977e-07,-61.6258659362793,0.6285771727561951,0.09634628146886826,-12.937816619873047
3525.0,2,500-750 Hz,5.775299882770923e-07,-59.39527130126953,0.5396061539649963,0.031617552042007446,-22.615949630737305
3525.0,3,750-1000 Hz,3.989664207892929e-07,-61.00165557861328,0.6275689601898193,0.06981152296066284,-15.735973358154297
3525.0,4,1-1.5 kHz,2.0575748749251943e-06,-53.87745666503906,0.6208544969558716,0.09436746686697006,-13.118070602416992
3525.0,5,1.5-2.5 kHz,6.114349162089638e-06,-49.14751434326172,0.5760229825973511,0.026750663295388222,-24.06782341003418
3525.0,6,2.5-4 kHz,0.5004903078079224,-0.017058659344911575,0.6609355211257935,0.28946834802627563,-3.3824942111968994
3525.0,7,>4 kHz,2.453443630656693e-05,-43.11325454711914,0.5263713598251343,0.028265422210097313,-23.589405059814453
3550.0,0,<250 Hz,7.304113296413561e-07,-58.37533950805664,0.5395462512969971,0.018520504236221313,-27.261459350585938
3550.0,1,250-500 Hz,3.8241918787207396e-07,-61.18561553955078,0.6285772323608398,0.09634633362293243,-12.937811851501465
3550.0,2,500-750 Hz,7.675165534237749e-07,-58.16013717651367,0.5396062135696411,0.031617894768714905,-22.615856170654297
3550.0,3,750-1000 Hz,3.8106773558865825e-07,-61.20099639892578,0.6275689601898193,0.06981148570775986,-15.735978126525879
3550.0,4,1-1.5 kHz,2.5118370103882626e-06,-53.01110076904297,0.6208546757698059,0.09436805546283722,-13.11801528930664
3550.0,5,1.5-2.5 kHz,5.820357728225645e-06,-49.36151885986328,0.5760229229927063,0.026750000193715096,-24.068038940429688
3550.0,6,2.5-4 kHz,0.5008611083030701,-0.013842295855283737,0.6610040664672852,0.2896226942539215,-3.377864122390747
3550.0,7,>4 kHz,2.5754889065865427e-05,-42.90241622924805,0.5263717174530029,0.028267784044146538,-23.588680267333984
3575.0,0,<250 Hz,7.372223080892581e-07,-58.33503341674805,0.5395462512969971,0.018520517274737358,-27.261451721191406
3575.0,1,250-500 Hz,3.951387839151721e-07,-61.04351806640625,0.6285772323608398,0.09634634852409363,-12.937810897827148
3575.0,2,500-750 Hz,7.829046353435842e-07,-58.07392501831055,0.5396062135696411,0.031617920845746994,-22.6158504486084
3575.0,3,750-1000 Hz,3.6473889508670254e-07,-61.391197204589844,0.6275689601898193,0.06981146335601807,-15.735980987548828
3575.0,4,1-1.5 kHz,2.4193313947762363e-06,-53.1740608215332,0.6208546757698059,0.09436793625354767,-13.118026733398438
3575.0,5,1.5-2.5 kHz,5.609041181742214e-06,-49.52212905883789,0.5760228633880615,0.026749519631266594,-24.068195343017578
3575.0,6,2.5-4 kHz,0.5010411143302917,-0.012281863018870354,0.6610374450683594,0.28969764709472656,-3.3756163120269775
3575.0,7,>4 kHz,2.7143520128447562e-05,-42.674354553222656,0.5263720750808716,0.02827046997845173,-23.58785629272461
3600.0,0,<250 Hz,6.17441230588156e-07,-59.10505676269531,0.5395461916923523,0.018520193174481392,-27.26160430908203
3600.0,1,250-500 Hz,3.7449785850185435e-07,-61.276519775390625,0.6285772323608398,0.09634631872177124,-12.937812805175781
3600.0,2,500-750 Hz,6.054676759958966e-07,-59.19010543823242,0.5396061539649963,0.031617600470781326,-22.615938186645508
3600.0,3,750-1000 Hz,3.600368074785365e-07,-61.44754409790039,0.6275689601898193,0.06981146335601807,-15.735980987548828
3600.0,4,1-1.5 kHz,1.8514527937441017e-06,-54.33589172363281,0.6208544373512268,0.09436720609664917,-13.118094444274902
3600.0,5,1.5-2.5 kHz,5.490722742251819e-06,-49.61471939086914,0.5760228633880615,0.026749255135655403,-24.068281173706055
3600.0,6,2.5-4 kHz,0.5011278390884399,-0.011530146934092045,0.6610534191131592,0.28973373770713806,-3.3745346069335938
3600.0,7,>4 kHz,2.8734453735523857e-05,-42.42698669433594,0.5263725519180298,0.028273548930883408,-23.586910247802734
3625.0,0,<250 Hz,4.83018027352955e-07,-60.17137908935547,0.5395461320877075,0.018519848585128784,-27.261768341064453
3625.0,1,250-500 Hz,3.2997820653690724e-07,-61.82616424560547,0.6285771727561951,0.09634626656770706,-12.937817573547363
3625.0,2,500-750 Hz,3.9070468460522534e-07,-61.092529296875,0.5396060943603516,0.03161720931529999,-22.616044998168945
3625.0,3,750-1000 Hz,3.648504502962169e-07,-61.38986587524414,0.6275689601898193,0.06981146335601807,-15.735980987548828
3625.0,4,1-1.5 kHz,1.3040150861343136e-06,-55.85818862915039,0.6208542585372925,0.09436650574207306,-13.118158340454102
3625.0,5,1.5-2.5 kHz,5.4222055041464046e-06,-49.66925811767578,0.5760228037834167,0.026749098673462868,-24.06833267211914
3625.0,6,2.5-4 kHz,0.5012222528457642,-0.010712129063904285,0.6610709428787231,0.2897730767726898,-3.373354911804199
3625.0,7,>4 kHz,3.062864561798051e-05,-42.14973831176758,0.526373028755188,0.028277207165956497,-23.585786819458008
3650.0,0,<250 Hz,4.42056744986985e-07,-60.556236267089844,0.5395461320877075,0.018519742414355278,-27.261817932128906
3650.0,1,250-500 Hz,3.0180967769410927e-07,-62.21368408203125,0.6285771131515503,0.09634622931480408,-12.937821388244629
3650.0,2,500-750 Hz,3.265391228524095e-07,-61.87166213989258,0.5396060943603516,0.031617093831300735,-22.616077423095703
3650.0,3,750-1000 Hz,3.69658266663464e-07,-61.333011627197266,0.6275689601898193,0.06981147080659866,-15.735979080200195
3650.0,4,1-1.5 kHz,1.2378663996059913e-06,-56.08428192138672,0.6208542585372925,0.0943664163351059,-13.11816692352295
3650.0,5,1.5-2.5 kHz,5.305613740347326e-06,-49.7636604309082,0.576022744178772,0.026748832315206528,-24.06842041015625
3650.0,6,2.5-4 kHz,0.5013276934623718,-0.00979852955788374,0.6610903739929199,0.28981709480285645,-3.3720359802246094
3650.0,7,>4 kHz,3.3026830351445824e-05,-41.822349548339844,0.5263736844062805,0.02828183025121689,-23.584365844726562
3675.0,0,<250 Hz,5.276763204165036e-07,-59.78733825683594,0.5395461916923523,0.018519965931773186,-27.2617130279541
3675.0,1,250-500 Hz,3.09686242871976e-07,-62.10179901123047,0.6285771131515503,0.09634623676538467,-12.937820434570312
3675.0,2,500-750 Hz,4.613758051164041e-07,-60.37046813964844,0.5396060943603516,0.031617339700460434,-22.616008758544922
3675.0,3,750-1000 Hz,3.6329527119960403e-07,-61.40842056274414,0.6275689601898193,0.06981146335601807,-15.735980987548828
3675.0,4,1-1.5 kHz,1.6666483588778647e-06,-54.79257583618164,0.620854377746582,0.09436696767807007,-13.118115425109863
3675.0,5,1.5-2.5 kHz,5.121635695104487e-06,-49.91693115234375,0.576022744178772,0.026748420670628548,-24.068553924560547
3675.0,6,2.5-4 kHz,0.5012315511703491,-0.01063142716884613,0.6610726118087769,0.2897772192955017,-3.373230457305908
3675.0,7,>4 kHz,3.585706144804135e-05,-41.465267181396484,0.5263744592666626,0.02828729711472988,-23.582687377929688
3700.0,0,<250 Hz,6.474562042058096e-07,-58.89891052246094,0.5395461916923523,0.01852029375731945,-27.261558532714844
3700.0,1,250-500 Hz,3.417953848838806e-07,-61.67335510253906,0.6285772323608398,0.09634628146886826,-12.937816619873047
3700.0,2,500-750 Hz,6.621621082558704e-07,-58.80137634277344,0.5396062135696411,0.031617701053619385,-22.615909576416016
3700.0,3,750-1000 Hz,3.5281431109979167e-07,-61.535552978515625,0.6275689601898193,0.06981144845485687,-15.735982894897461
3700.0,4,1-1.5 kHz,2.1829896468261722e-06,-53.62049865722656,0.6208546161651611,0.0943676307797432,-13.11805534362793
3700.0,5,1.5-2.5 kHz,4.896040081803221e-06,-50.11256790161133,0.5760226249694824,0.02674791030585766,-24.06871795654297
3700.0,6,2.5-4 kHz,0.5003985166549683,-0.017855260521173477,0.6609184741973877,0.28943052887916565,-3.383629083633423
3700.0,7,>4 kHz,3.8278412830550224e-05,-41.181480407714844,0.5263751149177551,0.02829204872250557,-23.581228256225586
3725.0,0,<250 Hz,6.962408178878832e-07,-58.58341979980469,0.5395462512969971,0.018520412966609,-27.261503219604492
3725.0,1,250-500 Hz,3.637193799477245e-07,-61.403350830078125,0.6285772323608398,0.09634630382061005,-12.937814712524414
3725.0,2,500-750 Hz,7.424858381455124e-07,-58.304134368896484,0.5396062135696411,0.031617846339941025,-22.615869522094727
3725.0,3,750-1000 Hz,3.388690856809262e-07,-61.710697174072266,0.6275689601898193,0.06981142610311508,-15.735984802246094
3725.0,4,1-1.5 kHz,2.291170858370606e-06,-53.410438537597656,0.6208546161651611,0.09436776489019394,-13.1180419921875
3725.0,5,1.5-2.5 kHz,4.718480340670794e-06,-50.27299499511719,0.5760226249694824,0.026747509837150574,-24.068849563598633
3725.0,6,2.5-4 kHz,0.49790602922439575,-0.03954166918992996,0.660456657409668,0.28839224576950073,-3.414844036102295
3725.0,7,>4 kHz,4.1989384044427425e-05,-40.77961730957031,0.5263761281967163,0.028299275785684586,-23.579008102416992
3750.0,0,<250 Hz,6.203120506143023e-07,-59.08491134643555,0.5395461916923523,0.018520215526223183,-27.2615966796875
3750.0,1,250-500 Hz,3.54813607827964e-07,-61.511009216308594,0.6285772323608398,0.09634629637002945,-12.937814712524414
3750.0,2,500-750 Hz,6.302705060079461e-07,-59.0157470703125,0.5396061539649963,0.03161764517426491,-22.61592674255371
3750.0,3,750-1000 Hz,3.2974600117086084e-07,-61.829219818115234,0.6275689601898193,0.06981141120195389,-15.735987663269043
3750.0,4,1-1.5 kHz,1.8854668724088697e-06,-54.2568244934082,0.6208544969558716,0.09436725080013275,-13.11808967590332
3750.0,5,1.5-2.5 kHz,4.6037307583901566e-06,-50.379913330078125,0.5760225653648376,0.02674724906682968,-24.068931579589844
3750.0,6,2.5-4 kHz,0.4924539029598236,-0.08735960721969604,0.6594425439834595,0.2861178517341614,-3.483616828918457
3750.0,7,>4 kHz,6.696664786431938e-05,-38.7524299621582,0.5263828635215759,0.028346193954348564,-23.564620971679688
3775.0,0,<250 Hz,4.875232093581872e-07,-60.131065368652344,0.5395461320877075,0.018519863486289978,-27.261760711669922
3775.0,1,250-500 Hz,3.191428845639166e-07,-61.97116470336914,0.6285771727561951,0.09634625911712646,-12.93781852722168
3775.0,2,500-750 Hz,4.187347713013878e-07,-60.7916259765625,0.5396060943603516,0.031617265194654465,-22.61602783203125
3775.0,3,750-1000 Hz,3.301539948097343e-07,-61.823848724365234,0.6275689601898193,0.06981141120195389,-15.735987663269043
3775.0,4,1-1.5 kHz,1.3203782600612612e-06,-55.80403137207031,0.6208542585372925,0.09436652809381485,-13.118156433105469
3775.0,5,1.5-2.5 kHz,4.551687652565306e-06,-50.429290771484375,0.5760225653648376,0.02674713172018528,-24.0689697265625
3775.0,6,2.5-4 kHz,0.48247313499450684,-0.17628400027751923,0.6575727462768555,0.28194329142570496,-3.6112799644470215
3775.0,7,>4 kHz,0.00019110830908175558,-34.198219299316406,0.5264164209365845,0.02857677824795246,-23.494251251220703
3800.0,0,<250 Hz,4.1075844592342037e-07,-60.87514877319336,0.5395461320877075,0.01851966232061386,-27.261852264404297
3800.0,1,250-500 Hz,2.8648508987316745e-07,-62.43999481201172,0.6285771131515503,0.09634619951248169,-12.937823295593262
3800.0,2,500-750 Hz,3.005353050866688e-07,-62.232059478759766,0.5396060943603516,0.031617049127817154,-22.6160888671875
3800.0,3,750-1000 Hz,3.3540061394887744e-07,-61.755374908447266,0.6275689601898193,0.06981141865253448,-15.735986709594727
3800.0,4,1-1.5 kHz,1.0707279898269917e-06,-56.71422576904297,0.6208541393280029,0.09436620026826859,-13.118185997009277
3800.0,5,1.5-2.5 kHz,4.494724635151215e-06,-50.483985900878906,0.5760225057601929,0.026747003197669983,-24.069013595581055
3800.0,6,2.5-4 kHz,0.46634653210639954,-0.32392793893814087,0.6545141935348511,0.2751675844192505,-3.822570323944092
3800.0,7,>4 kHz,0.0006218748749233782,-29.073984146118164,0.5265325903892517,0.029362335801124573,-23.258703231811523
3825.0,0,<250 Hz,4.5169178974902024e-07,-60.46259307861328,0.5395461320877075,0.018519772216677666,-27.261802673339844
3825.0,1,250-500 Hz,2.8357513315313554e-07,-62.484336853027344,0.6285771131515503,0.09634619951248169,-12.937823295593262
3825.0,2,500-750 Hz,3.708795475176885e-07,-61.318687438964844,0.5396060943603516,0.0316171795129776,-22.616052627563477
3825.0,3,750-1000 Hz,3.357332900577603e-07,-61.751068115234375,0.6275689601898193,0.06981141865253448,-15.735986709594727
3825.0,4,1-1.5 kHz,1.334868102276232e-06,-55.756629943847656,0.6208542585372925,0.09436653554439545,-13.118154525756836
3825.0,5,1.5-2.5 kHz,4.376841388875619e-06,-50.59940719604492,0.5760225057601929,0.026746734976768494,-24.06909942626953
3825.0,6,2.5-4 kHz,0.44272273778915405,-0.5496971607208252,0.6499490737915039,0.2651709318161011,-4.1439971923828125
3825.0,7,>4 kHz,0.0017937718657776713,-24.473342895507812,0.5268484950065613,0.03140384331345558,-22.674861907958984
3850.0,0,<250 Hz,5.679513606082764e-07,-59.46790313720703,0.5395461916923523,0.018520072102546692,-27.261661529541016
3850.0,1,250-500 Hz,3.0973734510553186e-07,-62.101078033447266,0.6285771727561951,0.09634623676538467,-12.937820434570312
3850.0,2,500-750 Hz,5.585740154856467e-07,-59.54021072387695,0.5396061539649963,0.03161751478910446,-22.615962982177734
3850.0,3,750-1000 Hz,3.2839906793924456e-07,-61.84699630737305,0.6275689601898193,0.06981141120195389,-15.735987663269043
3850.0,4,1-1.5 kHz,1.838056505221175e-06,-54.367427825927734,0.6208544373512268,0.09436717629432678,-13.118096351623535
3850.0,5,1.5-2.5 kHz,4.214948148728581e-06,-50.763092041015625,0.5760224461555481,0.026746371760964394,-24.069217681884766
3850.0,6,2.5-4 kHz,0.41086894273757935,-0.873982310295105,0.6436285972595215,0.25155043601989746,-4.60201358795166
3850.0,7,>4 kHz,0.004465796053409576,-20.512027740478516,0.5275673866271973,0.03564552217721939,-21.574417114257812
3875.0,0,<250 Hz,6.466187869591522e-07,-58.90453338623047,0.5395461916923523,0.018520278856158257,-27.261564254760742
3875.0,1,250-500 Hz,3.366332919085835e-07,-61.739444732666016,0.6285771727561951,0.09634627401828766,-12.937816619873047
3875.0,2,500-750 Hz,6.879291731820558e-07,-58.63557815551758,0.5396062135696411,0.031617749482393265,-22.615894317626953
3875.0,3,750-1000 Hz,3.154544572225859e-07,-62.021644592285156,0.6275689601898193,0.0698113888502121,-15.735989570617676
3875.0,4,1-1.5 kHz,2.1026266949775163e-06,-53.78339385986328,0.6208545565605164,0.09436752647161484,-13.118064880371094
3875.0,5,1.5-2.5 kHz,4.052624262840254e-06,-50.933650970458984,0.5760223865509033,0.026746006682515144,-24.069337844848633
3875.0,6,2.5-4 kHz,0.3709808588027954,-1.3175004720687866,0.635435938835144,0.2342449128627777,-5.221112251281738
3875.0,7,>4 kHz,0.009772169403731823,-17.111106872558594,0.5289888978004456,0.042917944490909576,-19.96173667907715
3900.0,0,<250 Hz,6.131984946478042e-07,-59.13500213623047,0.5395461916923523,0.018520191311836243,-27.26160430908203
3900.0,1,250-500 Hz,3.383946420854045e-07,-61.71678161621094,0.6285771727561951,0.09634628146886826,-12.937816619873047
3900.0,2,500-750 Hz,6.38337724012672e-07,-58.96051025390625,0.5396061539649963,0.0316176563501358,-22.615921020507812
3900.0,3,750-1000 Hz,3.081868271692656e-07,-62.12287521362305,0.6275689601898193,0.0698113813996315,-15.735990524291992
3900.0,4,1-1.5 kHz,1.8799660210788716e-06,-54.26951599121094,0.6208544373512268,0.09436723589897156,-13.118090629577637
3900.0,5,1.5-2.5 kHz,3.944132458855165e-06,-51.0515022277832,0.5760223865509033,0.026745758950710297,-24.069416046142578
3900.0,6,2.5-4 kHz,0.32434672117233276,-1.9009203910827637,0.625444769859314,0.2136111557483673,-6.022037506103516
3900.0,7,>4 kHz,0.019174251705408096,-14.183831214904785,0.531488299369812,0.05362652242183685,-18.02692222595215
3925.0,0,<250 Hz,4.975835281584295e-07,-60.0423583984375,0.5395461916923523,0.018519889563322067,-27.261749267578125
3925.0,1,250-500 Hz,3.106566737187677e-07,-62.08820724487305,0.6285771727561951,0.09634624421596527,-12.937820434570312
3925.0,2,500-750 Hz,4.538325129033183e-07,-60.44206237792969,0.5396061539649963,0.03161732852458954,-22.616012573242188
3925.0,3,750-1000 Hz,3.0635195003014815e-07,-62.14881134033203,0.6275689601898193,0.0698113813996315,-15.735990524291992
3925.0,4,1-1.5 kHz,1.3594283245765837e-06,-55.677452087402344,0.6208542585372925,0.09436658024787903,-13.118151664733887
3925.0,5,1.5-2.5 kHz,3.888502760673873e-06,-51.113189697265625,0.5760223865509033,0.026745634153485298,-24.0694580078125
3925.0,6,2.5-4 kHz,0.2732911705970764,-2.6447594165802,0.6139639616012573,0.19041937589645386,-7.02029275894165
3925.0,7,>4 kHz,0.03427901118993759,-11.660733222961426,0.5354524850845337,0.06778136640787125,-15.992308616638184
3950.0,0,<250 Hz,4.003759954684938e-07,-60.986331939697266,0.5395461320877075,0.018519630655646324,-27.261869430541992
3950.0,1,250-500 Hz,2.76959781331243e-07,-62.58684539794922,0.6285771131515503,0.0963461846113205,-12.937824249267578
3950.0,2,500-750 Hz,2.9944715151941637e-07,-62.2478141784668,0.5396060943603516,0.031617045402526855,-22.616090774536133
3950.0,3,750-1000 Hz,3.0957096441852627e-07,-62.103416442871094,0.6275689601898193,0.0698113813996315,-15.735990524291992
3950.0,4,1-1.5 kHz,9.949175137080601e-07,-57.03314208984375,0.6208541393280029,0.09436610341072083,-13.118195533752441
3950.0,5,1.5-2.5 kHz,3.870271029882133e-06,-51.13359832763672,0.5760223865509033,0.026745595037937164,-24.06947135925293
3950.0,6,2.5-4 kHz,0.2208748757839203,-3.569552421569824,0.6015465259552002,0.1657528132200241,-8.225296974182129
3950.0,7,>4 kHz,0.05652991309762001,-9.488231658935547,0.541179895401001,0.08517521619796753,-14.00825023651123
3975.0,0,<250 Hz,4.0090532138492563e-07,-60.98059844970703,0.5395461320877075,0.018519621342420578,-27.26187515258789
3975.0,1,250-500 Hz,2.639426952555368e-07,-62.795921325683594,0.6285771131515503,0.0963461771607399,-12.937826156616211
3975.0,2,500-750 Hz,3.065405564939283e-07,-62.14613342285156,0.5396060943603516,0.03161706030368805,-22.616085052490234
3975.0,3,750-1000 Hz,3.110629336333659e-07,-62.08253479003906,0.6275689601898193,0.0698113888502121,-15.735989570617676
3975.0,4,1-1.5 kHz,1.092811089620227e-06,-56.62556457519531,0.6208541989326477,0.09436623752117157,-13.118182182312012
3975.0,5,1.5-2.5 kHz,3.8011262404324953e-06,-51.211891174316406,0.5760223269462585,0.02674543857574463,-24.069520950317383
3975.0,6,2.5-4 kHz,0.1703997552394867,-4.696325778961182,0.5889414548873901,0.1408257782459259,-9.640872955322266
3975.0,7,>4 kHz,0.08683142811059952,-7.624245643615723,0.5487714409828186,0.10546845197677612,-12.152063369750977
4000.0,0,<250 Hz,4.973397267349355e-07,-60.04448318481445,0.5395461916923523,0.018519887700676918,-27.261749267578125
4000.0,1,250-500 Hz,2.8113203143220744e-07,-62.52191162109375,0.6285771131515503,0.09634619206190109,-12.937824249267578
4000.0,2,500-750 Hz,4.585882606988889e-07,-60.396785736083984,0.5396061539649963,0.031617335975170135,-22.616008758544922
4000.0,3,750-1000 Hz,3.061858819819463e-07,-62.15116500854492,0.6275689005851746,0.0698113739490509,-15.735992431640625
4000.0,4,1-1.5 kHz,1.5509593822571333e-06,-55.105010986328125,0.620854377746582,0.09436682611703873,-13.118128776550293
4000.0,5,1.5-2.5 kHz,3.6782776078325696e-06,-51.35456848144531,0.5760222673416138,0.026745159178972244,-24.069612503051758
4000.0,6,2.5-4 kHz,0.12484823167324066,-6.047191619873047,0.5769824981689453,0.11818133294582367,-11.163537979125977
4000.0,7,>4 kHz,0.12520267069339752,-6.034879684448242,0.5580552816390991,0.12914425134658813,-10.393013954162598
4025.0,0,<250 Hz,5.939132279308978e-07,-59.27378845214844,0.5395461916923523,0.018520142883062363,-27.261629104614258
4025.0,1,250-500 Hz,3.0868551448293147e-07,-62.11585235595703,0.6285771727561951,0.09634623676538467,-12.937820434570312
4025.0,2,500-750 Hz,6.183435061757336e-07,-59.098716735839844,0.5396061539649963,0.031617626547813416,-22.615930557250977
4025.0,3,750-1000 Hz,3.03529077427811e-07,-62.18901062011719,0.6275689601898193,0.0698113739490509,-15.735992431640625
4025.0,4,1-1.5 kHz,1.9033107037103036e-06,-54.215919494628906,0.6208544373512268,0.09436727315187454,-13.118086814880371
4025.0,5,1.5-2.5 kHz,3.557456238922896e-06,-51.49961853027344,0.5760222673416138,0.026744887232780457,-24.069700241088867
4025.0,6,2.5-4 kHz,0.08639125525951385,-7.646317481994629,0.5664277076721191,0.09450770914554596,-13.105171203613281
4025.0,7,>4 kHz,0.17057949304580688,-4.691747665405273,0.5685843825340271,0.15253645181655884,-8.947042465209961
4050.0,0,<250 Hz,6.047145006959909e-07,-59.19551467895508,0.5395461916923523,0.018520163372159004,-27.261619567871094
4050.0,1,250-500 Hz,3.289764265446138e-07,-61.8393669128418,0.6285771727561951,0.09634625911712646,-12.93781852722168
4050.0,2,500-750 Hz,6.296601213762187e-07,-59.01995086669922,0.5396061539649963,0.03161764517426491,-22.61592674255371
4050.0,3,750-1000 Hz,2.8693773401755607e-07,-62.433135986328125,0.6275689005851746,0.06981134414672852,-15.73599624633789
4050.0,4,1-1.5 kHz,1.8533262391429162e-06,-54.33149719238281,0.6208544373512268,0.09436720609664917,-13.118094444274902
4050.0,5,1.5-2.5 kHz,3.4486902222852223e-06,-51.63447570800781,0.5760222673416138,0.026744643226265907,-24.069778442382812
4050.0,6,2.5-4 kHz,0.05610320344567299,-9.521139144897461,0.5578033924102783,0.07460683584213257,-15.158943176269531
4050.0,7,>4 kHz,0.22084225714206696,-3.5701940059661865,0.5797131061553955,0.17763833701610565,-7.623781681060791
4075.0,0,<250 Hz,5.229866815170681e-07,-59.826107025146484,0.5395461916923523,0.01851995848119259,-27.261714935302734
4075.0,1,250-500 Hz,3.003356994213391e-07,-62.234947204589844,0.6285771727561951,0.09634622931480408,-12.937821388244629
4075.0,2,500-750 Hz,4.868182941208943e-07,-60.13734817504883,0.5396061539649963,0.031617388129234314,-22.615995407104492
4075.0,3,750-1000 Hz,2.8283739084145054e-07,-62.49564743041992,0.6275689005851746,0.06981134414672852,-15.73599624633789
4075.0,4,1-1.5 kHz,1.426366793566558e-06,-55.46870422363281,0.6208542585372925,0.09436666965484619,-13.118143081665039
4075.0,5,1.5-2.5 kHz,3.3924577564903302e-06,-51.70587158203125,0.5760222673416138,0.02674451470375061,-24.069822311401367
4075.0,6,2.5-4 kHz,0.03393767774105072,-11.704195022583008,0.5513104200363159,0.057389996945858,-17.437789916992188
4075.0,7,>4 kHz,0.2730916142463684,-2.6479320526123047,0.5907261371612549,0.2023390382528305,-6.492922306060791
4100.0,0,<250 Hz,3.9714174704386096e-07,-61.02156066894531,0.5395461320877075,0.018519626930356026,-27.261869430541992
4100.0,1,250-500 Hz,2.6803144237419474e-07,-62.729156494140625,0.6285771131515503,0.0963461846113205,-12.937824249267578
4100.0,2,500-750 Hz,3.2311993436451303e-07,-61.91737747192383,0.5396060943603516,0.03161709010601044,-22.616077423095703
4100.0,3,750-1000 Hz,2.848965152679739e-07,-62.464141845703125,0.6275689005851746,0.06981134414672852,-15.73599624633789
4100.0,4,1-1.5 kHz,9.899952146952273e-07,-57.0546875,0.6208541393280029,0.09436610341072083,-13.118195533752441
4100.0,5,1.5-2.5 kHz,3.3691626413201448e-06,-51.73579788208008,0.5760222673416138,0.02674446441233158,-24.069839477539062
4100.0,6,2.5-4 kHz,0.01894788071513176,-14.2354097366333,0.5468297600746155,0.04298728331923485,-19.947715759277344
4100.0,7,>4 kHz,0.3241056501865387,-1.9041492938995361,0.6009692549705505,0.22547703981399536,-5.552468776702881
4125.0,0,<250 Hz,3.6345409171190113e-07,-61.40652084350586,0.5395460724830627,0.01851954311132431,-27.26190948486328
4125.0,1,250-500 Hz,2.4648267071825103e-07,-63.0931510925293,0.6285771131515503,0.09634615480899811,-12.937828063964844
4125.0,2,500-750 Hz,2.6463828817213653e-07,-62.78449249267578,0.5396060943603516,0.03161698579788208,-22.616104125976562
4125.0,3,750-1000 Hz,2.9004192469983536e-07,-62.38640594482422,0.6275689005851746,0.06981135159730911,-15.735994338989258
4125.0,4,1-1.5 kHz,9.309995903095114e-07,-57.32151794433594,0.6208541393280029,0.09436602145433426,-13.118202209472656
4125.0,5,1.5-2.5 kHz,3.336052259328426e-06,-51.7786865234375,0.5760221481323242,0.026744386181235313,-24.069862365722656
4125.0,6,2.5-4 kHz,0.00965026579797268,-17.16562271118164,0.5440133810043335,0.03143368288874626,-22.666610717773438
4125.0,7,>4 kHz,0.37087419629096985,-1.3187494277954102,0.6099463105201721,0.24603426456451416,-4.79460334777832
4150.0,0,<250 Hz,4.33533216437354e-07,-60.64079284667969,0.5395461320877075,0.018519725650548935,-27.261825561523438
4150.0,1,250-500 Hz,2.563588168413844e-07,-62.92253494262695,0.6285771131515503,0.0963461622595787,-12.937827110290527
4150.0,2,500-750 Hz,3.740174179256428e-07,-61.28209686279297,0.5396060943603516,0.0316171795129776,-22.616052627563477
4150.0,3,750-1000 Hz,2.861336270143511e-07,-62.44532775878906,0.6275689005851746,0.06981134414672852,-15.73599624633789
4150.0,4,1-1.5 kHz,1.2619407243619207e-06,-56.00062561035156,0.6208542585372925,0.09436646103858948,-13.118162155151367
4150.0,5,1.5-2.5 kHz,3.2679772630217485e-06,-51.86822509765625,0.5760221481323242,0.026744231581687927,-24.06991195678711
4150.0,6,2.5-4 kHz,0.004415568429976702,-20.56114959716797,0.5424150228500366,0.0227237269282341,-25.48492431640625
4150.0,7,>4 kHz,0.41106757521629333,-0.8718833327293396,0.6173638105392456,0.26328837871551514,-4.205881595611572
4175.0,0,<250 Hz,5.340676239029563e-07,-59.73505401611328,0.5395461916923523,0.018519993871450424,-27.26169776916504
4175.0,1,250-500 Hz,2.853667524504999e-07,-62.45697784423828,0.6285771131515503,0.09634619951248169,-12.937823295593262
4175.0,2,500-750 Hz,5.405251499723818e-07,-59.68285369873047,0.5396061539649963,0.031617484986782074,-22.615968704223633
4175.0,3,750-1000 Hz,2.7828826887343894e-07,-62.56606674194336,0.6275689005851746,0.06981132924556732,-15.735998153686523
4175.0,4,1-1.5 kHz,1.6657606920489343e-06,-54.79488754272461,0.620854377746582,0.09436696767807007,-13.118115425109863
4175.0,5,1.5-2.5 kHz,3.182363116138731e-06,-51.9835205078125,0.5760221481323242,0.026744043454527855,-24.069974899291992
4175.0,6,2.5-4 kHz,0.0017797921318560839,-24.507322311401367,0.5416067242622375,0.01679907739162445,-28.108806610107422
4175.0,7,>4 kHz,0.4433334469795227,-0.5437103509902954,0.6231292486190796,0.27689871191978455,-3.768097162246704
4200.0,0,<250 Hz,5.77762477860233e-07,-59.39352035522461,0.5395461916923523,0.01852010190486908,-27.261648178100586
4200.0,1,250-500 Hz,3.0227343472688517e-07,-62.20701599121094,0.6285771131515503,0.09634622931480408,-12.937821388244629
4200.0,2,500-750 Hz,6.093363253967254e-07,-59.162445068359375,0.5396061539649963,0.03161760792136192,-22.615936279296875
4200.0,3,750-1000 Hz,2.6979944323102245e-07,-62.70060729980469,0.6275689005851746,0.06981131434440613,-15.73599910736084
4200.0,4,1-1.5 kHz,1.774962811396108e-06,-54.51912307739258,0.6208544373512268,0.09436710178852081,-13.118103981018066
4200.0,5,1.5-2.5 kHz,3.069856575166341e-06,-52.139835357666016,0.5760221481323242,0.02674378827214241,-24.07005500793457
4200.0,6,2.5-4 kHz,0.0006189703708514571,-29.094316482543945,0.5412499904632568,0.013408136554062366,-30.067148208618164
4200.0,7,>4 kHz,0.467373251914978,-0.31437698006629944,0.6273199319839478,0.28691232204437256,-3.4595320224761963
4225.0,0,<250 Hz,5.188367140362971e-07,-59.8607063293457,0.5395461916923523,0.018519945442676544,-27.261722564697266
4225.0,1,250-500 Hz,2.904049267726805e-07,-62.380977630615234,0.6285771131515503,0.09634621441364288,-12.937822341918945
4225.0,2,500-750 Hz,5.157501163921552e-07,-59.88662338256836,0.5396061539649963,0.031617436558008194,-22.615983963012695
4225.0,3,750-1000 Hz,2.6494782900954306e-07,-62.77941131591797,0.6275689005851746,0.06981131434440613,-15.73599910736084
4225.0,4,1-1.5 kHz,1.4778586319152964e-06,-55.31468963623047,0.6208543181419373,0.09436672925949097,-13.118138313293457
4225.0,5,1.5-2.5 kHz,2.9972225092933513e-06,-52.24382400512695,0.5760220885276794,0.02674362249672413,-24.070110321044922
4225.0,6,2.5-4 kHz,0.00018765336426440626,-34.27745056152344,0.5411173105239868,0.011908456683158875,-31.09740447998047
4225.0,7,>4 kHz,0.4838063716888428,-0.16429977118968964,0.6301344633102417,0.2936989665031433,-3.256467342376709
4250.0,0,<250 Hz,4.0805986145642237e-07,-60.903778076171875,0.5395461320877075,0.018519656732678413,-27.261857986450195
4250.0,1,250-500 Hz,2.615639687064686e-07,-62.835235595703125,0.6285771131515503,0.0963461697101593,-12.937827110290527
4250.0,2,500-750 Hz,3.438701412505907e-07,-61.647071838378906,0.5396060943603516,0.03161712735891342,-22.616065979003906
4250.0,3,750-1000 Hz,2.649549628586101e-07,-62.779293060302734,0.6275689005851746,0.06981131434440613,-15.73599910736084
4250.0,4,1-1.5 kHz,1.0284528570991824e-06,-56.8891716003418,0.6208541393280029,0.0943661481142044,-13.11819076538086
4250.0,5,1.5-2.5 kHz,2.972627953568008e-06,-52.27960968017578,0.5760220885276794,0.026743566617369652,-24.07012939453125
4250.0,6,2.5-4 kHz,6.092818875913508e-05,-39.16283416748047,0.5410783290863037,0.011430291458964348,-31.453369140625
4250.0,7,>4 kHz,0.4938982427120209,-0.07464055716991425,0.6318432092666626,0.29784417152404785,-3.1347334384918213
4275.0,0,<250 Hz,3.4415674576848687e-07,-61.64345169067383,0.5395460724830627,0.018519490957260132,-27.261934280395508
4275.0,1,250-500 Hz,2.3625720757536328e-07,-63.277164459228516,0.6285771131515503,0.09634613990783691,-12.937829971313477
4275.0,2,500-750 Hz,2.4674295673321467e-07,-63.08856964111328,0.5396060943603516,0.031616948544979095,-22.616117477416992
4275.0,3,750-1000 Hz,2.6631983018887695e-07,-62.756980895996094,0.6275689005851746,0.06981131434440613,-15.73599910736084
4275.0,4,1-1.5 kHz,8.243262072937796e-07,-57.85002136230469,0.6208540201187134,0.09436587989330292,-13.118215560913086
4275.0,5,1.5-2.5 kHz,2.9490452106983867e-06,-52.31420135498047,0.5760220885276794,0.026743516325950623,-24.070146560668945
4275.0,6,2.5-4 kHz,3.522445695125498e-05,-41.542572021484375,0.5410704612731934,0.0113302581012249,-31.529720306396484
4275.0,7,>4 kHz,0.4992305040359497,-0.028004229068756104,0.6327401399612427,0.3000275194644928,-3.071293830871582
4300.0,0,<250 Hz,3.8046272266001324e-07,-61.20789337158203,0.5395461320877075,0.018519582226872444,-27.261890411376953
4300.0,1,250-500 Hz,2.353846753067046e-07,-63.29323196411133,0.6285771131515503,0.09634613990783691,-12.937829971313477
4300.0,2,500-750 Hz,3.035013094176975e-07,-62.18940734863281,0.5396060943603516,0.03161705285310745,-22.6160888671875
4300.0,3,750-1000 Hz,2.664731937329634e-07,-62.754478454589844,0.6275689005851746,0.06981131434440613,-15.73599910736084
4300.0,4,1-1.5 kHz,1.0309978506484185e-06,-56.87843704223633,0.6208541393280029,0.094366155564785,-13.11819076538086
4300.0,5,1.5-2.5 kHz,2.9086572794767562e-06,-52.37409210205078,0.5760220885276794,0.02674342319369316,-24.070175170898438
4300.0,6,2.5-4 kHz,3.2319207093678415e-05,-41.91640853881836,0.541069507598877,0.011318386532366276,-31.53882598876953
4300.0,7,>4 kHz,0.5013967752456665,-0.00920003280043602,0.6331033110618591,0.3009131848812103,-3.0456910133361816
4325.0,0,<250 Hz,4.781875873050012e-07,-60.21503448486328,0.5395461320877075,0.01851983368396759,-27.26177406311035
4325.0,1,250-500 Hz,2.580019327069749e-07,-62.8947868347168,0.6285771131515503,0.0963461697101593,-12.937827110290527
4325.0,2,500-750 Hz,4.590712592289492e-07,-60.3922119140625,0.5396060943603516,0.031617335975170135,-22.616008758544922
4325.0,3,750-1000 Hz,2.6242506123708154e-07,-62.82096481323242,0.6275689005851746,0.06981131434440613,-15.73599910736084
4325.0,4,1-1.5 kHz,1.4406834907276789e-06,-55.425331115722656,0.6208543181419373,0.09436668455600739,-13.118142127990723
4325.0,5,1.5-2.5 kHz,2.841051127688843e-06,-52.476226806640625,0.5760220289230347,0.026743272319436073,-24.07022476196289
4325.0,6,2.5-4 kHz,3.0843882996123284e-05,-42.119327545166016,0.5410690903663635,0.011312221176922321,-31.54355812072754
4325.0,7,>4 kHz,0.5017751455307007,-0.0059239002875983715,0.6331666707992554,0.3010677099227905,-3.041231870651245
4350.0,0,<250 Hz,5.461096179715241e-07,-59.63821792602539,0.5395461916923523,0.018520019948482513,-27.261686325073242
4350.0,1,250-500 Hz,2.8148483011136705e-07,-62.51646423339844,0.6285771131515503,0.09634619951248169,-12.937823295593262
4350.0,2,500-750 Hz,5.66266976420593e-07,-59.480804443359375,0.5396061539649963,0.031617529690265656,-22.615957260131836
4350.0,3,750-1000 Hz,2.542347488088126e-07,-62.95866394042969,0.6275689005851746,0.06981129944324493,-15.736000061035156
4350.0,4,1-1.5 kHz,1.6699906382200425e-06,-54.78387451171875,0.620854377746582,0.09436698257923126,-13.118114471435547
4350.0,5,1.5-2.5 kHz,2.7591941034188494e-06,-52.60319137573242,0.5760220289230347,0.0267430879175663,-24.070283889770508
4350.0,6,2.5-4 kHz,2.8274120268179104e-05,-42.49712371826172,0.5410683155059814,0.011301910504698753,-31.551477432250977
4350.0,7,>4 kHz,0.5013992786407471,-0.00917850248515606,0.6331037282943726,0.3009139895439148,-3.045668363571167
4375.0,0,<250 Hz,5.202280135563342e-07,-59.84907531738281,0.5395461916923523,0.018519951030611992,-27.26171875
4375.0,1,250-500 Hz,2.812098784943373e-07,-62.52070999145508,0.6285771131515503,0.09634619951248169,-12.937823295593262
4375.0,2,500-750 Hz,5.274935119814472e-07,-59.788841247558594,0.5396061539649963,0.03161746263504028,-22.61597442626953
4375.0,3,750-1000 Hz,2.497809248325211e-07,-63.035423278808594,0.6275689005851746,0.06981128454208374,-15.736002922058105
4375.0,4,1-1.5 kHz,1.5074384691615705e-06,-55.22861862182617,0.6208543181419373,0.09436676651239395,-13.118134498596191
4375.0,5,1.5-2.5 kHz,2.6996867745765485e-06,-52.69788360595703,0.5760220289230347,0.026742953807115555,-24.070329666137695
4375.0,6,2.5-4 kHz,2.5640043531893753e-05,-42.92182922363281,0.5410674810409546,0.011291416361927986,-31.559545516967773
4375.0,7,>4 kHz,0.5009214878082275,-0.013318799436092377,0.6330236196517944,0.30071860551834106,-3.051309585571289
4400.0,0,<250 Hz,4.2153220647378475e-07,-60.7627067565918,0.5395461320877075,0.01851969212293625,-27.261838912963867
4400.0,1,250-500 Hz,2.572130313183152e-07,-62.90808868408203,0.6285771131515503,0.0963461697101593,-12.937827110290527
4400.0,2,500-750 Hz,3.767184466596518e-07,-61.25084686279297,0.5396060943603516,0.0316171832382679,-22.616052627563477
4400.0,3,750-1000 Hz,2.466738919792988e-07,-63.089786529541016,0.6275689005851746,0.06981128454208374,-15.736002922058105
4400.0,4,1-1.5 kHz,1.1003695590261486e-06,-56.59563064575195,0.6208541989326477,0.09436625242233276,-13.118181228637695
4400.0,5,1.5-2.5 kHz,2.671394668141147e-06,-52.74363708496094,0.5760220289230347,0.02674288861453533,-24.070348739624023
4400.0,6,2.5-4 kHz,2.3442538804374635e-05,-43.310970306396484,0.5410668253898621,0.011282658204436302,-31.566286087036133
4400.0,7,>4 kHz,0.5006499290466309,-0.015673987567424774,0.6329782009124756,0.3006075620651245,-3.0545175075531006
4425.0,0,<250 Hz,3.3739101468199806e-07,-61.729679107666016,0.5395460724830627,0.01851946860551834,-27.261945724487305
4425.0,1,250-500 Hz,2.320634280295053e-07,-63.354949951171875,0.6285771131515503,0.09634613245725632,-12.937830924987793
4425.0,2,500-750 Hz,2.497359332664928e-07,-63.03620147705078,0.5396060943603516,0.03161695972084999,-22.616111755371094
4425.0,3,750-1000 Hz,2.487889787516906e-07,-63.052703857421875,0.6275689005851746,0.06981129199266434,-15.736001968383789
4425.0,4,1-1.5 kHz,7.916037816357857e-07,-58.025936126708984,0.6208540201187134,0.09436585009098053,-13.118218421936035
4425.0,5,1.5-2.5 kHz,2.666304226295324e-06,-52.75191879272461,0.5760220289230347,0.026742879301309586,-24.070354461669922
4425.0,6,2.5-4 kHz,2.1678853954654187e-05,-43.65065002441406,0.5410662889480591,0.011275624856352806,-31.57170295715332
4425.0,7,>4 kHz,0.50063157081604,-0.01583324559032917,0.6329751014709473,0.30059999227523804,-3.0547358989715576
4450.0,0,<250 Hz,3.3990130532401963e-07,-61.697486877441406,0.5395461320877075,0.01851947419345379,-27.26194190979004
4450.0,1,250-500 Hz,2.25921496621595e-07,-63.47144317626953,0.6285771131515503,0.09634611755609512,-12.937830924987793
4450.0,2,500-750 Hz,2.523888156247267e-07,-62.99031066894531,0.5396060943603516,0.03161696344614029,-22.616111755371094
4450.0,3,750-1000 Hz,2.496195747880847e-07,-63.038230895996094,0.6275689005851746,0.06981129199266434,-15.736001968383789
4450.0,4,1-1.5 kHz,8.569160740989901e-07,-57.68163299560547,0.6208540797233582,0.0943659320473671,-13.118210792541504
4450.0,5,1.5-2.5 kHz,2.6516549951338675e-06,-52.77584457397461,0.5760220289230347,0.02674284391105175,-24.070362091064453
4450.0,6,2.5-4 kHz,2.0178988052066416e-05,-43.96202087402344,0.5410658121109009,0.011269641108810902,-31.576313018798828
4450.0,7,>4 kHz,0.5007562041282654,-0.014752071350812912,0.6329959630966187,0.3006509244441986,-3.053264856338501
4475.0,0,<250 Hz,4.2078082174157316e-07,-60.77045440673828,0.5395461320877075,0.01851968839764595,-27.2618408203125
4475.0,1,250-500 Hz,2.3801379711585469e-07,-63.2449951171875,0.6285771131515503,0.09634613990783691,-12.937829971313477
4475.0,2,500-750 Hz,3.8293910620268434e-07,-61.179718017578125,0.5396060943603516,0.031617194414138794,-22.616050720214844
4475.0,3,750-1000 Hz,2.486212906660512e-07,-63.05562973022461,0.6275689005851746,0.06981129199266434,-15.736001968383789
4475.0,4,1-1.5 kHz,1.2189138942630962e-06,-56.151283264160156,0.6208542585372925,0.0943664014339447,-13.118167877197266
4475.0,5,1.5-2.5 kHz,2.593928002170287e-06,-52.871437072753906,0.5760220289230347,0.026742715388536453,-24.070405960083008
4475.0,6,2.5-4 kHz,1.8810913388733752e-05,-44.26691436767578,0.5410653352737427,0.011264190077781677,-31.580516815185547
4475.0,7,>4 kHz,0.5008589029312134,-0.013861512765288353,0.633013129234314,0.3006928563117981,-3.052053213119507
4500.0,0,<250 Hz,5.021411197958514e-07,-60.00275421142578,0.5395461320877075,0.01851990446448326,-27.261741638183594
4500.0,1,250-500 Hz,2.620847681100713e-07,-62.82659912109375,0.6285771131515503,0.0963461771607399,-12.937826156616211
4500.0,2,500-750 Hz,5.158660201232124e-07,-59.885643005371094,0.5396061539649963,0.03161744028329849,-22.615982055664062
4500.0,3,750-1000 Hz,2.422757461317815e-07,-63.16791534423828,0.6275689005851746,0.06981128454208374,-15.736002922058105
4500.0,4,1-1.5 kHz,1.537365278636571e-06,-55.143245697021484,0.6208543181419373,0.09436680376529694,-13.118131637573242
4500.0,5,1.5-2.5 kHz,2.5302872472821036e-06,-52.97931671142578,0.5760219693183899,0.026742570102214813,-24.070453643798828
4500.0,6,2.5-4 kHz,1.757292920956388e-05,-44.56257247924805,0.541064977645874,0.011259263381361961,-31.58431625366211
4500.0,7,>4 kHz,0.5008012652397156,-0.014361180365085602,0.6330034732818604,0.30066925287246704,-3.0527353286743164
4525.0,0,<250 Hz,5.106436447022134e-07,-59.929840087890625,0.5395461320877075,0.018519926816225052,-27.261730194091797
4525.0,1,250-500 Hz,2.7174240813110373e-07,-62.66944122314453,0.6285771131515503,0.0963461846113205,-12.937824249267578
4525.0,2,500-750 Hz,5.309711923473515e-07,-59.76030731201172,0.5396061539649963,0.03161746636033058,-22.61597442626953
4525.0,3,750-1000 Hz,2.4315630753335427e-07,-63.15216064453125,0.6275689005851746,0.06981128454208374,-15.736002922058105
4525.0,4,1-1.5 kHz,1.4971742530178744e-06,-55.25829315185547,0.6208543181419373,0.09436675906181335,-13.118134498596191
4525.0,5,1.5-2.5 kHz,2.4556384232710116e-06,-53.10936737060547,0.5760219097137451,0.026742398738861084,-24.07050895690918
4525.0,6,2.5-4 kHz,1.6553218301851302e-05,-44.82219314575195,0.5410647392272949,0.011255201883614063,-31.58745002746582
4525.0,7,>4 kHz,0.5005221962928772,-0.016782157123088837,0.6329567432403564,0.30055510997772217,-3.0560336112976074
4550.0,0,<250 Hz,4.3208143551964895e-07,-60.65536117553711,0.5395461320877075,0.01851971261203289,-27.261829376220703
4550.0,1,250-500 Hz,2.605122517707059e-07,-62.85273742675781,0.6285771131515503,0.0963461771607399,-12.937826156616211
4550.0,2,500-750 Hz,4.1081347035287763e-07,-60.87456512451172,0.5396060943603516,0.03161725029349327,-22.61603355407715
4550.0,3,750-1000 Hz,2.3314277086683433e-07,-63.33479309082031,0.6275689005851746,0.06981126964092255,-15.736005783081055
4550.0,4,1-1.5 kHz,1.1585339052544441e-06,-56.371925354003906,0.6208541989326477,0.09436631202697754,-13.118176460266113
4550.0,5,1.5-2.5 kHz,2.4182359084079508e-06,-53.17603302001953,0.5760219097137451,0.026742316782474518,-24.070533752441406
4550.0,6,2.5-4 kHz,1.5828209143364802e-05,-45.016700744628906,0.5410645008087158,0.011252298019826412,-31.589691162109375
4550.0,7,>4 kHz,0.5000522136688232,-0.020861826837062836,0.6328779458999634,0.3003629148006439,-3.061589241027832
4575.0,0,<250 Hz,3.538503960953676e-07,-61.52281951904297,0.5395461320877075,0.018519509583711624,-27.261926651000977
4575.0,1,250-500 Hz,2.2638377572548052e-07,-63.462562561035156,0.6285771131515503,0.09634612500667572,-12.937830924987793
4575.0,2,500-750 Hz,2.639255853864597e-07,-62.79620361328125,0.5396060943603516,0.03161698579788208,-22.616104125976562
4575.0,3,750-1000 Hz,2.3293398498935858e-07,-63.33868408203125,0.6275689005851746,0.06981126964092255,-15.736005783081055
4575.0,4,1-1.5 kHz,8.024148314689228e-07,-57.96702575683594,0.6208540797233582,0.09436586499214172,-13.118217468261719
4575.0,5,1.5-2.5 kHz,2.4062132979452144e-06,-53.19767379760742,0.5760219097137451,0.02674228884279728,-24.070545196533203
4575.0,6,2.5-4 kHz,1.5325491403928027e-05,-45.15686798095703,0.5410643219947815,0.011250274255871773,-31.59125328063965
4575.0,7,>4 kHz,0.4994967579841614,-0.025688696652650833,0.6327847242355347,0.3001357614994049,-3.0681607723236084
4600.0,0,<250 Hz,3.092581835062447e-07,-62.10780334472656,0.5395460724830627,0.01851939782500267,-27.261978149414062
4600.0,1,250-500 Hz,2.184544030114921e-07,-63.61740493774414,0.6285771131515503,0.09634612500667572,-12.937830924987793
4600.0,2,500-750 Hz,2.2065339067012246e-07,-63.573909759521484,0.5396060943603516,0.031616903841495514,-22.61612892150879
4600.0,3,750-1000 Hz,2.3593727860315994e-07,-63.28304672241211,0.6275689005851746,0.06981127709150314,-15.736003875732422
4600.0,4,1-1.5 kHz,7.411643991872552e-07,-58.311866760253906,0.6208540201187134,0.09436578303575516,-13.118224143981934
4600.0,5,1.5-2.5 kHz,2.3903326109575573e-06,-53.22643280029297,0.5760219097137451,0.026742255315184593,-24.070556640625
4600.0,6,2.5-4 kHz,1.4871675375616178e-05,-45.287418365478516,0.5410641431808472,0.011248447000980377,-31.59266471862793
4600.0,7,>4 kHz,0.49899864196777344,-0.030021753162145615,0.6327011585235596,0.29993194341659546,-3.074061393737793
4625.0,0,<250 Hz,3.6724006235999695e-07,-61.36151123046875,0.5395461320877075,0.01851954497396946,-27.26190948486328
4625.0,1,250-500 Hz,2.1900447677580814e-07,-63.60648727416992,0.6285771131515503,0.09634611755609512,-12.937830924987793
4625.0,2,500-750 Hz,3.205547045581625e-07,-61.951995849609375,0.5396060943603516,0.03161708638072014,-22.616079330444336
4625.0,3,750-1000 Hz,2.3978941499080975e-07,-63.21271514892578,0.6275689005851746,0.06981127709150314,-15.736003875732422
4625.0,4,1-1.5 kHz,1.00992883744766e-06,-56.968109130859375,0.6208541393280029,0.09436612576246262,-13.118192672729492
4625.0,5,1.5-2.5 kHz,2.360483676966396e-06,-53.281005859375,0.5760219097137451,0.02674218639731407,-24.07057762145996
4625.0,6,2.5-4 kHz,1.421417164237937e-05,-45.48379898071289,0.5410639643669128,0.011245829984545708,-31.594684600830078
4625.0,7,>4 kHz,0.49869245290756226,-0.032687511295080185,0.6326497793197632,0.2998066842556,-3.0776894092559814
4650.0,0,<250 Hz,4.6036780076974537e-07,-60.379966735839844,0.5395461320877075,0.01851978525519371,-27.261795043945312
4650.0,1,250-500 Hz,2.425649086035264e-07,-63.16273498535156,0.6285771131515503,0.09634614735841751,-12.937828063964844
4650.0,2,500-750 Hz,4.540099780570017e-07,-60.440364837646484,0.5396060943603516,0.03161732852458954,-22.616012573242188
4650.0,3,750-1000 Hz,2.3036980678625696e-07,-63.38676071166992,0.6275689005851746,0.06981126964092255,-15.736005783081055
4650.0,4,1-1.5 kHz,1.370255176880164e-06,-55.643001556396484,0.6208543181419373,0.09436660259962082,-13.118148803710938
4650.0,5,1.5-2.5 kHz,2.3126012820284814e-06,-53.37001037597656,0.5760219097137451,0.026742078363895416,-24.070613861083984
4650.0,6,2.5-4 kHz,1.334704393229913e-05,-45.757164001464844,0.541063666343689,0.011242399923503399,-31.597335815429688
4650.0,7,>4 kHz,0.498665452003479,-0.03292277082800865,0.6326452493667603,0.29979559779167175,-3.078010320663452
4675.0,0,<250 Hz,4.935756692248106e-07,-60.077476501464844,0.5395461320877075,0.01851988211274147,-27.261751174926758
4675.0,1,250-500 Hz,2.569718731137982e-07,-62.91215896606445,0.6285771131515503,0.0963461697101593,-12.937827110290527
4675.0,2,500-750 Hz,5.139366976436577e-07,-59.901920318603516,0.5396061539649963,0.031617432832717896,-22.615983963012695
4675.0,3,750-1000 Hz,2.2564378809875052e-07,-63.476783752441406,0.6275689005851746,0.06981125473976135,-15.736006736755371
4675.0,4,1-1.5 kHz,1.4655955737907789e-06,-55.35087585449219,0.6208543181419373,0.09436671435832977,-13.118139266967773
4675.0,5,1.5-2.5 kHz,2.2597232600674033e-06,-53.470462799072266,0.5760219097137451,0.026741962879896164,-24.070648193359375
4675.0,6,2.5-4 kHz,1.24630951177096e-05,-46.05475616455078,0.5410634279251099,0.011238906532526016,-31.600034713745117
4675.0,7,>4 kHz,0.49893322587013245,-0.030591322109103203,0.6326901912689209,0.29990512132644653,-3.074838161468506
4700.0,0,<250 Hz,4.4365242501953617e-07,-60.540584564208984,0.5395461320877075,0.018519744277000427,-27.26181411743164
4700.0,1,250-500 Hz,2.482765353306604e-07,-63.0616569519043,0.6285771131515503,0.09634615480899811,-12.937828063964844
4700.0,2,500-750 Hz,4.3630598156596534e-07,-60.613101959228516,0.5396060943603516,0.031617291271686554,-22.61602210998535
4700.0,3,750-1000 Hz,2.2139025190881512e-07,-63.55943298339844,0.6275689005851746,0.06981125473976135,-15.736006736755371
4700.0,4,1-1.5 kHz,1.2211611419843393e-06,-56.14328384399414,0.6208542585372925,0.0943664014339447,-13.118167877197266
4700.0,5,1.5-2.5 kHz,2.2371543764165835e-06,-53.51405715942383,0.5760219097137451,0.026741907000541687,-24.070667266845703
4700.0,6,2.5-4 kHz,1.1820178769994527e-05,-46.28477478027344,0.5410632491111755,0.011236357502639294,-31.60200309753418
4700.0,7,>4 kHz,0.49943608045578003,-0.0262162908911705,0.6327745914459229,0.3001108169555664,-3.0688822269439697
4725.0,0,<250 Hz,3.4966140560754866e-07,-61.57453918457031,0.5395461320877075,0.018519502133131027,-27.26192855834961
4725.0,1,250-500 Hz,2.231359843563041e-07,-63.52531814575195,0.6285771131515503,0.09634612500667572,-12.937830924987793
4725.0,2,500-750 Hz,2.9234826115498436e-07,-62.35200881958008,0.5396060943603516,0.03161703422665596,-22.616092681884766
4725.0,3,750-1000 Hz,2.2019008838469745e-07,-63.583038330078125,0.6275689005851746,0.06981124728918076,-15.736007690429688
4725.0,4,1-1.5 kHz,8.530819286534097e-07,-57.701107025146484,0.6208541393280029,0.0943659245967865,-13.11821174621582
4725.0,5,1.5-2.5 kHz,2.2058516151446383e-06,-53.575252532958984,0.5760219097137451,0.026741839945316315,-24.070690155029297
4725.0,6,2.5-4 kHz,1.1510550393722951e-05,-46.400054931640625,0.5410631895065308,0.011235115118324757,-31.602964401245117
4725.0,7,>4 kHz,0.5000548362731934,-0.02083919756114483,0.6328783631324768,0.3003638684749603,-3.0615620613098145
4750.0,0,<250 Hz,2.953454441012582e-07,-62.307708740234375,0.5395460724830627,0.018519354984164238,-27.261999130249023
4750.0,1,250-500 Hz,2.0256148047792522e-07,-63.9454460144043,0.6285771131515503,0.09634610265493393,-12.93783187866211
4750.0,2,500-750 Hz,2.086669468326363e-07,-63.81648254394531,0.5396060943603516,0.03161688148975372,-22.61613655090332
4750.0,3,750-1000 Hz,2.2109142605586385e-07,-63.5652961730957,0.6275689005851746,0.06981125473976135,-15.736006736755371
4750.0,4,1-1.5 kHz,6.738646334270015e-07,-58.72528839111328,0.6208540201187134,0.09436570107936859,-13.118232727050781
4750.0,5,1.5-2.5 kHz,2.1845496576133883e-06,-53.61739730834961,0.5760219097137451,0.026741791516542435,-24.07070541381836
4750.0,6,2.5-4 kHz,1.138926836574683e-05,-46.4460563659668,0.5410630702972412,0.01123461127281189,-31.603355407714844
4750.0,7,>4 kHz,0.5006422996520996,-0.01573997735977173,0.6329768896102905,0.30060404539108276,-3.0546188354492188
4775.0,0,<250 Hz,3.2577224828855833e-07,-61.881874084472656,0.5395461320877075,0.0185194443911314,-27.26195526123047
4775.0,1,250-500 Hz,2.0318537963248673e-07,-63.932090759277344,0.6285771131515503,0.09634610265493393,-12.93783187866211
4775.0,2,500-750 Hz,2.5787997515180905e-07,-62.8968391418457,0.5396060943603516,0.031616970896720886,-22.61610984802246
4775.0,3,750-1000 Hz,2.2175439085003745e-07,-63.55229187011719,0.6275689005851746,0.06981125473976135,-15.736006736755371
4775.0,4,1-1.5 kHz,8.349522886419436e-07,-57.79439926147461,0.6208541393280029,0.0943659096956253,-13.118213653564453
4775.0,5,1.5-2.5 kHz,2.1674989056919003e-06,-53.65142822265625,0.5760219097137451,0.0267417524009943,-24.07071876525879
4775.0,6,2.5-4 kHz,1.1112762877019122e-05,-46.55279541015625,0.5410630106925964,0.011233504861593246,-31.604209899902344
4775.0,7,>4 kHz,0.5010594129562378,-0.01212325505912304,0.6330467462539673,0.3007745146751404,-3.0496950149536133
4800.0,0,<250 Hz,4.100238015780633e-07,-60.88292694091797,0.5395461320877075,0.018519658595323563,-27.261856079101562
4800.0,1,250-500 Hz,2.2339278871186252e-07,-63.520320892333984,0.6285771131515503,0.09634612500667572,-12.937830924987793
4800.0,2,500-750 Hz,3.917928665941872e-07,-61.08045196533203,0.5396060943603516,0.031617216765880585,-22.616043090820312
4800.0,3,750-1000 Hz,2.196267416820774e-07,-63.59416580200195,0.6275689005851746,0.06981124728918076,-15.736007690429688
4800.0,4,1-1.5 kHz,1.1750103112717625e-06,-56.31059646606445,0.6208541989326477,0.09436634182929993,-13.118172645568848
4800.0,5,1.5-2.5 kHz,2.1346882022044156e-06,-53.71767044067383,0.5760218501091003,0.026741676032543182,-24.070741653442383
4800.0,6,2.5-4 kHz,1.0590309102553874e-05,-46.76192855834961,0.5410628318786621,0.011231438256800175,-31.60580825805664
4800.0,7,>4 kHz,0.5012104511260986,-0.010814373381435871,0.6330720782279968,0.3008362650871277,-3.0479116439819336
4825.0,0,<250 Hz,4.697037070400256e-07,-60.29277420043945,0.5395461320877075,0.0185198113322258,-27.261783599853516
4825.0,1,250-500 Hz,2.4210510218836134e-07,-63.17097473144531,0.6285771131515503,0.09634615480899811,-12.937828063964844
4825.0,2,500-750 Hz,4.871114924753783e-07,-60.13473129272461,0.5396060943603516,0.031617388129234314,-22.615995407104492
4825.0,3,750-1000 Hz,2.1710536657337798e-07,-63.644309997558594,0.6275689005851746,0.06981124728918076,-15.736007690429688
4825.0,4,1-1.5 kHz,1.3780113476968836e-06,-55.61848449707031,0.6208542585372925,0.09436659514904022,-13.11815071105957
4825.0,5,1.5-2.5 kHz,2.1039122657384723e-06,-53.78074264526367,0.5760218501091003,0.02674160897731781,-24.07076644897461
4825.0,6,2.5-4 kHz,9.939016308635473e-06,-47.03758239746094,0.5410626530647278,0.011228872463107109,-31.607791900634766
4825.0,7,>4 kHz,0.501064658164978,-0.01207782793790102,0.6330476403236389,0.3007766306400299,-3.049633741378784
4850.0,0,<250 Hz,4.4998398607276613e-07,-60.47904586791992,0.5395461320877075,0.018519766628742218,-27.26180648803711
4850.0,1,250-500 Hz,2.4294493528032035e-07,-63.15593719482422,0.6285771131515503,0.09634615480899811,-12.937828063964844
4850.0,2,500-750 Hz,4.548516585600737e-07,-60.43231964111328,0.5396060943603516,0.03161732852458954,-22.616012573242188
4850.0,3,750-1000 Hz,2.107609873291949e-07,-63.77311325073242,0.6275689005851746,0.06981123983860016,-15.736008644104004
4850.0,4,1-1.5 kHz,1.2550707424452412e-06,-56.024330139160156,0.6208542585372925,0.09436644613742828,-13.118163108825684
4850.0,5,1.5-2.5 kHz,2.0685438357759267e-06,-53.8543701171875,0.5760218501091003,0.026741530746221542,-24.070789337158203
4850.0,6,2.5-4 kHz,9.403568583365995e-06,-47.27809143066406,0.5410624742507935,0.01122676208615303,-31.609424591064453
4850.0,7,>4 kHz,0.5006631016731262,-0.015559679828584194,0.6329803466796875,0.3006124794483185,-3.054375410079956
4875.0,0,<250 Hz,3.644419734882831e-07,-61.39472961425781,0.5395461320877075,0.01851954311132431,-27.26190948486328
4875.0,1,250-500 Hz,2.1984652676110272e-07,-63.589820861816406,0.6285771131515503,0.09634611755609512,-12.937830924987793
4875.0,2,500-750 Hz,3.2542357075726613e-07,-61.88652420043945,0.5396060943603516,0.031617093831300735,-22.616077423095703
4875.0,3,750-1000 Hz,2.0874267647741362e-07,-63.814903259277344,0.6275689005851746,0.06981123238801956,-15.73600959777832
4875.0,4,1-1.5 kHz,9.199796977554797e-07,-57.373233795166016,0.6208541393280029,0.09436601400375366,-13.118204116821289
4875.0,5,1.5-2.5 kHz,2.037655349340639e-06,-53.919708251953125,0.5760218501091003,0.02674145996570587,-24.07081413269043
4875.0,6,2.5-4 kHz,9.133182174991816e-06,-47.40479278564453,0.5410624146461487,0.011225687339901924,-31.610258102416992
4875.0,7,>4 kHz,0.5001062154769897,-0.020392881706357002,0.6328870058059692,0.3003848195075989,-3.0609560012817383
4900.0,0,<250 Hz,2.921655379850563e-07,-62.35472869873047,0.5395460724830627,0.01851935312151909,-27.261999130249023
4900.0,1,250-500 Hz,1.9651662341857445e-07,-64.0770263671875,0.6285771131515503,0.09634608775377274,-12.937833786010742
4900.0,2,500-750 Hz,2.1462608401634498e-07,-63.694190979003906,0.5396060943603516,0.03161689639091492,-22.616130828857422
4900.0,3,750-1000 Hz,2.1759828428002947e-07,-63.63446044921875,0.6275689005851746,0.06981125473976135,-15.736006736755371
4900.0,4,1-1.5 kHz,6.683042101940373e-07,-58.76127243041992,0.6208540201187134,0.094365693628788,-13.118232727050781
4900.0,5,1.5-2.5 kHz,2.0040342860738747e-06,-53.991966247558594,0.5760217905044556,0.026741385459899902,-24.070837020874023
4900.0,6,2.5-4 kHz,9.070236046682112e-06,-47.43482971191406,0.5410623550415039,0.011225424706935883,-31.61046028137207
4900.0,7,>4 kHz,0.49952852725982666,-0.0254124253988266,0.6327900886535645,0.30014854669570923,-3.0677905082702637
4925.0,0,<250 Hz,3.048574228614598e-07,-62.170047760009766,0.5395461320877075,0.018519392237067223,-27.261981964111328
4925.0,1,250-500 Hz,1.9091967828899215e-07,-64.20250701904297,0.6285771131515503,0.09634608030319214,-12.937833786010742
4925.0,2,500-750 Hz,2.3121090464428562e-07,-63.370933532714844,0.5396060943603516,0.031616926193237305,-22.616121292114258
4925.0,3,750-1000 Hz,2.1052244392194552e-07,-63.77803421020508,0.6275689005851746,0.06981123238801956,-15.73600959777832
4925.0,4,1-1.5 kHz,7.086486562002392e-07,-58.5067024230957,0.6208540201187134,0.09436573833227158,-13.118228912353516
4925.0,5,1.5-2.5 kHz,1.9970452740381006e-06,-54.00713348388672,0.5760217905044556,0.02674136869609356,-24.070842742919922
4925.0,6,2.5-4 kHz,8.967046596808359e-06,-47.484519958496094,0.5410623550415039,0.01122500840574503,-31.610782623291016
4925.0,7,>4 kHz,0.4990660548210144,-0.029435057193040848,0.6327124834060669,0.29995936155319214,-3.0732669830322266
4950.0,0,<250 Hz,3.824448242539802e-07,-61.185325622558594,0.5395461320877075,0.01851959154009819,-27.26188850402832
4950.0,1,250-500 Hz,2.062292594473547e-07,-63.86751174926758,0.6285771131515503,0.09634610265493393,-12.93783187866211
4950.0,2,500-750 Hz,3.3130254450952634e-07,-61.80876922607422,0.5396060943603516,0.03161710500717163,-22.616073608398438
4950.0,3,750-1000 Hz,2.1420191842480563e-07,-63.702781677246094,0.6275689005851746,0.06981123983860016,-15.736008644104004
4950.0,4,1-1.5 kHz,1.0047261866930057e-06,-56.99053955078125,0.6208541393280029,0.09436612576246262,-13.118192672729492
4950.0,5,1.5-2.5 kHz,1.9768981474044267e-06,-54.05117416381836,0.5760217905044556,0.02674132212996483,-24.070858001708984
4950.0,6,2.5-4 kHz,8.680859536980279e-06,-47.625389099121094,0.5410622954368591,0.011223875917494297,-31.611656188964844
4950.0,7,>4 kHz,0.4988236427307129,-0.03154528886079788,0.6326718330383301,0.2998601496219635,-3.076140880584717
4975.0,0,<250 Hz,4.396813437779201e-07,-60.57963562011719,0.5395461320877075,0.01851973868906498,-27.261817932128906
4975.0,1,250-500 Hz,2.361218776059104e-07,-63.2796516418457,0.6285771131515503,0.09634613990783691,-12.937829971313477
4975.0,2,500-750 Hz,4.460177933651721e-07,-60.517494201660156,0.5396060943603516,0.031617313623428345,-22.616016387939453
4975.0,3,750-1000 Hz,2.0632103314710548e-07,-63.86558151245117,0.6275689005851746,0.06981123238801956,-15.73600959777832
4975.0,4,1-1.5 kHz,1.2763202903443016e-06,-55.951419830322266,0.6208542585372925,0.09436647593975067,-13.11816120147705
4975.0,5,1.5-2.5 kHz,1.9492133560561342e-06,-54.11241912841797,0.5760217905044556,0.026741262525320053,-24.070877075195312
4975.0,6,2.5-4 kHz,8.217675713240169e-06,-47.863525390625,0.5410621166229248,0.0112220523878932,-31.61307144165039
4975.0,7,>4 kHz,0.49885183572769165,-0.03129967302083969,0.6326765418052673,0.2998717427253723,-3.0758044719696045
5000.0,0,<250 Hz,4.4503835283649096e-07,-60.527042388916016,0.5395461320877075,0.018519753590226173,-27.261812210083008
5000.0,1,250-500 Hz,2.3301862484004232e-07,-63.33710479736328,0.6285771131515503,0.09634613990783691,-12.937829971313477
5000.0,2,500-750 Hz,4.650346454582177e-07,-60.336158752441406,0.5396060943603516,0.03161734715104103,-22.61600685119629
5000.0,3,750-1000 Hz,2.0859511096205097e-07,-63.81797409057617,0.6275689005851746,0.06981123983860016,-15.736008644104004
5000.0,4,1-1.5 kHz,1.2693177495748387e-06,-55.975311279296875,0.6208542585372925,0.09436646848917007,-13.11816120147705
5000.0,5,1.5-2.5 kHz,1.9031981537409592e-06,-54.2161750793457,0.5760217905044556,0.026741154491901398,-24.070913314819336
5000.0,6,2.5-4 kHz,7.786784408381209e-06,-48.097434997558594,0.5410619974136353,0.011220353655517101,-31.614383697509766
5000.0,7,>4 kHz,0.4991368055343628,-0.02881951630115509,0.632724404335022,0.2999882698059082,-3.07243013381958
5025.0,0,<250 Hz,3.7771786765006254e-07,-61.23933792114258,0.5395461320877075,0.018519572913646698,-27.26189613342285
5025.0,1,250-500 Hz,2.184011975714384e-07,-63.618465423583984,0.6285771131515503,0.09634612500667572,-12.937830924987793
5025.0,2,500-750 Hz,3.5623463645606535e-07,-61.49365234375,0.5396060943603516,0.03161714971065521,-22.61606216430664
5025.0,3,750-1000 Hz,1.987997393371188e-07,-64.02685546875,0.6275689005851746,0.06981122493743896,-15.73600959777832
5025.0,4,1-1.5 kHz,1.011894028124516e-06,-56.95966720581055,0.6208541393280029,0.09436613321304321,-13.118191719055176
5025.0,5,1.5-2.5 kHz,1.8723967514233664e-06,-54.28703689575195,0.5760217905044556,0.026741089299321175,-24.070932388305664
5025.0,6,2.5-4 kHz,7.526296940341126e-06,-48.245201110839844,0.5410618782043457,0.011219323612749577,-31.61518096923828
5025.0,7,>4 kHz,0.4996050298213959,-0.024747468531131744,0.6328029632568359,0.30017977952957153,-3.066887378692627
5050.0,0,<250 Hz,2.9596191097880364e-07,-62.29865646362305,0.5395461320877075,0.01851935312151909,-27.261999130249023
5050.0,1,250-500 Hz,1.9511575999331399e-07,-64.10809326171875,0.6285771131515503,0.09634609520435333,-12.937832832336426
5050.0,2,500-750 Hz,2.3083569544724014e-07,-63.377986907958984,0.5396060943603516,0.031616922467947006,-22.61612319946289
5050.0,3,750-1000 Hz,1.995329057535855e-07,-64.0108642578125,0.6275689005851746,0.06981122493743896,-15.73600959777832
5050.0,4,1-1.5 kHz,6.788845325900184e-07,-58.69305419921875,0.6208540201187134,0.09436570107936859,-13.118232727050781
5050.0,5,1.5-2.5 kHz,1.8910169501396012e-06,-54.24406051635742,0.5760217905044556,0.02674112841486931,-24.070920944213867
5050.0,6,2.5-4 kHz,7.430979167111218e-06,-48.30055618286133,0.5410618782043457,0.011218941770493984,-31.615478515625
5050.0,7,>4 kHz,0.5001426935195923,-0.020076118409633636,0.6328930854797363,0.30039966106414795,-3.0605266094207764
5075.0,0,<250 Hz,2.702082042560505e-07,-62.69403076171875,0.5395460724830627,0.018519289791584015,-27.26202964782715
5075.0,1,250-500 Hz,1.8231577314509195e-07,-64.40277099609375,0.6285771131515503,0.09634607285261154,-12.937835693359375
5075.0,2,500-750 Hz,1.9198074596715742e-07,-64.17843627929688,0.5396060347557068,0.031616851687431335,-22.61614227294922
5075.0,3,750-1000 Hz,2.0431835423551092e-07,-63.90794372558594,0.6275689005851746,0.06981122493743896,-15.73600959777832
5075.0,4,1-1.5 kHz,6.181734306665021e-07,-59.09991455078125,0.6208540201187134,0.09436561912298203,-13.118239402770996
5075.0,5,1.5-2.5 kHz,1.884957100628526e-06,-54.25800323486328,0.5760217905044556,0.026741115376353264,-24.070926666259766
5075.0,6,2.5-4 kHz,7.399588866974227e-06,-48.318939208984375,0.5410618782043457,0.011218809522688389,-31.61557960510254
5075.0,7,>4 kHz,0.5006225109100342,-0.015911707654595375,0.6329735517501831,0.30059587955474854,-3.0548551082611084
5100.0,0,<250 Hz,3.272053561431676e-07,-61.86281204223633,0.5395461320877075,0.018519440665841103,-27.261959075927734
5100.0,1,250-500 Hz,1.9155356767441845e-07,-64.1881103515625,0.6285771131515503,0.09634608775377274,-12.937833786010742
5100.0,2,500-750 Hz,2.7494309051689925e-07,-62.61859130859375,0.5396060943603516,0.03161700442433357,-22.616100311279297
5100.0,3,750-1000 Hz,2.0111698972868908e-07,-63.976524353027344,0.6275689005851746,0.06981122493743896,-15.73600959777832
5100.0,4,1-1.5 kHz,8.423076565122756e-07,-57.756309509277344,0.6208541393280029,0.0943659245967865,-13.11821174621582
5100.0,5,1.5-2.5 kHz,1.8405928585707443e-06,-54.3614387512207,0.5760217905044556,0.026741016656160355,-24.07095718383789
5100.0,6,2.5-4 kHz,7.268610715982504e-06,-48.39649963378906,0.5410618185997009,0.011218288913369179,-31.615982055664062
5100.0,7,>4 kHz,0.5009347200393677,-0.01320403441786766,0.6330258846282959,0.30072346329689026,-3.0511698722839355
5125.0,0,<250 Hz,3.9849214772402775e-07,-61.00681686401367,0.5395461320877075,0.018519630655646324,-27.261869430541992
5125.0,1,250-500 Hz,2.127787439576423e-07,-63.73173141479492,0.6285771131515503,0.09634611010551453,-12.93783187866211
5125.0,2,500-750 Hz,3.974910498527606e-07,-61.01774215698242,0.5396060943603516,0.03161722421646118,-22.61604118347168
5125.0,3,750-1000 Hz,2.0259537336642097e-07,-63.94472122192383,0.6275689005851746,0.06981122493743896,-15.73600959777832
5125.0,4,1-1.5 kHz,1.1458396329544485e-06,-56.419776916503906,0.6208541393280029,0.09436629712581635,-13.11817741394043
5125.0,5,1.5-2.5 kHz,1.8180423921876354e-06,-54.414974212646484,0.5760217905044556,0.026740966364741325,-24.070972442626953
5125.0,6,2.5-4 kHz,6.9849529609200545e-06,-48.56937789916992,0.5410617589950562,0.01121717132627964,-31.61684799194336
5125.0,7,>4 kHz,0.5010113716125488,-0.012539645656943321,0.6330387592315674,0.3007547855377197,-3.050265073776245
5150.0,0,<250 Hz,4.349203095443954e-07,-60.626914978027344,0.5395461320877075,0.018519729375839233,-27.261821746826172
5150.0,1,250-500 Hz,2.255144977425516e-07,-63.479270935058594,0.6285771131515503,0.09634613245725632,-12.937830924987793
5150.0,2,500-750 Hz,4.5052505015519273e-07,-60.47382736206055,0.5396060943603516,0.03161732107400894,-22.61601448059082
5150.0,3,750-1000 Hz,1.9563385933452082e-07,-64.09657287597656,0.6275689005851746,0.06981122493743896,-15.73600959777832
5150.0,4,1-1.5 kHz,1.2409225291776238e-06,-56.073570251464844,0.6208542585372925,0.09436642378568649,-13.118165969848633
5150.0,5,1.5-2.5 kHz,1.783502511898405e-06,-54.49827575683594,0.5760217308998108,0.02674088627099991,-24.070999145507812
5150.0,6,2.5-4 kHz,6.63921582599869e-06,-48.78984832763672,0.5410616397857666,0.011215810663998127,-31.617900848388672
5150.0,7,>4 kHz,0.5008416175842285,-0.014011355116963387,0.6330102682113647,0.30068540573120117,-3.0522685050964355
5175.0,0,<250 Hz,3.896653595347743e-07,-61.104095458984375,0.5395461320877075,0.018519608303904533,-27.261878967285156
5175.0,1,250-500 Hz,2.1765021074315882e-07,-63.6334228515625,0.6285771131515503,0.09634611755609512,-12.937830924987793
5175.0,2,500-750 Hz,3.8305725524878653e-07,-61.17837905883789,0.5396060943603516,0.03161719813942909,-22.616046905517578
5175.0,3,750-1000 Hz,1.9243884707975667e-07,-64.16808319091797,0.6275689005851746,0.06981121003627777,-15.73601245880127
5175.0,4,1-1.5 kHz,1.0509332923902548e-06,-56.795265197753906,0.6208541393280029,0.0943661779165268,-13.118188858032227
5175.0,5,1.5-2.5 kHz,1.747694795994903e-06,-54.58635711669922,0.5760217308998108,0.02674080617725849,-24.071025848388672
5175.0,6,2.5-4 kHz,6.377840691129677e-06,-48.96427917480469,0.541061520576477,0.011214780621230602,-31.61870002746582
5175.0,7,>4 kHz,0.5004724264144897,-0.017213810235261917,0.6329483985900879,0.3005344569683075,-3.0566306114196777
5200.0,0,<250 Hz,3.06239286373966e-07,-62.15040588378906,0.5395461320877075,0.018519388511776924,-27.261981964111328
5200.0,1,250-500 Hz,1.9558324027002527e-07,-64.09770202636719,0.6285771131515503,0.09634608775377274,-12.937833786010742
5200.0,2,500-750 Hz,2.5573882567186956e-07,-62.933048248291016,0.5396060943603516,0.03161696717143059,-22.616111755371094
5200.0,3,750-1000 Hz,1.9315477572945383e-07,-64.15196228027344,0.6275689005851746,0.06981121003627777,-15.73601245880127
5200.0,4,1-1.5 kHz,7.322312853830226e-07,-58.364532470703125,0.6208540201187134,0.09436577558517456,-13.11822509765625
5200.0,5,1.5-2.5 kHz,1.725040647215792e-06,-54.64302062988281,0.5760217308998108,0.026740755885839462,-24.071043014526367
5200.0,6,2.5-4 kHz,6.296373612713069e-06,-49.020111083984375,0.541061520576477,0.011214456520974636,-31.61894989013672
5200.0,7,>4 kHz,0.49999576807022095,-0.02135215513408184,0.6328684687614441,0.30033954977989197,-3.0622646808624268
5225.0,0,<250 Hz,2.57697251981881e-07,-62.89991760253906,0.5395460724830627,0.018519246950745583,-27.262048721313477
5225.0,1,250-500 Hz,1.8036604387816624e-07,-64.44947052001953,0.6285771131515503,0.09634606540203094,-12.937835693359375
5225.0,2,500-750 Hz,1.8447327931880864e-07,-64.3516845703125,0.5396060347557068,0.03161683678627014,-22.616147994995117
5225.0,3,750-1000 Hz,1.9127082850900479e-07,-64.19452667236328,0.6275689005851746,0.06981121003627777,-15.73601245880127
5225.0,4,1-1.5 kHz,5.760932708653854e-07,-59.406089782714844,0.6208540201187134,0.09436557441949844,-13.118244171142578
5225.0,5,1.5-2.5 kHz,1.7183945146825863e-06,-54.659786224365234,0.5760217308998108,0.02674073912203312,-24.071046829223633
5225.0,6,2.5-4 kHz,6.278767614276148e-06,-49.03227233886719,0.541061520576477,0.011214381083846092,-31.61901092529297
5225.0,7,>4 kHz,0.49952590465545654,-0.02543533965945244,0.632789671421051,0.3001473546028137,-3.0678253173828125
5250.0,0,<250 Hz,2.8571668053700705e-07,-62.45166015625,0.5395461320877075,0.018519330769777298,-27.26201057434082
5250.0,1,250-500 Hz,1.8119193612164963e-07,-64.42962646484375,0.6285771131515503,0.09634606540203094,-12.937835693359375
5250.0,2,500-750 Hz,2.2431540003253758e-07,-63.50242614746094,0.5396060943603516,0.03161691129207611,-22.616127014160156
5250.0,3,750-1000 Hz,1.9279561058738182e-07,-64.16004180908203,0.6275689005851746,0.06981121003627777,-15.73601245880127
5250.0,4,1-1.5 kHz,7.153532806114526e-07,-58.4658088684082,0.6208540201187134,0.09436575323343277,-13.1182279586792
5250.0,5,1.5-2.5 kHz,1.7163536085718079e-06,-54.664947509765625,0.5760217308998108,0.02674073353409767,-24.071048736572266
5250.0,6,2.5-4 kHz,6.216166184458416e-06,-49.07579040527344,0.541061520576477,0.01121413242071867,-31.619203567504883
5250.0,7,>4 kHz,0.4991722106933594,-0.028511518612504005,0.6327303647994995,0.30000266432762146,-3.0720136165618896
5275.0,0,<250 Hz,3.6033148376191093e-07,-61.443992614746094,0.5395461320877075,0.018519535660743713,-27.26191520690918
5275.0,1,250-500 Hz,1.9769422010540438e-07,-64.05107116699219,0.6285771131515503,0.09634608775377274,-12.937833786010742
5275.0,2,500-750 Hz,3.403602875096112e-07,-61.691627502441406,0.5396060943603516,0.031617119908332825,-22.616069793701172
5275.0,3,750-1000 Hz,1.9439474385762878e-07,-64.1241683959961,0.6275689005851746,0.06981121003627777,-15.73601245880127
5275.0,4,1-1.5 kHz,1.014044528346858e-06,-56.95044708251953,0.6208541393280029,0.09436613321304321,-13.118191719055176
5275.0,5,1.5-2.5 kHz,1.6918846768021467e-06,-54.7273063659668,0.5760217308998108,0.026740681380033493,-24.07106590270996
5275.0,6,2.5-4 kHz,6.040721018507611e-06,-49.200130462646484,0.5410614013671875,0.01121344044804573,-31.61973762512207
5275.0,7,>4 kHz,0.4990137815475464,-0.02989012561738491,0.6327037215232849,0.2999379634857178,-3.0738866329193115
5300.0,0,<250 Hz,4.1067767142521916e-07,-60.87600326538086,0.5395461320877075,0.01851966604590416,-27.261852264404297
5300.0,1,250-500 Hz,2.162109637993126e-07,-63.66223907470703,0.6285771131515503,0.09634611755609512,-12.937830924987793
5300.0,2,500-750 Hz,4.270984277354728e-07,-60.70573806762695,0.5396060943603516,0.03161727637052536,-22.616025924682617
5300.0,3,750-1000 Hz,1.880603548443105e-07,-64.2680435180664,0.6275688409805298,0.06981120258569717,-15.736013412475586
5300.0,4,1-1.5 kHz,1.2034950032102643e-06,-56.206573486328125,0.6208542585372925,0.09436637908220291,-13.118170738220215
5300.0,5,1.5-2.5 kHz,1.6587109712418169e-06,-54.81330871582031,0.576021671295166,0.026740605011582375,-24.071090698242188
5300.0,6,2.5-4 kHz,5.7806819313555025e-06,-49.39122772216797,0.5410614013671875,0.011212417855858803,-31.62053108215332
5300.0,7,>4 kHz,0.49908220767974854,-0.029294585809111595,0.6327152252197266,0.2999657690525055,-3.0730819702148438
5325.0,0,<250 Hz,3.943645765502879e-07,-61.05203628540039,0.5395461320877075,0.018519604578614235,-27.261882781982422
5325.0,1,250-500 Hz,2.1511010572794476e-07,-63.68440628051758,0.6285771131515503,0.09634611010551453,-12.93783187866211
5325.0,2,500-750 Hz,4.0000691114983056e-07,-60.99033737182617,0.5396060943603516,0.03161723166704178,-22.616039276123047
5325.0,3,750-1000 Hz,1.8505360799281334e-07,-64.33804321289062,0.6275688409805298,0.06981119513511658,-15.736015319824219
5325.0,4,1-1.5 kHz,1.1073072982981103e-06,-56.56833267211914,0.6208541393280029,0.09436625242233276,-13.118181228637695
5325.0,5,1.5-2.5 kHz,1.6308513295371085e-06,-54.886871337890625,0.576021671295166,0.02674054354429245,-24.07111167907715
5325.0,6,2.5-4 kHz,5.559718829317717e-06,-49.560489654541016,0.541061282157898,0.011211548000574112,-31.621204376220703
5325.0,7,>4 kHz,0.4993555247783661,-0.02691689506173134,0.6327611207962036,0.3000771403312683,-3.069857597351074
5350.0,0,<250 Hz,3.227284253171092e-07,-61.92264175415039,0.5395461320877075,0.018519431352615356,-27.261962890625
5350.0,1,250-500 Hz,1.9549159446796693e-07,-64.09973907470703,0.6285771131515503,0.09634608775377274,-12.937833786010742
5350.0,2,500-750 Hz,2.866412387447781e-07,-62.43762969970703,0.5396060943603516,0.031617023050785065,-22.61609649658203
5350.0,3,750-1000 Hz,1.840970895727878e-07,-64.36054992675781,0.6275688409805298,0.06981119513511658,-15.736015319824219
5350.0,4,1-1.5 kHz,8.144782555064012e-07,-57.9022216796875,0.6208541393280029,0.09436588734388351,-13.118215560913086
5350.0,5,1.5-2.5 kHz,1.6131207303260453e-06,-54.934349060058594,0.576021671295166,0.026740502566099167,-24.071123123168945
5350.0,6,2.5-4 kHz,5.47075251233764e-06,-49.63054656982422,0.541061282157898,0.011211195029318333,-31.621477127075195
5350.0,7,>4 kHz,0.49976471066474915,-0.02335956320166588,0.6328297257423401,0.3002451956272125,-3.0649943351745605
5375.0,0,<250 Hz,2.573383994786127e-07,-62.905967712402344,0.5395460724830627,0.018519267439842224,-27.262039184570312
5375.0,1,250-500 Hz,1.7387060324836057e-07,-64.60875701904297,0.6285771131515503,0.09634605050086975,-12.937837600708008
5375.0,2,500-750 Hz,1.8974688487105595e-07,-64.2292709350586,0.5396060347557068,0.03161684423685074,-22.616146087646484
5375.0,3,750-1000 Hz,1.8387258648999705e-07,-64.3658447265625,0.6275688409805298,0.06981119513511658,-15.736015319824219
5375.0,4,1-1.5 kHz,5.969818630546797e-07,-59.25140380859375,0.6208540201187134,0.09436559677124023,-13.118242263793945
5375.0,5,1.5-2.5 kHz,1.6145377230714075e-06,-54.93053436279297,0.576021671295166,0.026740506291389465,-24.071123123168945
5375.0,6,2.5-4 kHz,5.4486126828123815e-06,-49.648155212402344,0.541061282157898,0.011211104691028595,-31.62154769897461
5375.0,7,>4 kHz,0.5002110600471497,-0.019482702016830444,0.632904589176178,0.30042752623558044,-3.059720993041992
5400.0,0,<250 Hz,2.586498339951504e-07,-62.88389205932617,0.5395460724830627,0.018519271165132523,-27.26203727722168
5400.0,1,250-500 Hz,1.761436010383477e-07,-64.5523452758789,0.6285771131515503,0.09634605050086975,-12.937837600708008
5400.0,2,500-750 Hz,1.940953495704889e-07,-64.13086700439453,0.5396060347557068,0.031616855412721634,-22.61614227294922
5400.0,3,750-1000 Hz,1.8153892256123072e-07,-64.42131805419922,0.6275688409805298,0.06981119513511658,-15.736015319824219
5400.0,4,1-1.5 kHz,6.287710903052357e-07,-59.02608871459961,0.6208540201187134,0.09436564147472382,-13.118237495422363
5400.0,5,1.5-2.5 kHz,1.6019946542655816e-06,-54.96440505981445,0.576021671295166,0.026740478351712227,-24.07113265991211
5400.0,6,2.5-4 kHz,5.4345982789527625e-06,-49.65934371948242,0.541061282157898,0.01121104508638382,-31.621593475341797
5400.0,7,>4 kHz,0.5005897283554077,-0.01619620993733406,0.6329680681228638,0.30058231949806213,-3.0552468299865723
5425.0,0,<250 Hz,3.228477112315886e-07,-61.92103958129883,0.5395461320877075,0.018519435077905655,-27.261960983276367
5425.0,1,250-500 Hz,1.862993883605668e-07,-64.30889892578125,0.6285771131515503,0.09634608030319214,-12.937833786010742
5425.0,2,500-750 Hz,2.9369164167292183e-07,-62.33209991455078,0.5396060943603516,0.03161703422665596,-22.616092681884766
5425.0,3,750-1000 Hz,1.8254546318985376e-07,-64.39730834960938,0.6275688409805298,0.06981119513511658,-15.736015319824219
5425.0,4,1-1.5 kHz,8.920939080780954e-07,-57.50690841674805,0.6208541393280029,0.09436598420143127,-13.118206024169922
5425.0,5,1.5-2.5 kHz,1.6047762301241164e-06,-54.956871032714844,0.576021671295166,0.026740483939647675,-24.071130752563477
5425.0,6,2.5-4 kHz,5.294105903885793e-06,-49.77308654785156,0.541061282157898,0.011210493743419647,-31.622020721435547
5425.0,7,>4 kHz,0.5008140802383423,-0.014250282198190689,0.633005678653717,0.3006742000579834,-3.0525925159454346
5450.0,0,<250 Hz,3.898832403592678e-07,-61.10166931152344,0.5395461320877075,0.018519597128033638,-27.261884689331055
5450.0,1,250-500 Hz,2.0203538042551372e-07,-63.95674133300781,0.6285771131515503,0.09634609520435333,-12.937832832336426
5450.0,2,500-750 Hz,3.958953129767906e-07,-61.035213470458984,0.5396060943603516,0.03161722049117088,-22.61604118347168
5450.0,3,750-1000 Hz,1.8088449849074095e-07,-64.43700408935547,0.6275688409805298,0.06981118768453598,-15.736015319824219
5450.0,4,1-1.5 kHz,1.1453287243057275e-06,-56.421714782714844,0.6208541393280029,0.09436629712581635,-13.11817741394043
5450.0,5,1.5-2.5 kHz,1.6008721104299184e-06,-54.96745300292969,0.576021671295166,0.02674047462642193,-24.07113265991211
5450.0,6,2.5-4 kHz,5.096783297631191e-06,-49.938053131103516,0.5410611629486084,0.011209716089069843,-31.622621536254883
5450.0,7,>4 kHz,0.5008358955383301,-0.014060957357287407,0.6330093145370483,0.30068302154541016,-3.052337169647217
5475.0,0,<250 Hz,3.965683958995214e-07,-61.02783203125,0.5395461320877075,0.018519621342420578,-27.26187515258789
5475.0,1,250-500 Hz,2.089876716127037e-07,-63.809810638427734,0.6285771131515503,0.09634611010551453,-12.93783187866211
5475.0,2,500-750 Hz,4.088276455149753e-07,-60.89561462402344,0.5396060943603516,0.03161724656820297,-22.61603355407715
5475.0,3,750-1000 Hz,1.780092873104877e-07,-64.506591796875,0.6275688409805298,0.06981118023395538,-15.736016273498535
5475.0,4,1-1.5 kHz,1.1393356089683948e-06,-56.444496154785156,0.6208541393280029,0.09436629712581635,-13.11817741394043
5475.0,5,1.5-2.5 kHz,1.5803270798642188e-06,-55.02354431152344,0.576021671295166,0.026740428060293198,-24.071147918701172
5475.0,6,2.5-4 kHz,4.926799192617182e-06,-50.08536911010742,0.5410611033439636,0.011209048330783844,-31.623138427734375
5475.0,7,>4 kHz,0.5006551742553711,-0.015628265216946602,0.6329790353775024,0.30060914158821106,-3.054471969604492
5500.0,0,<250 Hz,3.3572507618373493e-07,-61.75117874145508,0.5395461320877075,0.01851947233080864,-27.261943817138672
5500.0,1,250-500 Hz,1.9498861547617707e-07,-64.11092376708984,0.6285771131515503,0.09634608775377274,-12.937833786010742
5500.0,2,500-750 Hz,3.1982935411178914e-07,-61.961830139160156,0.5396060943603516,0.03161708265542984,-22.616079330444336
5500.0,3,750-1000 Hz,1.756655478857283e-07,-64.56414794921875,0.6275688409805298,0.06981118023395538,-15.736016273498535
5500.0,4,1-1.5 kHz,9.288350497627107e-07,-57.331626892089844,0.6208541393280029,0.09436602890491486,-13.11820125579834
5500.0,5,1.5-2.5 kHz,1.5280486422852846e-06,-55.16964340209961,0.576021671295166,0.026740310713648796,-24.07118797302246
5500.0,6,2.5-4 kHz,4.791713763552252e-06,-50.20610809326172,0.5410610437393188,0.011208515614271164,-31.623554229736328
5500.0,7,>4 kHz,0.5003194808959961,-0.018541259691119194,0.6329227685928345,0.3004719018936157,-3.058438301086426
5525.0,0,<250 Hz,2.648012014105916e-07,-62.78181457519531,0.5395461320877075,0.01851927675306797,-27.262035369873047
5525.0,1,250-500 Hz,1.7204473579113255e-07,-64.65460205078125,0.6285771131515503,0.09634605795145035,-12.937836647033691
5525.0,2,500-750 Hz,2.0615722462480335e-07,-63.86902618408203,0.5396060347557068,0.031616877764463425,-22.61613655090332
5525.0,3,750-1000 Hz,1.902479738191687e-07,-64.21781921386719,0.6275688409805298,0.06981121003627777,-15.73601245880127
5525.0,4,1-1.5 kHz,6.44775013824983e-07,-58.916934967041016,0.6208540201187134,0.09436565637588501,-13.118236541748047
5525.0,5,1.5-2.5 kHz,1.5109776541066822e-06,-55.21843338012695,0.576021671295166,0.026740271598100662,-24.071199417114258
5525.0,6,2.5-4 kHz,4.801163413503673e-06,-50.197547912597656,0.5410610437393188,0.011208551004529,-31.623525619506836
5525.0,7,>4 kHz,0.4999108910560608,-0.022089442238211632,0.6328542232513428,0.3003048300743103,-3.06326961517334
5550.0,0,<250 Hz,2.42680442852361e-07,-63.160667419433594,0.539546012878418,0.018519219011068344,-27.262062072753906
5550.0,1,250-500 Hz,1.7281209352404403e-07,-64.63526916503906,0.6285771131515503,0.09634605795145035,-12.937836647033691
5550.0,2,500-750 Hz,1.779955312031234e-07,-64.50692749023438,0.5396060347557068,0.031616825610399246,-22.61614990234375
5550.0,3,750-1000 Hz,1.7666754104084248e-07,-64.53944396972656,0.6275688409805298,0.06981118023395538,-15.736016273498535
5550.0,4,1-1.5 kHz,5.768745268142084e-07,-59.40019989013672,0.6208540201187134,0.09436557441949844,-13.118244171142578
5550.0,5,1.5-2.5 kHz,1.504870397184277e-06,-55.23602294921875,0.576021671295166,0.026740258559584618,-24.07120132446289
5550.0,6,2.5-4 kHz,4.758505838253768e-06,-50.23631286621094,0.5410610437393188,0.01120838150382042,-31.6236572265625
5550.0,7,>4 kHz,0.4995267987251282,-0.025427527725696564,0.6327898502349854,0.30014774203300476,-3.067814350128174
5575.0,0,<250 Hz,3.130914478788327e-07,-62.05430603027344,0.5395461320877075,0.018519405275583267,-27.261974334716797
5575.0,1,250-500 Hz,1.7334254209799838e-07,-64.62196350097656,0.6285771131515503,0.09634606540203094,-12.937835693359375
5575.0,2,500-750 Hz,2.49304605404177e-07,-63.0437126159668,0.5396060943603516,0.03161695599555969,-22.61611557006836
5575.0,3,750-1000 Hz,1.7643267824496434e-07,-64.54522705078125,0.6275688409805298,0.06981118023395538,-15.736016273498535
5575.0,4,1-1.5 kHz,7.684016054554377e-07,-58.15513229370117,0.6208540797233582,0.09436582773923874,-13.118220329284668
5575.0,5,1.5-2.5 kHz,1.5018149497336708e-06,-55.244850158691406,0.576021671295166,0.02674025297164917,-24.071205139160156
5575.0,6,2.5-4 kHz,4.7191642806865275e-06,-50.27236557006836,0.5410610437393188,0.011208225041627884,-31.623779296875
5575.0,7,>4 kHz,0.49925607442855835,-0.027782000601291656,0.6327444314956665,0.3000370264053345,-3.071018695831299
5600.0,0,<250 Hz,3.6105524259255617e-07,-61.435279846191406,0.5395461320877075,0.018519535660743713,-27.26191520690918
5600.0,1,250-500 Hz,2.0297014202697028e-07,-63.93669509887695,0.6285771131515503,0.09634611010551453,-12.93783187866211
5600.0,2,500-750 Hz,3.5438111467556155e-07,-61.51630783081055,0.5396060943603516,0.03161714971065521,-22.61606216430664
5600.0,3,750-1000 Hz,1.764908006407495e-07,-64.54379272460938,0.6275688409805298,0.06981118768453598,-15.736015319824219
5600.0,4,1-1.5 kHz,1.0389285307610407e-06,-56.84516143798828,0.6208541393280029,0.0943661630153656,-13.118189811706543
5600.0,5,1.5-2.5 kHz,1.4943248061172199e-06,-55.26656723022461,0.576021671295166,0.026740234345197678,-24.071212768554688
5600.0,6,2.5-4 kHz,4.567924406728707e-06,-50.41382598876953,0.5410610437393188,0.011207629926502705,-31.62424087524414
5600.0,7,>4 kHz,0.49915945529937744,-0.028622521087527275,0.6327281594276428,0.299997478723526,-3.0721638202667236
5625.0,0,<250 Hz,3.9171146681837854e-07,-61.08135223388672,0.5395461320877075,0.01851961761713028,-27.26187515258789
5625.0,1,250-500 Hz,2.0237547460055794e-07,-63.94943618774414,0.6285771131515503,0.09634610265493393,-12.93783187866211
5625.0,2,500-750 Hz,4.1181709775628406e-07,-60.86397171020508,0.5396060943603516,0.03161725029349327,-22.61603355407715
5625.0,3,750-1000 Hz,1.79912433395657e-07,-64.46040344238281,0.6275688409805298,0.06981118023395538,-15.736016273498535
5625.0,4,1-1.5 kHz,1.1258047152296058e-06,-56.49638748168945,0.6208541393280029,0.09436628222465515,-13.118179321289062
5625.0,5,1.5-2.5 kHz,1.470753772991884e-06,-55.33561706542969,0.576021671295166,0.0267401821911335,-24.07122802734375
5625.0,6,2.5-4 kHz,4.425327006174484e-06,-50.55156326293945,0.5410609841346741,0.011207071132957935,-31.624671936035156
5625.0,7,>4 kHz,0.49925535917282104,-0.027788251638412476,0.6327442526817322,0.3000366687774658,-3.0710291862487793
5650.0,0,<250 Hz,3.512336661515292e-07,-61.5550537109375,0.5395461320877075,0.01851951703429222,-27.26192283630371
5650.0,1,250-500 Hz,1.9344281554367626e-07,-64.14549255371094,0.6285771131515503,0.09634608775377274,-12.937833786010742
5650.0,2,500-750 Hz,3.442934257691377e-07,-61.641727447509766,0.5396060943603516,0.03161712735891342,-22.616065979003906
5650.0,3,750-1000 Hz,1.7222438941644214e-07,-64.65007019042969,0.6275688409805298,0.06981118023395538,-15.736016273498535
5650.0,4,1-1.5 kHz,9.743317832544562e-07,-57.12394714355469,0.6208541393280029,0.09436608105897903,-13.118196487426758
5650.0,5,1.5-2.5 kHz,1.4439849564951146e-06,-55.41538619995117,0.576021671295166,0.026740122586488724,-24.071247100830078
5650.0,6,2.5-4 kHz,4.314687885198509e-06,-50.661521911621094,0.5410609245300293,0.011206633411347866,-31.62501335144043
5650.0,7,>4 kHz,0.49951714277267456,-0.02551162987947464,0.6327881813049316,0.3001437485218048,-3.067929267883301
5675.0,0,<250 Hz,2.8443321298254887e-07,-62.471214294433594,0.5395461320877075,0.018519319593906403,-27.26201629638672
5675.0,1,250-500 Hz,1.7369285387758282e-07,-64.61319732666016,0.6285771131515503,0.09634605795145035,-12.937836647033691
5675.0,2,500-750 Hz,2.301365213952522e-07,-63.39115905761719,0.5396060347557068,0.03161691874265671,-22.61612319946289
5675.0,3,750-1000 Hz,1.7202060575982614e-07,-64.65521240234375,0.6275688409805298,0.06981118023395538,-15.736016273498535
5675.0,4,1-1.5 kHz,6.800795517847291e-07,-58.68541717529297,0.6208540201187134,0.09436570107936859,-13.118232727050781
5675.0,5,1.5-2.5 kHz,1.4553080518453498e-06,-55.381465911865234,0.576021671295166,0.026740146800875664,-24.071239471435547
5675.0,6,2.5-4 kHz,4.266657924745232e-06,-50.710140228271484,0.5410609245300293,0.01120644249022007,-31.625160217285156
5675.0,7,>4 kHz,0.4998801648616791,-0.022356394678354263,0.6328490972518921,0.3002922236919403,-3.063633918762207
5700.0,0,<250 Hz,2.349042915739119e-07,-63.30210876464844,0.539546012878418,0.018519191071391106,-27.262075424194336
5700.0,1,250-500 Hz,1.599292858145418e-07,-64.97173309326172,0.6285771131515503,0.09634603559970856,-12.93783950805664
5700.0,2,500-750 Hz,1.6295165039537096e-07,-64.89042663574219,0.5396060347557068,0.03161679953336716,-22.61615753173828
5700.0,3,750-1000 Hz,1.7317051970167086e-07,-64.62627410888672,0.6275688409805298,0.06981118023395538,-15.736016273498535
5700.0,4,1-1.5 kHz,5.317893965184339e-07,-59.75361633300781,0.6208539605140686,0.09436551481485367,-13.11824893951416
5700.0,5,1.5-2.5 kHz,1.456295876778313e-06,-55.378517150878906,0.576021671295166,0.026740150526165962,-24.071237564086914
5700.0,6,2.5-4 kHz,4.268028078513453e-06,-50.708740234375,0.5410609245300293,0.011206446215510368,-31.62515640258789
5700.0,7,>4 kHz,0.5002576112747192,-0.019078385084867477,0.6329123973846436,0.3004465699195862,-3.0591702461242676
5725.0,0,<250 Hz,2.5718907181726536e-07,-62.90849304199219,0.5395460724830627,0.018519246950745583,-27.262048721313477
5725.0,1,250-500 Hz,1.6243937750459736e-07,-64.90410614013672,0.6285771131515503,0.09634604305028915,-12.937837600708008
5725.0,2,500-750 Hz,2.0264184286133968e-07,-63.9437255859375,0.5396060347557068,0.031616874039173126,-22.61613655090332
5725.0,3,750-1000 Hz,1.7577937683199707e-07,-64.56134033203125,0.6275688409805298,0.06981118768453598,-15.736015319824219
5725.0,4,1-1.5 kHz,6.386653126355668e-07,-58.958282470703125,0.6208540201187134,0.09436564892530441,-13.118237495422363
5725.0,5,1.5-2.5 kHz,1.4795359675190412e-06,-55.309757232666016,0.576021671295166,0.02674020081758499,-24.07122039794922
5725.0,6,2.5-4 kHz,4.217356490698876e-06,-50.76061248779297,0.5410609245300293,0.0112062469124794,-31.62531089782715
5725.0,7,>4 kHz,0.500560998916626,-0.01644538901746273,0.632963240146637,0.30057060718536377,-3.0555853843688965
5750.0,0,<250 Hz,3.2645027658873005e-07,-61.87284469604492,0.5395461320877075,0.01851944625377655,-27.26195526123047
5750.0,1,250-500 Hz,1.7949307107301138e-07,-64.47053527832031,0.6285771131515503,0.09634607285261154,-12.937835693359375
5750.0,2,500-750 Hz,3.0874184631102253e-07,-62.11505889892578,0.5396060943603516,0.03161706030368805,-22.616085052490234
5750.0,3,750-1000 Hz,1.773033204699459e-07,-64.52384185791016,0.6275688409805298,0.06981118023395538,-15.736016273498535
5750.0,4,1-1.5 kHz,8.989918569568545e-07,-57.47345733642578,0.6208541393280029,0.09436599165201187,-13.118205070495605
5750.0,5,1.5-2.5 kHz,1.4436723176913802e-06,-55.41633224487305,0.576021671295166,0.026740122586488724,-24.071247100830078
5750.0,6,2.5-4 kHz,4.162074219493661e-06,-50.81791687011719,0.5410608649253845,0.011206028051674366,-31.62548065185547
5750.0,7,>4 kHz,0.5007210373878479,-0.015057018026709557,0.6329900622367859,0.30063605308532715,-3.053694725036621
5775.0,0,<250 Hz,3.7588995382975554e-07,-61.26041030883789,0.5395461320877075,0.018519574776291847,-27.26189613342285
5775.0,1,250-500 Hz,1.9488457780880708e-07,-64.11324310302734,0.6285771131515503,0.09634608775377274,-12.937833786010742
5775.0,2,500-750 Hz,3.857798560602532e-07,-61.14761734008789,0.5396060943603516,0.03161720186471939,-22.616046905517578
5775.0,3,750-1000 Hz,1.782190395260841e-07,-64.50148010253906,0.6275688409805298,0.06981118023395538,-15.736016273498535
5775.0,4,1-1.5 kHz,1.093395439966116e-06,-56.62324523925781,0.6208541393280029,0.09436623752117157,-13.118182182312012
5775.0,5,1.5-2.5 kHz,1.406313231200329e-06,-55.53019714355469,0.576021671295166,0.02674003876745701,-24.071273803710938
5775.0,6,2.5-4 kHz,4.032431661471492e-06,-50.955345153808594,0.5410608649253845,0.0112055204808712,-31.625873565673828
5775.0,7,>4 kHz,0.5007033944129944,-0.015210017561912537,0.6329871416091919,0.3006288409233093,-3.053903102874756
5800.0,0,<250 Hz,3.600480340537615e-07,-61.447410583496094,0.5395461320877075,0.018519528210163116,-27.261917114257812
5800.0,1,250-500 Hz,1.936321609719016e-07,-64.14124298095703,0.6285771131515503,0.09634608775377274,-12.937833786010742
5800.0,2,500-750 Hz,3.649222435342381e-07,-61.38901138305664,0.5396060943603516,0.031617168337106705,-22.616058349609375
5800.0,3,750-1000 Hz,1.8732117723629926e-07,-64.28514099121094,0.6275688409805298,0.06981119513511658,-15.736015319824219
5800.0,4,1-1.5 kHz,9.834164984567906e-07,-57.083641052246094,0.6208541393280029,0.09436608850955963,-13.118196487426758
5800.0,5,1.5-2.5 kHz,1.404244812874822e-06,-55.536582946777344,0.576021671295166,0.02674003317952156,-24.07127571105957
5800.0,6,2.5-4 kHz,3.929691501980415e-06,-51.06742858886719,0.5410608053207397,0.011205115355551243,-31.626188278198242
5800.0,7,>4 kHz,0.5005158185958862,-0.016837509348988533,0.6329556703567505,0.3005521297454834,-3.056119680404663
5825.0,0,<250 Hz,2.96541259103833e-07,-62.2901611328125,0.5395461320877075,0.01851935312151909,-27.261999130249023
5825.0,1,250-500 Hz,1.8450579375439702e-07,-64.35091400146484,0.6285771131515503,0.09634608030319214,-12.937833786010742
5825.0,2,500-750 Hz,2.664176577127364e-07,-62.75538635253906,0.5396060943603516,0.03161698579788208,-22.616104125976562
5825.0,3,750-1000 Hz,1.7783450800834544e-07,-64.51085662841797,0.6275688409805298,0.06981118023395538,-15.736016273498535
5825.0,4,1-1.5 kHz,7.292333066288847e-07,-58.382347106933594,0.6208540201187134,0.09436576813459396,-13.11822509765625
5825.0,5,1.5-2.5 kHz,1.3758519799011992e-06,-55.625301361083984,0.576021671295166,0.026739969849586487,-24.07129669189453
5825.0,6,2.5-4 kHz,3.861264758597827e-06,-51.14371871948242,0.5410608053207397,0.011204847134649754,-31.62639617919922
5825.0,7,>4 kHz,0.500205934047699,-0.019527167081832886,0.6329036951065063,0.3004254400730133,-3.059781551361084
5850.0,0,<250 Hz,2.5406288273188693e-07,-62.96160125732422,0.5395460724830627,0.018519239500164986,-27.262054443359375
5850.0,1,250-500 Hz,1.5754645232846087e-07,-65.03693389892578,0.6285771131515503,0.09634603559970856,-12.93783950805664
5850.0,2,500-750 Hz,1.704039220840059e-07,-64.69622039794922,0.5396060347557068,0.03161681443452835,-22.616153717041016
5850.0,3,750-1000 Hz,1.800511597593868e-07,-64.4570541381836,0.6275688409805298,0.06981118768453598,-15.736015319824219
5850.0,4,1-1.5 kHz,5.174109105610114e-07,-59.87266159057617,0.6208539605140686,0.09436549991369247,-13.118249893188477
5850.0,5,1.5-2.5 kHz,1.3804224181512836e-06,-55.61089324951172,0.576021671295166,0.026739981025457382,-24.071292877197266
5850.0,6,2.5-4 kHz,3.846740582957864e-06,-51.16008758544922,0.5410608053207397,0.011204787530004978,-31.62644386291504
5850.0,7,>4 kHz,0.49984869360923767,-0.022629868239164352,0.6328437924385071,0.30027928948402405,-3.0640082359313965
5875.0,0,<250 Hz,2.407369947832194e-07,-63.195587158203125,0.539546012878418,0.018519222736358643,-27.262060165405273
5875.0,1,250-500 Hz,1.6236410260717093e-07,-64.90611267089844,0.6285771131515503,0.09634604305028915,-12.937837600708008
5875.0,2,500-750 Hz,1.8022493009084428e-07,-64.45286560058594,0.5396060347557068,0.031616829335689545,-22.616147994995117
5875.0,3,750-1000 Hz,1.8364039533480536e-07,-64.37133026123047,0.6275688409805298,0.06981119513511658,-15.736015319824219
5875.0,4,1-1.5 kHz,5.436411925074935e-07,-59.657894134521484,0.6208539605140686,0.09436552226543427,-13.11824893951416
5875.0,5,1.5-2.5 kHz,1.3663395748153562e-06,-55.655426025390625,0.576021671295166,0.026739947497844696,-24.071304321289062
5875.0,6,2.5-4 kHz,3.827196451311465e-06,-51.18220901489258,0.5410608053207397,0.011204710230231285,-31.626502990722656
5875.0,7,>4 kHz,0.4995284378528595,-0.025413205847144127,0.6327900886535645,0.3001483380794525,-3.067796468734741
5900.0,0,<250 Hz,3.0309780640891404e-07,-62.195186614990234,0.5395461320877075,0.018519369885325432,-27.261991500854492
5900.0,1,250-500 Hz,1.6875370079105778e-07,-64.73847961425781,0.6285771131515503,0.09634605050086975,-12.937837600708008
5900.0,2,500-750 Hz,2.634753570873727e-07,-62.80361557006836,0.5396060943603516,0.03161698579788208,-22.616104125976562
5900.0,3,750-1000 Hz,1.9210901314181683e-07,-64.175537109375,0.6275688409805298,0.06981121003627777,-15.73601245880127
5900.0,4,1-1.5 kHz,7.855988997107488e-07,-58.05900573730469,0.6208540797233582,0.09436584264039993,-13.118219375610352
5900.0,5,1.5-2.5 kHz,1.360442638542736e-06,-55.67421340942383,0.576021671295166,0.02673993445932865,-24.07131004333496
5900.0,6,2.5-4 kHz,3.790121354541043e-06,-51.224483489990234,0.5410608053207397,0.01120456401258707,-31.626615524291992
5900.0,7,>4 kHz,0.49931952357292175,-0.02722999081015587,0.6327550411224365,0.300062894821167,-3.070269823074341
5925.0,0,<250 Hz,3.55604441892865e-07,-61.501346588134766,0.5395461320877075,0.018519515171647072,-27.261924743652344
5925.0,1,250-500 Hz,1.8846462523924856e-07,-64.25872039794922,0.6285771131515503,0.09634608030319214,-12.937833786010742
5925.0,2,500-750 Hz,3.58938677891274e-07,-61.4608154296875,0.5396060943603516,0.03161715343594551,-22.616060256958008
5925.0,3,750-1000 Hz,1.8444018223817693e-07,-64.35246276855469,0.6275688409805298,0.06981119513511658,-15.736015319824219
5925.0,4,1-1.5 kHz,1.014786562336667e-06,-56.947269439697266,0.6208541393280029,0.09436613321304321,-13.118191719055176
5925.0,5,1.5-2.5 kHz,1.3482604117598385e-06,-55.71327590942383,0.576021671295166,0.026739906519651413,-24.071319580078125
5925.0,6,2.5-4 kHz,3.7089798752276693e-06,-51.3184700012207,0.5410606861114502,0.011204244568943977,-31.626863479614258
5925.0,7,>4 kHz,0.4992685914039612,-0.027673102915287018,0.6327465176582336,0.300042062997818,-3.0708727836608887
5950.0,0,<250 Hz,3.642727506303345e-07,-61.39674758911133,0.5395461320877075,0.018519554287195206,-27.261905670166016
5950.0,1,250-500 Hz,1.9067086043378367e-07,-64.20817565917969,0.6285771131515503,0.09634608030319214,-12.937833786010742
5950.0,2,500-750 Hz,3.8024492710064806e-07,-61.21038055419922,0.5396060943603516,0.031617194414138794,-22.616050720214844
5950.0,3,750-1000 Hz,1.8061805917568563e-07,-64.44340515136719,0.6275688409805298,0.06981118768453598,-15.736015319824219
5950.0,4,1-1.5 kHz,1.0044055898106308e-06,-56.99192428588867,0.6208541393280029,0.09436611831188202,-13.118192672729492
5950.0,5,1.5-2.5 kHz,1.3618373486679047e-06,-55.66976547241211,0.576021671295166,0.02673993818461895,-24.071308135986328
5950.0,6,2.5-4 kHz,3.595698672143044e-06,-51.45317840576172,0.5410606861114502,0.011203798465430737,-31.627208709716797
5950.0,7,>4 kHz,0.49938467144966125,-0.026663465425372124,0.6327660083770752,0.3000895380973816,-3.0694985389709473
5975.0,0,<250 Hz,3.1144438139563135e-07,-62.077213287353516,0.5395461320877075,0.018519390374422073,-27.261981964111328
5975.0,1,250-500 Hz,1.7793828988033056e-07,-64.5083236694336,0.6285771131515503,0.09634606540203094,-12.937835693359375
5975.0,2,500-750 Hz,2.940853676136612e-07,-62.3262825012207,0.5396060943603516,0.03161703422665596,-22.616092681884766
5975.0,3,750-1000 Hz,1.773561280060676e-07,-64.52255249023438,0.6275688409805298,0.06981118768453598,-15.736015319824219
5975.0,4,1-1.5 kHz,7.976705092005432e-07,-57.99277877807617,0.6208540797233582,0.09436585754156113,-13.118217468261719
5975.0,5,1.5-2.5 kHz,1.3420777804640238e-06,-55.733238220214844,0.576021671295166,0.02673989348113537,-24.071321487426758
5975.0,6,2.5-4 kHz,3.532624987201416e-06,-51.5300407409668,0.5410606861114502,0.011203551664948463,-31.627403259277344
5975.0,7,>4 kHz,0.499637633562088,-0.024463970214128494,0.6328084468841553,0.3001929819583893,-3.06650447845459
6000.0,0,<250 Hz,2.515086805487954e-07,-63.00548553466797,0.5395460724830627,0.01851925067603588,-27.262048721313477
6000.0,1,250-500 Hz,1.6372518985008355e-07,-64.86985778808594,0.6285771131515503,0.09634605050086975,-12.937837600708008
6000.0,2,500-750 Hz,1.9488463465222594e-07,-64.11324310302734,0.5396060347557068,0.031616855412721634,-22.61614227294922
6000.0,3,750-1000 Hz,1.7116889239332522e-07,-64.67676544189453,0.6275688409805298,0.06981118023395538,-15.736016273498535
6000.0,4,1-1.5 kHz,5.476796332004596e-07,-59.62574768066406,0.6208539605140686,0.09436553716659546,-13.118247985839844
6000.0,5,1.5-2.5 kHz,1.3065308621662552e-06,-55.84981918334961,0.5760216116905212,0.026739811524748802,-24.07135009765625
6000.0,6,2.5-4 kHz,3.543196271493798e-06,-51.51706314086914,0.5410606861114502,0.011203590780496597,-31.627370834350586
6000.0,7,>4 kHz,0.4999658465385437,-0.02161203697323799,0.6328634023666382,0.3003613352775574,-3.0616350173950195
6025.0,0,<250 Hz,2.2215692752070026e-07,-63.54441833496094,0.539546012878418,0.01851915568113327,-27.26209259033203
6025.0,1,250-500 Hz,1.527023272274164e-07,-65.17256164550781,0.6285771131515503,0.09634602814912796,-12.93783950805664
6025.0,2,500-750 Hz,1.6416407788710785e-07,-64.85823822021484,0.5396060347557068,0.031616803258657455,-22.61615562438965
6025.0,3,750-1000 Hz,1.6908066413634515e-07,-64.7300796508789,0.6275688409805298,0.06981117278337479,-15.736017227172852
6025.0,4,1-1.5 kHz,4.982784389540029e-07,-60.03629684448242,0.6208539605140686,0.09436547756195068,-13.118252754211426
6025.0,5,1.5-2.5 kHz,1.3173344086681027e-06,-55.814056396484375,0.576021671295166,0.026739835739135742,-24.071340560913086
6025.0,6,2.5-4 kHz,3.5269576983409934e-06,-51.53701400756836,0.5410606861114502,0.011203527450561523,-31.627418518066406
6025.0,7,>4 kHz,0.5002913475036621,-0.018785635009407997,0.6329180598258972,0.3004603087902069,-3.0587732791900635
6050.0,0,<250 Hz,2.6859476065510535e-07,-62.72003936767578,0.5395460724830627,0.018519293516874313,-27.262027740478516
6050.0,1,250-500 Hz,1.6296712601615582e-07,-64.8900146484375,0.6285771131515503,0.09634605050086975,-12.937837600708008
6050.0,2,500-750 Hz,2.3334499132943165e-07,-63.331031799316406,0.5396060347557068,0.031616926193237305,-22.616121292114258
6050.0,3,750-1000 Hz,1.663539990204299e-07,-64.8006820678711,0.6275688409805298,0.06981116533279419,-15.736017227172852
6050.0,4,1-1.5 kHz,6.6601575099412e-07,-58.77616882324219,0.6208540201187134,0.0943656861782074,-13.118233680725098
6050.0,5,1.5-2.5 kHz,1.318654994975077e-06,-55.8097038269043,0.576021671295166,0.02673984132707119,-24.071338653564453
6050.0,6,2.5-4 kHz,3.484472244963399e-06,-51.58964538574219,0.5410606861114502,0.011203358881175518,-31.62755012512207
6050.0,7,>4 kHz,0.5005381107330322,-0.016643913462758064,0.6329594254493713,0.30056118965148926,-3.0558576583862305
6075.0,0,<250 Hz,3.296088095794403e-07,-61.831024169921875,0.5395461320877075,0.018519455567002296,-27.261951446533203
6075.0,1,250-500 Hz,1.7684996578282153e-07,-64.53496551513672,0.6285771131515503,0.09634606540203094,-12.937835693359375
6075.0,2,500-750 Hz,3.3852424508040713e-07,-61.715118408203125,0.5396060943603516,0.031617119908332825,-22.616069793701172
6075.0,3,750-1000 Hz,1.6306248085129482e-07,-64.8874740600586,0.6275688409805298,0.06981116533279419,-15.736017227172852
6075.0,4,1-1.5 kHz,9.116424166677461e-07,-57.41277313232422,0.6208541393280029,0.09436600655317307,-13.118204116821289
6075.0,5,1.5-2.5 kHz,1.322417801929987e-06,-55.79732894897461,0.576021671295166,0.026739848777651787,-24.071334838867188
6075.0,6,2.5-4 kHz,3.428299351071473e-06,-51.66022872924805,0.5410606265068054,0.011203138157725334,-31.627721786499023
6075.0,7,>4 kHz,0.5006495118141174,-0.015677625313401222,0.632978081703186,0.30060669779777527,-3.0545425415039062
6100.0,0,<250 Hz,3.5794755604001693e-07,-61.47282028198242,0.5395461320877075,0.018519509583711624,-27.261926651000977
6100.0,1,250-500 Hz,1.8513736677050474e-07,-64.33607482910156,0.6285771131515503,0.09634608030319214,-12.937833786010742
6100.0,2,500-750 Hz,3.9289682263188297e-07,-61.06822967529297,0.5396060943603516,0.031617216765880585,-22.616043090820312
6100.0,3,750-1000 Hz,1.6707794259218645e-07,-64.78182220458984,0.6275688409805298,0.06981117278337479,-15.736017227172852
6100.0,4,1-1.5 kHz,1.000920406113437e-06,-57.007022857666016,0.6208541393280029,0.09436611831188202,-13.118192672729492
6100.0,5,1.5-2.5 kHz,1.297086328122532e-06,-55.88132858276367,0.5760216116905212,0.02673979103565216,-24.071353912353516
6100.0,6,2.5-4 kHz,3.3241312848986126e-06,-51.79423522949219,0.5410606265068054,0.011202729307115078,-31.62803840637207
6100.0,7,>4 kHz,0.5006018877029419,-0.016090720891952515,0.6329700946807861,0.3005872368812561,-3.0551047325134277
6125.0,0,<250 Hz,3.2388248882853077e-07,-61.90713882446289,0.5395461320877075,0.018519442528486252,-27.261959075927734
6125.0,1,250-500 Hz,1.786886087984385e-07,-64.49004364013672,0.6285771131515503,0.09634606540203094,-12.937835693359375
6125.0,2,500-750 Hz,3.359204470143595e-07,-61.748653411865234,0.5396060943603516,0.031617116183042526,-22.616069793701172
6125.0,3,750-1000 Hz,1.5821017029793438e-07,-65.0186767578125,0.6275688409805298,0.069811150431633,-15.736019134521484
6125.0,4,1-1.5 kHz,8.546639946871437e-07,-57.69306182861328,0.6208541393280029,0.0943659245967865,-13.11821174621582
6125.0,5,1.5-2.5 kHz,1.2876187156507513e-06,-55.913143157958984,0.576021671295166,0.02673977240920067,-24.071361541748047
6125.0,6,2.5-4 kHz,3.2806492527015507e-06,-51.851417541503906,0.5410605669021606,0.011202558875083923,-31.628170013427734
6125.0,7,>4 kHz,0.5004090070724487,-0.017764287069439888,0.6329377889633179,0.3005083501338959,-3.057384967803955
6150.0,0,<250 Hz,2.592999805983709e-07,-62.87299346923828,0.5395460724830627,0.018519259989261627,-27.262042999267578
6150.0,1,250-500 Hz,1.6226822197040747e-07,-64.90868377685547,0.6285771131515503,0.09634604305028915,-12.937837600708008
6150.0,2,500-750 Hz,2.330159816210653e-07,-63.337158203125,0.5396060347557068,0.031616926193237305,-22.616121292114258
6150.0,3,750-1000 Hz,1.5586996937599906e-07,-65.08338928222656,0.6275688409805298,0.06981115788221359,-15.736019134521484
6150.0,4,1-1.5 kHz,6.259035103539645e-07,-59.04594039916992,0.6208540201187134,0.09436564147472382,-13.118237495422363
6150.0,5,1.5-2.5 kHz,1.270249526896805e-06,-55.97212219238281,0.5760215520858765,0.026739731431007385,-24.071372985839844
6150.0,6,2.5-4 kHz,3.244886329412111e-06,-51.899017333984375,0.5410605669021606,0.011202417314052582,-31.628280639648438
6150.0,7,>4 kHz,0.5001184940338135,-0.020286250859498978,0.6328890323638916,0.3003895878791809,-3.0608181953430176
6175.0,0,<250 Hz,2.1798760485580715e-07,-63.62670135498047,0.539546012878418,0.018519148230552673,-27.262096405029297
6175.0,1,250-500 Hz,1.497691215490704e-07,-65.25679016113281,0.6285771131515503,0.09634602814912796,-12.93783950805664
6175.0,2,500-750 Hz,1.7134814811470278e-07,-64.67222595214844,0.5396060347557068,0.03161681443452835,-22.616153717041016
6175.0,3,750-1000 Hz,1.5622256910319265e-07,-65.07357788085938,0.6275688409805298,0.069811150431633,-15.736019134521484
6175.0,4,1-1.5 kHz,4.674478191191156e-07,-60.313682556152344,0.6208539605140686,0.0943654328584671,-13.118256568908691
6175.0,5,1.5-2.5 kHz,1.2568814327096334e-06,-56.018070220947266,0.5760215520858765,0.02673969976603985,-24.071386337280273
6175.0,6,2.5-4 kHz,3.2684204143151874e-06,-51.867637634277344,0.5410605669021606,0.011202509514987469,-31.62820816040039
6175.0,7,>4 kHz,0.4998001158237457,-0.023051951080560684,0.6328356862068176,0.30025938153266907,-3.0645837783813477
6200.0,0,<250 Hz,2.39988196426566e-07,-63.2091178894043,0.5395460724830627,0.018519211560487747,-27.262065887451172
6200.0,1,250-500 Hz,1.5280744491974474e-07,-65.16957092285156,0.6285771131515503,0.09634602069854736,-12.937840461730957
6200.0,2,500-750 Hz,2.0664829492034187e-07,-63.85869598388672,0.5396060347557068,0.031616877764463425,-22.61613655090332
6200.0,3,750-1000 Hz,1.5835786371098948e-07,-65.01461791992188,0.6275688409805298,0.06981115788221359,-15.736019134521484
6200.0,4,1-1.5 kHz,5.715826318919426e-07,-59.44022750854492,0.6208539605140686,0.09436556696891785,-13.118244171142578
6200.0,5,1.5-2.5 kHz,1.2926519730172004e-06,-55.896202087402344,0.5760216116905212,0.026739779859781265,-24.071359634399414
6200.0,6,2.5-4 kHz,3.2239158826996572e-06,-51.927181243896484,0.5410605669021606,0.011202334426343441,-31.62834358215332
6200.0,7,>4 kHz,0.4995288848876953,-0.02540930174291134,0.632790207862854,0.30014845728874207,-3.067793607711792
6225.0,0,<250 Hz,3.060102358176664e-07,-62.153656005859375,0.5395461320877075,0.018519388511776924,-27.261981964111328
6225.0,1,250-500 Hz,1.698725782262045e-07,-64.70978546142578,0.6285771131515503,0.09634605050086975,-12.937837600708008
6225.0,2,500-750 Hz,3.009133138220932e-07,-62.226600646972656,0.5396060943603516,0.03161705285310745,-22.6160888671875
6225.0,3,750-1000 Hz,1.5548152987321373e-07,-65.09423065185547,0.6275688409805298,0.069811150431633,-15.736019134521484
6225.0,4,1-1.5 kHz,8.074099469013163e-07,-57.94007110595703,0.6208540797233582,0.09436586499214172,-13.118217468261719
6225.0,5,1.5-2.5 kHz,1.2666585007536924e-06,-55.98442077636719,0.5760215520858765,0.02673972211778164,-24.071378707885742
6225.0,6,2.5-4 kHz,3.193412794644246e-06,-51.96846389770508,0.5410605669021606,0.011202214285731316,-31.628437042236328
6225.0,7,>4 kHz,0.4993676543235779,-0.026811406016349792,0.632763147354126,0.3000825047492981,-3.0697021484375
6250.0,0,<250 Hz,3.5019331789953867e-07,-61.567935943603516,0.5395461320877075,0.018519509583711624,-27.261926651000977
6250.0,1,250-500 Hz,1.8639806853570917e-07,-64.30660247802734,0.6285771131515503,0.09634608030319214,-12.937833786010742
6250.0,2,500-750 Hz,3.692725272230746e-07,-61.337547302246094,0.5396060943603516,0.031617172062397,-22.61605453491211
6250.0,3,750-1000 Hz,1.55549827240975e-07,-65.09232330322266,0.6275688409805298,0.069811150431633,-15.736019134521484
6250.0,4,1-1.5 kHz,9.701748240331654e-07,-57.14251708984375,0.6208541393280029,0.09436607360839844,-13.11819839477539
6250.0,5,1.5-2.5 kHz,1.2726309250865597e-06,-55.963993072509766,0.5760216116905212,0.026739737018942833,-24.071372985839844
6250.0,6,2.5-4 kHz,3.127346417386434e-06,-52.05925369262695,0.5410605669021606,0.011201955378055573,-31.628639221191406
6250.0,7,>4 kHz,0.499352365732193,-0.026944244280457497,0.6327605247497559,0.3000762462615967,-3.069883346557617
6275.0,0,<250 Hz,3.374748303031083e-07,-61.728599548339844,0.5395461320877075,0.018519457429647446,-27.261951446533203
6275.0,1,250-500 Hz,1.8692939818265586e-07,-64.29423522949219,0.6285771131515503,0.09634608030319214,-12.937833786010742
6275.0,2,500-750 Hz,3.4673581694733e-07,-61.611026763916016,0.5396060943603516,0.03161713480949402,-22.616064071655273
6275.0,3,750-1000 Hz,1.5422301657963544e-07,-65.12952423095703,0.6275688409805298,0.069811150431633,-15.736019134521484
6275.0,4,1-1.5 kHz,9.03497323179181e-07,-57.45174789428711,0.6208541393280029,0.09436599910259247,-13.118205070495605
6275.0,5,1.5-2.5 kHz,1.2509450471043237e-06,-56.038631439208984,0.5760215520858765,0.026739686727523804,-24.07139015197754
6275.0,6,2.5-4 kHz,3.0683368095196784e-06,-52.14198684692383,0.5410605669021606,0.011201722547411919,-31.62881851196289
6275.0,7,>4 kHz,0.499484658241272,-0.025793898850679398,0.6327826976776123,0.30013030767440796,-3.0683183670043945
6300.0,0,<250 Hz,2.7396183099881455e-07,-62.634117126464844,0.5395460724830627,0.018519308418035507,-27.262020111083984
6300.0,1,250-500 Hz,1.736863737278327e-07,-64.61335754394531,0.6285771131515503,0.09634606540203094,-12.937835693359375
6300.0,2,500-750 Hz,2.5085006427616463e-07,-63.01687240600586,0.5396060347557068,0.03161695599555969,-22.61611557006836
6300.0,3,750-1000 Hz,1.5338949310716998e-07,-65.15306091308594,0.6275688409805298,0.069811150431633,-15.736019134521484
6300.0,4,1-1.5 kHz,6.676128805338521e-07,-58.765769958496094,0.6208540201187134,0.0943656861782074,-13.118233680725098
6300.0,5,1.5-2.5 kHz,1.2208870430185925e-06,-56.14426040649414,0.5760215520858765,0.02673961967229843,-24.0714111328125
6300.0,6,2.5-4 kHz,3.042535809072433e-06,-52.17865753173828,0.5410605669021606,0.011201620101928711,-31.62889862060547
6300.0,7,>4 kHz,0.4997313320636749,-0.023649759590625763,0.6328241229057312,0.3002311885356903,-3.065399169921875
6325.0,0,<250 Hz,2.1998643262577389e-07,-63.58705520629883,0.539546012878418,0.018519166857004166,-27.262086868286133
6325.0,1,250-500 Hz,1.6127486901496013e-07,-64.93534851074219,0.6285771131515503,0.09634604305028915,-12.937837600708008
6325.0,2,500-750 Hz,1.6759224763518432e-07,-64.76847839355469,0.5396060347557068,0.03161681070923805,-22.61615562438965
6325.0,3,750-1000 Hz,1.5162990507633367e-07,-65.20316314697266,0.6275688409805298,0.069811150431633,-15.736019134521484
6325.0,4,1-1.5 kHz,4.718705781669996e-07,-60.27278518676758,0.6208539605140686,0.0943654328584671,-13.118256568908691
6325.0,5,1.5-2.5 kHz,1.2336656709521776e-06,-56.09904479980469,0.5760215520858765,0.02673964947462082,-24.071399688720703
6325.0,6,2.5-4 kHz,3.0052010515646543e-06,-52.23228073120117,0.5410605072975159,0.011201472952961922,-31.629013061523438
6325.0,7,>4 kHz,0.5000330209732056,-0.021028557792305946,0.6328747272491455,0.30035457015037537,-3.061830997467041
6350.0,0,<250 Hz,2.2161707136092446e-07,-63.55498504638672,0.539546012878418,0.01851915940642357,-27.262088775634766
6350.0,1,250-500 Hz,1.6457317997264909e-07,-64.84742736816406,0.6285771131515503,0.09634605050086975,-12.937837600708008
6350.0,2,500-750 Hz,1.6391074098009994e-07,-64.86494445800781,0.5396060347557068,0.03161679953336716,-22.61615753173828
6350.0,3,750-1000 Hz,1.533547333565366e-07,-65.15404510498047,0.6275688409805298,0.069811150431633,-15.736019134521484
6350.0,4,1-1.5 kHz,4.920092351312633e-07,-60.09128189086914,0.6208539605140686,0.09436546266078949,-13.118253707885742
6350.0,5,1.5-2.5 kHz,1.2181847068859497e-06,-56.15388488769531,0.5760215520858765,0.026739612221717834,-24.071414947509766
6350.0,6,2.5-4 kHz,3.0640237582701957e-06,-52.148094177246094,0.5410605669021606,0.011201703920960426,-31.628833770751953
6350.0,7,>4 kHz,0.5003182888031006,-0.01855165883898735,0.6329225301742554,0.3004711866378784,-3.0584592819213867
6375.0,0,<250 Hz,2.798748823806818e-07,-62.54137420654297,0.5395460724830627,0.018519314005970955,-27.26201820373535
6375.0,1,250-500 Hz,1.7807269614422694e-07,-64.50504302978516,0.6285771131515503,0.09634606540203094,-12.937835693359375
6375.0,2,500-750 Hz,2.461369490447396e-07,-63.099246978759766,0.5396060347557068,0.031616948544979095,-22.616117477416992
6375.0,3,750-1000 Hz,1.532994957642586e-07,-65.15560913085938,0.6275688409805298,0.069811150431633,-15.736019134521484
6375.0,4,1-1.5 kHz,7.06814716977533e-07,-58.51795959472656,0.6208540201187134,0.09436574578285217,-13.1182279586792
6375.0,5,1.5-2.5 kHz,1.222083028551424e-06,-56.14000701904297,0.5760215520858765,0.02673962339758873,-24.071409225463867
6375.0,6,2.5-4 kHz,3.005279950230033e-06,-52.2321662902832,0.5410605072975159,0.011201472952961922,-31.629013061523438
6375.0,7,>4 kHz,0.5005205869674683,-0.0167959313839674,0.6329564452171326,0.30055391788482666,-3.056068181991577
6400.0,0,<250 Hz,3.363740006534499e-07,-61.74279022216797,0.5395461320877075,0.018519477918744087,-27.26194190979004
6400.0,1,250-500 Hz,1.9454664368367958e-07,-64.12078094482422,0.6285771131515503,0.09634608030319214,-12.937833786010742
6400.0,2,500-750 Hz,3.389648099982878e-07,-61.70947265625,0.5396060943603516,0.03161712363362312,-22.616069793701172
6400.0,3,750-1000 Hz,1.5257381846822682e-07,-65.17621612548828,0.6275688409805298,0.069811150431633,-15.736019134521484
6400.0,4,1-1.5 kHz,9.056891485670349e-07,-57.44122314453125,0.6208541393280029,0.09436599910259247,-13.118205070495605
6400.0,5,1.5-2.5 kHz,1.215416205013753e-06,-56.16376495361328,0.5760215520858765,0.026739606633782387,-24.071414947509766
6400.0,6,2.5-4 kHz,2.9902007554483134e-06,-52.25401306152344,0.5410605072975159,0.011201413348317146,-31.629058837890625
6400.0,7,>4 kHz,0.500593364238739,-0.016164511442184448,0.6329686641693115,0.3005748391151428,-3.0554630756378174
6425.0,0,<250 Hz,3.4419167604937684e-07,-61.64301300048828,0.5395461320877075,0.01851949281990528,-27.261934280395508
6425.0,1,250-500 Hz,1.9848295096380753e-07,-64.03378295898438,0.6285771131515503,0.09634609520435333,-12.937832832336426
6425.0,2,500-750 Hz,3.4676426707846986e-07,-61.61067199707031,0.5396060943603516,0.03161713480949402,-22.616064071655273
6425.0,3,750-1000 Hz,1.5432405575666053e-07,-65.12667846679688,0.6275688409805298,0.069811150431633,-15.736019134521484
6425.0,4,1-1.5 kHz,9.347288028038747e-07,-57.30415725708008,0.6208541393280029,0.09436602890491486,-13.11820125579834
6425.0,5,1.5-2.5 kHz,1.2082336979801767e-06,-56.18950653076172,0.5760215520858765,0.026739591732621193,-24.071422576904297
6425.0,6,2.5-4 kHz,2.870106982300058e-06,-52.432037353515625,0.5410604476928711,0.011200941167771816,-31.629426956176758
6425.0,7,>4 kHz,0.5005215406417847,-0.016787875443696976,0.6329566240310669,0.3005542457103729,-3.056058645248413
6450.0,0,<250 Hz,2.9223355113572325e-07,-62.35371398925781,0.5395461320877075,0.018519343808293343,-27.26200294494629
6450.0,1,250-500 Hz,1.8687153158225556e-07,-64.29558563232422,0.6285771131515503,0.09634608030319214,-12.937833786010742
6450.0,2,500-750 Hz,2.71529728479436e-07,-62.67284393310547,0.5396060943603516,0.031616996973752975,-22.61610221862793
6450.0,3,750-1000 Hz,1.5131530517464853e-07,-65.21218872070312,0.6275688409805298,0.069811150431633,-15.736019134521484
6450.0,4,1-1.5 kHz,7.317237873394333e-07,-58.3675422668457,0.6208540201187134,0.09436577558517456,-13.11822509765625
6450.0,5,1.5-2.5 kHz,1.2263752751096035e-06,-56.12478256225586,0.5760215520858765,0.026739630848169327,-24.071407318115234
6450.0,6,2.5-4 kHz,2.8418423880793853e-06,-52.475013732910156,0.5410604476928711,0.011200831271708012,-31.62950897216797
6450.0,7,>4 kHz,0.5003237128257751,-0.018504604697227478,0.6329234838485718,0.3004733622074127,-3.0583956241607666
6475.0,0,<250 Hz,2.3681769789618556e-07,-63.26687240600586,0.5395460724830627,0.018519211560487747,-27.262065887451172
6475.0,1,250-500 Hz,1.6482411524521012e-07,-64.84080505371094,0.6285771131515503,0.09634605050086975,-12.937837600708008
6475.0,2,500-750 Hz,1.844986741161847e-07,-64.35108184814453,0.5396060347557068,0.03161683678627014,-22.616147994995117
6475.0,3,750-1000 Hz,1.499369091106928e-07,-65.2519302368164,0.6275688409805298,0.0698111429810524,-15.736021041870117
6475.0,4,1-1.5 kHz,5.087399586045649e-07,-59.9460563659668,0.6208539605140686,0.09436548501253128,-13.11825180053711
6475.0,5,1.5-2.5 kHz,1.2095262036382337e-06,-56.18486404418945,0.5760215520858765,0.026739593595266342,-24.07141876220703
6475.0,6,2.5-4 kHz,2.850092641892843e-06,-52.462425231933594,0.5410604476928711,0.011200863867998123,-31.629486083984375
6475.0,7,>4 kHz,0.500048041343689,-0.0208982415497303,0.6328772306442261,0.30036062002182007,-3.0616557598114014
6500.0,0,<250 Hz,2.1851408860129595e-07,-63.6162223815918,0.539546012878418,0.018519144505262375,-27.262096405029297
6500.0,1,250-500 Hz,1.5475596626401966e-07,-65.11454010009766,0.6285771131515503,0.09634603559970856,-12.93783950805664
6500.0,2,500-750 Hz,1.4652447077878605e-07,-65.35191345214844,0.5396060347557068,0.03161676973104477,-22.616165161132812
6500.0,3,750-1000 Hz,1.5146292753343005e-07,-65.20795440673828,0.6275688409805298,0.069811150431633,-15.736019134521484
6500.0,4,1-1.5 kHz,4.6762718852733087e-07,-60.31201934814453,0.6208539605140686,0.0943654403090477,-13.118256568908691
6500.0,5,1.5-2.5 kHz,1.1961692507611588e-06,-56.23309326171875,0.5760215520858765,0.026739561930298805,-24.071428298950195
6500.0,6,2.5-4 kHz,2.8129925340181217e-06,-52.51933288574219,0.5410604476928711,0.011200717650353909,-31.62959861755371
6500.0,7,>4 kHz,0.4997602701187134,-0.023398082703351974,0.632828950881958,0.30024290084838867,-3.0650603771209717
6525.0,0,<250 Hz,2.6108887141162995e-07,-62.84313201904297,0.5395460724830627,0.018519273027777672,-27.26203727722168
6525.0,1,250-500 Hz,1.662403121827083e-07,-64.80364990234375,0.6285771131515503,0.09634604305028915,-12.937837600708008
6525.0,2,500-750 Hz,2.0724610294564627e-07,-63.84614944458008,0.5396060347557068,0.031616877764463425,-22.61613655090332
6525.0,3,750-1000 Hz,1.6056432627920003e-07,-64.95452117919922,0.6275688409805298,0.06981115788221359,-15.736019134521484
6525.0,4,1-1.5 kHz,6.026388064128696e-07,-59.21044158935547,0.6208540201187134,0.09436560422182083,-13.118240356445312
6525.0,5,1.5-2.5 kHz,1.1907321777471225e-06,-56.25287628173828,0.5760215520858765,0.02673955261707306,-24.071434020996094
6525.0,6,2.5-4 kHz,2.8495446713350248e-06,-52.463260650634766,0.5410604476928711,0.011200860142707825,-31.629487991333008
6525.0,7,>4 kHz,0.49952805042266846,-0.02541659213602543,0.6327900290489197,0.3001479208469391,-3.0678091049194336
6550.0,0,<250 Hz,3.2216803447226994e-07,-61.93019104003906,0.5395461320877075,0.018519427627325058,-27.261964797973633
6550.0,1,250-500 Hz,1.7996921997109894e-07,-64.45903015136719,0.6285771131515503,0.09634606540203094,-12.937835693359375
6550.0,2,500-750 Hz,3.0817707852293097e-07,-62.12301254272461,0.5396060943603516,0.03161706030368805,-22.616085052490234
6550.0,3,750-1000 Hz,1.48905257901788e-07,-65.28191375732422,0.6275688409805298,0.0698111429810524,-15.736021041870117
6550.0,4,1-1.5 kHz,8.380102940463985e-07,-57.77851867675781,0.6208540797233582,0.0943659096956253,-13.118213653564453
6550.0,5,1.5-2.5 kHz,1.197207666336908e-06,-56.22932052612305,0.5760215520858765,0.026739563792943954,-24.071428298950195
6550.0,6,2.5-4 kHz,2.7904773105547065e-06,-52.554229736328125,0.5410604476928711,0.011200628243386745,-31.629667282104492
6550.0,7,>4 kHz,0.4994052052497864,-0.02648479864001274,0.6327694654464722,0.30009767413139343,-3.069262742996216
6575.0,0,<250 Hz,3.9242723914867383e-07,-61.073421478271484,0.5395461320877075,0.01851961947977543,-27.26187515258789
6575.0,1,250-500 Hz,1.7877883351502533e-07,-64.48785400390625,0.6285771131515503,0.09634606540203094,-12.937835693359375
6575.0,2,500-750 Hz,3.4742654975161713e-07,-61.602386474609375,0.5396060943603516,0.03161713480949402,-22.616064071655273
6575.0,3,750-1000 Hz,1.4823480398717948e-07,-65.301513671875,0.6275688409805298,0.0698111429810524,-15.736021041870117
6575.0,4,1-1.5 kHz,9.268697453990171e-07,-57.34082794189453,0.6208541393280029,0.09436602890491486,-13.11820125579834
6575.0,5,1.5-2.5 kHz,1.172657789538789e-06,-56.319305419921875,0.5760215520858765,0.026739511638879776,-24.07144546508789
6575.0,6,2.5-4 kHz,2.788157416944159e-06,-52.557838439941406,0.5410604476928711,0.011200618930161,-31.629674911499023
6575.0,7,>4 kHz,0.499419242143631,-0.026362651959061623,0.6327717900276184,0.3001033663749695,-3.0690982341766357
6600.0,0,<250 Hz,3.2965550644803443e-07,-61.83041000366211,0.5395461320877075,0.018519440665841103,-27.261959075927734
6600.0,1,250-500 Hz,1.7970494070596033e-07,-64.46541595458984,0.6285771131515503,0.09634606540203094,-12.937835693359375
6600.0,2,500-750 Hz,2.987202094573149e-07,-62.25836944580078,0.5396060943603516,0.031617045402526855,-22.616090774536133
6600.0,3,750-1000 Hz,1.4716549401327939e-07,-65.33295440673828,0.6275688409805298,0.0698111429810524,-15.736021041870117
6600.0,4,1-1.5 kHz,8.113688068078773e-07,-57.9188346862793,0.6208540797233582,0.09436587244272232,-13.118215560913086
6600.0,5,1.5-2.5 kHz,1.1774637869166327e-06,-56.30154037475586,0.5760215520858765,0.026739520952105522,-24.071443557739258
6600.0,6,2.5-4 kHz,2.694269369385438e-06,-52.70660400390625,0.5410604476928711,0.011200250126421452,-31.629961013793945
6600.0,7,>4 kHz,0.4995654225349426,-0.02509165182709694,0.6327962875366211,0.3001630902290344,-3.0673696994781494
6625.0,0,<250 Hz,2.683691491256468e-07,-62.723690032958984,0.5395460724830627,0.018519282341003418,-27.26203155517578
6625.0,1,250-500 Hz,1.5856991808504972e-07,-65.00880432128906,0.6285771131515503,0.09634603559970856,-12.93783950805664
6625.0,2,500-750 Hz,2.1164112240512623e-07,-63.7550163269043,0.5396060347557068,0.03161688894033432,-22.616134643554688
6625.0,3,750-1000 Hz,1.4889315025357064e-07,-65.28227233886719,0.6275688409805298,0.0698111429810524,-15.736021041870117
6625.0,4,1-1.5 kHz,5.619978082904709e-07,-59.513668060302734,0.6208539605140686,0.09436555206775665,-13.118246078491211
6625.0,5,1.5-2.5 kHz,1.1950737643928733e-06,-56.23706817626953,0.5760215520858765,0.026739560067653656,-24.071430206298828
6625.0,6,2.5-4 kHz,2.6647512640920468e-06,-52.75444793701172,0.5410604476928711,0.011200133711099625,-31.630050659179688
6625.0,7,>4 kHz,0.49980783462524414,-0.022984810173511505,0.6328369379043579,0.3002621531486511,-3.0645034313201904
6650.0,0,<250 Hz,2.3561705120300758e-07,-63.28894805908203,0.5395460724830627,0.018519198521971703,-27.262073516845703
6650.0,1,250-500 Hz,1.4070096199247928e-07,-65.52804565429688,0.6285771131515503,0.09634602069854736,-12.937840461730957
6650.0,2,500-750 Hz,1.4565563333235332e-07,-65.37773895263672,0.5396060347557068,0.03161676973104477,-22.616165161132812
6650.0,3,750-1000 Hz,1.524028334642935e-07,-65.18108367919922,0.6275688409805298,0.069811150431633,-15.736019134521484
6650.0,4,1-1.5 kHz,4.4712072622132837e-07,-60.50676727294922,0.6208539605140686,0.09436540305614471,-13.11825942993164
6650.0,5,1.5-2.5 kHz,1.1657942877718597e-06,-56.34479522705078,0.5760215520858765,0.026739496737718582,-24.071449279785156
6650.0,6,2.5-4 kHz,2.656903689057799e-06,-52.76725769042969,0.5410604476928711,0.011200102977454662,-31.630075454711914
6650.0,7,>4 kHz,0.5000886917114258,-0.020545030012726784,0.6328840255737305,0.3003769516944885,-3.0611836910247803
6675.0,0,<250 Hz,2.6176306278102857e-07,-62.831932067871094,0.5395460724830627,0.018519263714551926,-27.262041091918945
6675.0,1,250-500 Hz,1.443482062768453e-07,-65.41690063476562,0.6285771131515503,0.09634602069854736,-12.937840461730957
6675.0,2,500-750 Hz,1.785998904324515e-07,-64.49220275878906,0.5396060347557068,0.031616825610399246,-22.61614990234375
6675.0,3,750-1000 Hz,1.5645815665266127e-07,-65.06703186035156,0.6275688409805298,0.069811150431633,-15.736019134521484
6675.0,4,1-1.5 kHz,5.317385785019724e-07,-59.754032135009766,0.6208539605140686,0.09436550736427307,-13.118249893188477
6675.0,5,1.5-2.5 kHz,1.1960244137299014e-06,-56.23361587524414,0.5760215520858765,0.026739563792943954,-24.071428298950195
6675.0,6,2.5-4 kHz,2.6390416678623296e-06,-52.79655456542969,0.5410604476928711,0.011200033128261566,-31.630130767822266
6675.0,7,>4 kHz,0.5003415942192078,-0.018349409103393555,0.6329264640808105,0.30048033595085144,-3.058194875717163
6700.0,0,<250 Hz,3.241516424168367e-07,-61.903533935546875,0.5395461320877075,0.0185194443911314,-27.26195526123047
6700.0,1,250-500 Hz,1.658459183317973e-07,-64.81396484375,0.6285771131515503,0.09634605050086975,-12.937837600708008
6700.0,2,500-750 Hz,2.750904855020053e-07,-62.61625671386719,0.5396060943603516,0.031617000699043274,-22.61610221862793
6700.0,3,750-1000 Hz,1.4900507494530757e-07,-65.27900695800781,0.6275688409805298,0.069811150431633,-15.736019134521484
6700.0,4,1-1.5 kHz,7.471514891221887e-07,-58.27693176269531,0.6208540201187134,0.09436579793691635,-13.118223190307617
6700.0,5,1.5-2.5 kHz,1.187049974760157e-06,-56.266326904296875,0.5760215520858765,0.026739543303847313,-24.071435928344727
6700.0,6,2.5-4 kHz,2.6165901090280386e-06,-52.833656311035156,0.5410604476928711,0.011199944652616978,-31.630199432373047
6700.0,7,>4 kHz,0.5005075931549072,-0.016908712685108185,0.6329542398452759,0.3005481958389282,-3.0562329292297363
6725.0,0,<250 Hz,3.7591678392345784e-07,-61.260101318359375,0.5395461320877075,0.0185195691883564,-27.261898040771484
6725.0,1,250-500 Hz,1.7377175254296162e-07,-64.61122131347656,0.6285771131515503,0.09634606540203094,-12.937835693359375
6725.0,2,500-750 Hz,3.3797226706155925e-07,-61.72220230102539,0.5396060943603516,0.031617119908332825,-22.616069793701172
6725.0,3,750-1000 Hz,1.4674824910798634e-07,-65.34529113769531,0.6275688409805298,0.0698111429810524,-15.736021041870117
6725.0,4,1-1.5 kHz,9.442421742278384e-07,-57.26017761230469,0.6208541393280029,0.09436604380607605,-13.118200302124023
6725.0,5,1.5-2.5 kHz,1.1751872079912573e-06,-56.30994415283203,0.5760215520858765,0.026739517226815224,-24.07144546508789
6725.0,6,2.5-4 kHz,2.583750301710097e-06,-52.88850784301758,0.5410604476928711,0.01119981613010168,-31.63029670715332
6725.0,7,>4 kHz,0.500548243522644,-0.016556084156036377,0.632961094379425,0.30056488513946533,-3.055750846862793
6750.0,0,<250 Hz,3.786605589084502e-07,-61.228515625,0.5395461320877075,0.018519576638936996,-27.26189422607422
6750.0,1,250-500 Hz,1.7633371385272767e-07,-64.54766082763672,0.6285771131515503,0.09634606540203094,-12.937835693359375
6750.0,2,500-750 Hz,3.195013960066717e-07,-61.966285705566406,0.5396060943603516,0.03161708265542984,-22.616079330444336
6750.0,3,750-1000 Hz,1.4358873556830076e-07,-65.43981170654297,0.6275688409805298,0.0698111280798912,-15.736021995544434
6750.0,4,1-1.5 kHz,8.427937245869543e-07,-57.75379943847656,0.6208541393280029,0.0943659171462059,-13.11821174621582
6750.0,5,1.5-2.5 kHz,1.1492472822283162e-06,-56.40687942504883,0.5760215520858765,0.02673945762217045,-24.07146453857422
6750.0,6,2.5-4 kHz,2.587371000117855e-06,-52.88242721557617,0.5410604476928711,0.011199829168617725,-31.630287170410156
6750.0,7,>4 kHz,0.5004556179046631,-0.017359869554638863,0.6329455375671387,0.30052703619003296,-3.056844711303711
6775.0,0,<250 Hz,3.038922500309127e-07,-62.18381881713867,0.5395461320877075,0.018519382923841476,-27.261985778808594
6775.0,1,250-500 Hz,1.5429199606842303e-07,-65.12757873535156,0.6285771131515503,0.09634603559970856,-12.93783950805664
6775.0,2,500-750 Hz,2.3728283338186884e-07,-63.25835418701172,0.5396060347557068,0.0316169336438179,-22.616119384765625
6775.0,3,750-1000 Hz,1.6154199045104178e-07,-64.92816162109375,0.6275688409805298,0.06981116533279419,-15.736017227172852
6775.0,4,1-1.5 kHz,6.338285629681195e-07,-58.99129867553711,0.6208540201187134,0.09436564892530441,-13.118237495422363
6775.0,5,1.5-2.5 kHz,1.1549179816938704e-06,-56.385501861572266,0.5760215520858765,0.026739470660686493,-24.071460723876953
6775.0,6,2.5-4 kHz,2.556786512286635e-06,-52.9340705871582,0.5410604476928711,0.011199709959328175,-31.630380630493164
6775.0,7,>4 kHz,0.5002527236938477,-0.01912076398730278,0.6329115629196167,0.3004441261291504,-3.0592408180236816
6800.0,0,<250 Hz,2.545697839195782e-07,-62.95294952392578,0.5395460724830627,0.018519258126616478,-27.262042999267578
6800.0,1,250-500 Hz,1.3939202858637145e-07,-65.56863403320312,0.6285771131515503,0.09634600579738617,-12.937841415405273
6800.0,2,500-750 Hz,1.5646568840566033e-07,-65.06682586669922,0.5396060347557068,0.03161678835749626,-22.616159439086914
6800.0,3,750-1000 Hz,1.4283557447924977e-07,-65.46265411376953,0.6275688409805298,0.0698111355304718,-15.736021995544434
6800.0,4,1-1.5 kHz,4.5553082372862264e-07,-60.425838470458984,0.6208539605140686,0.09436541795730591,-13.118257522583008
6800.0,5,1.5-2.5 kHz,1.1521483429532964e-06,-56.395931243896484,0.5760215520858765,0.026739466935396194,-24.071460723876953
6800.0,6,2.5-4 kHz,2.5465674298175145e-06,-52.95146560668945,0.5410603880882263,0.011199669912457466,-31.63041114807129
6800.0,7,>4 kHz,0.49998828768730164,-0.02141718938946724,0.6328672170639038,0.3003360331058502,-3.0623672008514404
6825.0,0,<250 Hz,2.5486718868705793e-07,-62.9478759765625,0.5395460724830627,0.018519259989261627,-27.262042999267578
6825.0,1,250-500 Hz,1.559553624019827e-07,-65.08101654052734,0.6285771131515503,0.09634603559970856,-12.93783950805664
6825.0,2,500-750 Hz,1.529681128431548e-07,-65.16500854492188,0.5396060347557068,0.031616780906915665,-22.616161346435547
6825.0,3,750-1000 Hz,1.4258418445933785e-07,-65.47029876708984,0.6275688409805298,0.0698111355304718,-15.736021995544434
6825.0,4,1-1.5 kHz,4.6253063601398026e-07,-60.35961151123047,0.6208539605140686,0.0943654328584671,-13.118256568908691
6825.0,5,1.5-2.5 kHz,1.1732129223673837e-06,-56.3172492980957,0.5760215520858765,0.026739511638879776,-24.07144546508789
6825.0,6,2.5-4 kHz,2.5275289772253018e-06,-52.98405075073242,0.5410603880882263,0.011199594475328922,-31.630470275878906
6825.0,7,>4 kHz,0.4997251629829407,-0.023703373968601227,0.63282310962677,0.30022841691970825,-3.0654797554016113
6850.0,0,<250 Hz,3.035899567294109e-07,-62.18814468383789,0.5395461320877075,0.018519368022680283,-27.261991500854492
6850.0,1,250-500 Hz,1.5123305274755694e-07,-65.21454620361328,0.6285771131515503,0.09634603559970856,-12.93783950805664
6850.0,2,500-750 Hz,2.3213499389385106e-07,-63.35361099243164,0.5396060347557068,0.031616922467947006,-22.61612319946289
6850.0,3,750-1000 Hz,1.4554731819771405e-07,-65.38097381591797,0.6275688409805298,0.0698111355304718,-15.736021995544434
6850.0,4,1-1.5 kHz,6.61116018818575e-07,-58.80824279785156,0.6208540201187134,0.0943656861782074,-13.118233680725098
6850.0,5,1.5-2.5 kHz,1.1654216223178082e-06,-56.34618377685547,0.5760215520858765,0.026739493012428284,-24.071453094482422
6850.0,6,2.5-4 kHz,2.521291207813192e-06,-52.99478530883789,0.5410603880882263,0.011199569329619408,-31.630489349365234
6850.0,7,>4 kHz,0.49952512979507446,-0.025442110374569893,0.6327895522117615,0.3001466989517212,-3.0678443908691406
6875.0,0,<250 Hz,3.913637840469164e-07,-61.085208892822266,0.5395461320877075,0.018519610166549683,-27.261878967285156
6875.0,1,250-500 Hz,1.6787029721854196e-07,-64.76127624511719,0.6285771131515503,0.09634605050086975,-12.937837600708008
6875.0,2,500-750 Hz,3.1717257797936327e-07,-61.9980583190918,0.5396060943603516,0.03161707893013954,-22.61608123779297
6875.0,3,750-1000 Hz,1.428628024768841e-07,-65.46182250976562,0.6275688409805298,0.0698111355304718,-15.736021995544434
6875.0,4,1-1.5 kHz,8.526296824129531e-07,-57.703407287597656,0.6208541393280029,0.0943659320473671,-13.118210792541504
6875.0,5,1.5-2.5 kHz,1.1930936807402759e-06,-56.24427032470703,0.5760215520858765,0.026739558205008507,-24.071430206298828
6875.0,6,2.5-4 kHz,2.4794801447569625e-06,-53.067405700683594,0.5410603284835815,0.011199403554201126,-31.630619049072266
6875.0,7,>4 kHz,0.49943459033966064,-0.026229310780763626,0.6327743530273438,0.3001095950603485,-3.068917751312256
6900.0,0,<250 Hz,3.604142762014817e-07,-61.4429931640625,0.5395461320877075,0.018519515171647072,-27.261924743652344
6900.0,1,250-500 Hz,1.7091792869905476e-07,-64.68313598632812,0.6285771131515503,0.09634605795145035,-12.937836647033691
6900.0,2,500-750 Hz,3.291573307251383e-07,-61.83698272705078,0.5396060943603516,0.03161710128188133,-22.616073608398438
6900.0,3,750-1000 Hz,1.4249414448386233e-07,-65.4730453491211,0.6275688409805298,0.0698111280798912,-15.736021995544434
6900.0,4,1-1.5 kHz,8.878438961801294e-07,-57.527652740478516,0.6208541393280029,0.09436597675085068,-13.118207931518555
6900.0,5,1.5-2.5 kHz,1.1494510090415133e-06,-56.40611267089844,0.5760215520858765,0.026739459484815598,-24.071462631225586
6900.0,6,2.5-4 kHz,2.4711503101570997e-06,-53.08202362060547,0.5410603284835815,0.01119937188923359,-31.63064193725586
6900.0,7,>4 kHz,0.49947389960289,-0.025887381285429,0.632780909538269,0.30012577772140503,-3.0684494972229004
6925.0,0,<250 Hz,3.0912272563909937e-07,-62.109703063964844,0.5395461320877075,0.01851940155029297,-27.261978149414062
6925.0,1,250-500 Hz,1.6285881088151655e-07,-64.89289855957031,0.6285771131515503,0.09634605050086975,-12.937837600708008
6925.0,2,500-750 Hz,2.72900678055521e-07,-62.650970458984375,0.5396060943603516,0.031616996973752975,-22.61610221862793
6925.0,3,750-1000 Hz,1.4250110780267278e-07,-65.47283172607422,0.6275688409805298,0.0698111280798912,-15.736021995544434
6925.0,4,1-1.5 kHz,7.032592179712083e-07,-58.53986358642578,0.6208540201187134,0.09436573833227158,-13.118228912353516
6925.0,5,1.5-2.5 kHz,1.143128997682652e-06,-56.43006134033203,0.5760215520858765,0.026739444583654404,-24.071468353271484
6925.0,6,2.5-4 kHz,2.484791366441641e-06,-53.05811309814453,0.5410603284835815,0.011199425905942917,-31.63060188293457
6925.0,7,>4 kHz,0.4996325969696045,-0.024507705122232437,0.6328075528144836,0.30019059777259827,-3.0665740966796875
6950.0,0,<250 Hz,2.447312112963118e-07,-63.124122619628906,0.5395460724830627,0.018519222736358643,-27.262060165405273
6950.0,1,250-500 Hz,1.4449247487391403e-07,-65.41256713867188,0.6285771131515503,0.09634602069854736,-12.937840461730957
6950.0,2,500-750 Hz,1.6943488390097627e-07,-64.72098541259766,0.5396060347557068,0.03161681070923805,-22.61615562438965
6950.0,3,750-1000 Hz,1.4098466749601357e-07,-65.51929473876953,0.6275688409805298,0.0698111280798912,-15.736021995544434
6950.0,4,1-1.5 kHz,4.830360467167338e-07,-60.17121887207031,0.6208539605140686,0.09436545521020889,-13.118255615234375
6950.0,5,1.5-2.5 kHz,1.141664142778609e-06,-56.435630798339844,0.5760215520858765,0.026739440858364105,-24.071468353271484
6950.0,6,2.5-4 kHz,2.456371248626965e-06,-53.10807800292969,0.5410603284835815,0.011199314147233963,-31.630687713623047
6950.0,7,>4 kHz,0.4998725652694702,-0.022422483190894127,0.632847785949707,0.30028873682022095,-3.063735008239746
6975.0,0,<250 Hz,2.225730497684708e-07,-63.536293029785156,0.5395460724830627,0.018519168719649315,-27.262086868286133
6975.0,1,250-500 Hz,1.407288436894305e-07,-65.52718353271484,0.6285771131515503,0.09634601324796677,-12.937840461730957
6975.0,2,500-750 Hz,1.3756243788520806e-07,-65.62601470947266,0.5396060347557068,0.031616754829883575,-22.616168975830078
6975.0,3,750-1000 Hz,1.47059978417019e-07,-65.33606719970703,0.6275688409805298,0.0698111429810524,-15.736021041870117
6975.0,4,1-1.5 kHz,4.3411949945948436e-07,-60.63492202758789,0.6208539605140686,0.09436539560556412,-13.11825942993164
6975.0,5,1.5-2.5 kHz,1.1326819731038995e-06,-56.46993637084961,0.5760215520858765,0.026739422231912613,-24.071475982666016
6975.0,6,2.5-4 kHz,2.458525841575465e-06,-53.10426712036133,0.5410603284835815,0.01119932159781456,-31.630680084228516
6975.0,7,>4 kHz,0.5001367330551147,-0.02012787014245987,0.6328921318054199,0.3003968298435211,-3.060608386993408
7000.0,0,<250 Hz,2.575297344264982e-07,-62.902740478515625,0.5395460724830627,0.01851925440132618,-27.262046813964844
7000.0,1,250-500 Hz,1.5065975844663626e-07,-65.23104095458984,0.6285771131515503,0.09634603559970856,-12.93783950805664
7000.0,2,500-750 Hz,1.9575139731387026e-07,-64.09396362304688,0.5396060347557068,0.03161685913801193,-22.616140365600586
7000.0,3,750-1000 Hz,1.397058042584831e-07,-65.55886840820312,0.6275688409805298,0.06981112062931061,-15.73602294921875
7000.0,4,1-1.5 kHz,5.629626684822142e-07,-59.506221771240234,0.6208539605140686,0.09436555206775665,-13.118246078491211
7000.0,5,1.5-2.5 kHz,1.1417537280067336e-06,-56.43528747558594,0.5760215520858765,0.026739444583654404,-24.071468353271484
7000.0,6,2.5-4 kHz,2.4111191123665776e-06,-53.18882751464844,0.5410603284835815,0.011199136264622211,-31.630823135375977
7000.0,7,>4 kHz,0.500362753868103,-0.018165623769164085,0.6329300403594971,0.3004893660545349,-3.0579333305358887
7025.0,0,<250 Hz,3.0734946676602704e-07,-62.13468933105469,0.5395461320877075,0.018519386649131775,-27.26198387145996
7025.0,1,250-500 Hz,1.7489659853708872e-07,-64.58319854736328,0.6285771131515503,0.09634606540203094,-12.937835693359375
7025.0,2,500-750 Hz,2.8827795972574677e-07,-62.41290283203125,0.5396060943603516,0.031617023050785065,-22.61609649658203
7025.0,3,750-1000 Hz,1.43847245226425e-07,-65.43199920654297,0.6275688409805298,0.0698111355304718,-15.736021995544434
7025.0,4,1-1.5 kHz,7.91342699812958e-07,-58.027366638183594,0.6208540201187134,0.09436585009098053,-13.118218421936035
7025.0,5,1.5-2.5 kHz,1.1584995718294522e-06,-56.37205505371094,0.5760215520858765,0.02673947811126709,-24.071456909179688
7025.0,6,2.5-4 kHz,2.4400169422733597e-06,-53.137088775634766,0.5410603284835815,0.01119924895465374,-31.6307373046875
7025.0,7,>4 kHz,0.5004977583885193,-0.016994211822748184,0.6329526901245117,0.3005444407463074,-3.056342124938965
7050.0,0,<250 Hz,3.328633511046064e-07,-61.788352966308594,0.5395461320877075,0.01851946860551834,-27.261945724487305
7050.0,1,250-500 Hz,1.8136049106942664e-07,-64.42559051513672,0.6285771131515503,0.09634608030319214,-12.937833786010742
7050.0,2,500-750 Hz,3.3199748372680915e-07,-61.79966735839844,0.5396060943603516,0.03161710500717163,-22.616073608398438
7050.0,3,750-1000 Hz,1.4129390990547108e-07,-65.50978088378906,0.6275688409805298,0.0698111355304718,-15.736021995544434
7050.0,4,1-1.5 kHz,8.818922196951462e-07,-57.55685806274414,0.6208541393280029,0.09436596930027008,-13.118207931518555
7050.0,5,1.5-2.5 kHz,1.1440446314736619e-06,-56.42658615112305,0.5760215520858765,0.026739448308944702,-24.07146644592285
7050.0,6,2.5-4 kHz,2.403783582849428e-06,-53.20206069946289,0.5410603284835815,0.011199106462299824,-31.630847930908203
7050.0,7,>4 kHz,0.5005107522010803,-0.0168814267963171,0.6329548358917236,0.30054980516433716,-3.0561864376068115
7075.0,0,<250 Hz,3.01539643032811e-07,-62.217567443847656,0.5395461320877075,0.018519381061196327,-27.261985778808594
7075.0,1,250-500 Hz,1.7843585453647393e-07,-64.4961929321289,0.6285771131515503,0.09634606540203094,-12.937835693359375
7075.0,2,500-750 Hz,2.865172064048238e-07,-62.43950653076172,0.5396060943603516,0.031617023050785065,-22.61609649658203
7075.0,3,750-1000 Hz,1.4176990248415677e-07,-65.49517822265625,0.6275688409805298,0.0698111280798912,-15.736021995544434
7075.0,4,1-1.5 kHz,7.743942660454195e-07,-58.121395111083984,0.6208540201187134,0.09436582773923874,-13.118220329284668
7075.0,5,1.5-2.5 kHz,1.166937636298826e-06,-56.340538024902344,0.5760215520858765,0.026739496737718582,-24.071449279785156
7075.0,6,2.5-4 kHz,2.402282007096801e-06,-53.20477294921875,0.5410603284835815,0.011199100874364376,-31.63085174560547
7075.0,7,>4 kHz,0.5003994703292847,-0.01784694194793701,0.6329361200332642,0.30050423741340637,-3.0575034618377686
7100.0,0,<250 Hz,2.3647019986583473e-07,-63.27325439453125,0.5395460724830627,0.018519202247262,-27.262069702148438
7100.0,1,250-500 Hz,1.6567851446325221e-07,-64.81835174560547,0.6285771131515503,0.09634605050086975,-12.937837600708008
7100.0,2,500-750 Hz,1.92435038570693e-07,-64.16817474365234,0.5396060347557068,0.031616851687431335,-22.61614227294922
7100.0,3,750-1000 Hz,1.4495466871267126e-07,-65.39869689941406,0.6275688409805298,0.0698111355304718,-15.736021995544434
7100.0,4,1-1.5 kHz,5.40946075489046e-07,-59.679473876953125,0.6208539605140686,0.09436552971601486,-13.118247985839844
7100.0,5,1.5-2.5 kHz,1.1200127119082026e-06,-56.51878356933594,0.5760215520858765,0.026739392429590225,-24.071483612060547
7100.0,6,2.5-4 kHz,2.388904249528423e-06,-53.229026794433594,0.5410603284835815,0.011199048720300198,-31.63089370727539
7100.0,7,>4 kHz,0.5001910328865051,-0.019656401127576828,0.6329011917114258,0.3004192113876343,-3.0599617958068848
7125.0,0,<250 Hz,2.0098029551718355e-07,-63.97948455810547,0.539546012878418,0.01851910725235939,-27.262115478515625
7125.0,1,250-500 Hz,1.584970874546343e-07,-65.01080322265625,0.6285771131515503,0.09634603559970856,-12.93783950805664
7125.0,2,500-750 Hz,1.4148000104796665e-07,-65.50406646728516,0.5396060347557068,0.03161676228046417,-22.616167068481445
7125.0,3,750-1000 Hz,1.4089539490669267e-07,-65.52204895019531,0.6275688409805298,0.0698111280798912,-15.736021995544434
7125.0,4,1-1.5 kHz,4.122013592677831e-07,-60.85992431640625,0.6208539605140686,0.09436537325382233,-13.11826229095459
7125.0,5,1.5-2.5 kHz,1.147697958003846e-06,-56.41273880004883,0.5760215520858765,0.02673945389688015,-24.07146453857422
7125.0,6,2.5-4 kHz,2.341989329579519e-06,-53.31516647338867,0.5410603284835815,0.011198865249752998,-31.63103485107422
7125.0,7,>4 kHz,0.4999352693557739,-0.021877659484744072,0.6328582763671875,0.3003144860267639,-3.062990188598633
7150.0,0,<250 Hz,2.310690661033732e-07,-63.373600006103516,0.5395460724830627,0.018519189208745956,-27.262075424194336
7150.0,1,250-500 Hz,1.6429683569185727e-07,-64.85472106933594,0.6285771131515503,0.09634605050086975,-12.937837600708008
7150.0,2,500-750 Hz,1.6974981065231987e-07,-64.71292114257812,0.5396060347557068,0.03161681443452835,-22.616153717041016
7150.0,3,750-1000 Hz,1.3937369658378884e-07,-65.56920623779297,0.6275688409805298,0.0698111280798912,-15.736021995544434
7150.0,4,1-1.5 kHz,4.9728112117009e-07,-60.04499435424805,0.6208539605140686,0.09436547756195068,-13.118252754211426
7150.0,5,1.5-2.5 kHz,1.1203028407180682e-06,-56.517662048339844,0.5760215520858765,0.026739392429590225,-24.071483612060547
7150.0,6,2.5-4 kHz,2.3737970877846237e-06,-53.25657653808594,0.5410603284835815,0.011198988184332848,-31.630939483642578
7150.0,7,>4 kHz,0.4996927082538605,-0.02398526296019554,0.6328176259994507,0.30021533370018005,-3.0658583641052246
7175.0,0,<250 Hz,2.7745650754695816e-07,-62.579063415527344,0.5395460724830627,0.018519321456551552,-27.262012481689453
7175.0,1,250-500 Hz,1.8235539300803794e-07,-64.4018325805664,0.6285771131515503,0.09634606540203094,-12.937835693359375
7175.0,2,500-750 Hz,2.5905080747179454e-07,-62.87716293334961,0.5396060347557068,0.031616970896720886,-22.61610984802246
7175.0,3,750-1000 Hz,1.408909326983121e-07,-65.52218627929688,0.6275688409805298,0.06981112062931061,-15.73602294921875
7175.0,4,1-1.5 kHz,7.151498948587687e-07,-58.467044830322266,0.6208540201187134,0.09436574578285217,-13.1182279586792
7175.0,5,1.5-2.5 kHz,1.124300524679711e-06,-56.50218963623047,0.5760215520858765,0.02673940360546112,-24.071481704711914
7175.0,6,2.5-4 kHz,2.380349087616196e-06,-53.24460983276367,0.5410603284835815,0.011199015192687511,-31.630918502807617
7175.0,7,>4 kHz,0.4995202124118805,-0.025484811514616013,0.6327887177467346,0.30014485120773315,-3.0678975582122803
7200.0,0,<250 Hz,3.197485227701691e-07,-61.962928771972656,0.5395461320877075,0.018519418314099312,-27.261966705322266
7200.0,1,250-500 Hz,1.8717796024247946e-07,-64.28846740722656,0.6285771131515503,0.09634607285261154,-12.937835693359375
7200.0,2,500-750 Hz,3.299983859506028e-07,-61.825897216796875,0.5396060943603516,0.03161710500717163,-22.616073608398438
7200.0,3,750-1000 Hz,1.4594183994631749e-07,-65.36921691894531,0.6275688409805298,0.0698111355304718,-15.736021995544434
7200.0,4,1-1.5 kHz,8.639639190732851e-07,-57.646060943603516,0.6208541393280029,0.09436594694852829,-13.118209838867188
7200.0,5,1.5-2.5 kHz,1.124781192629598e-06,-56.500335693359375,0.5760215520858765,0.02673940360546112,-24.071481704711914
7200.0,6,2.5-4 kHz,2.350513113924535e-06,-53.29938888549805,0.5410603284835815,0.011198896914720535,-31.631010055541992
7200.0,7,>4 kHz,0.49945810437202454,-0.02602487988770008,0.6327782869338989,0.3001193702220917,-3.0686354637145996
7225.0,0,<250 Hz,3.07016449596631e-07,-62.139400482177734,0.5395461320877075,0.018519386649131775,-27.26198387145996
7225.0,1,250-500 Hz,1.8681031122014247e-07,-64.29701232910156,0.6285771131515503,0.09634608030319214,-12.937833786010742
7225.0,2,500-750 Hz,3.109913393473107e-07,-62.08353042602539,0.5396060943603516,0.031617067754268646,-22.6160831451416
7225.0,3,750-1000 Hz,1.3969128076496418e-07,-65.55931854248047,0.6275688409805298,0.06981112062931061,-15.73602294921875
7225.0,4,1-1.5 kHz,8.272889999716426e-07,-57.834442138671875,0.6208541393280029,0.09436589479446411,-13.11821460723877
7225.0,5,1.5-2.5 kHz,1.1127015113743255e-06,-56.54722595214844,0.5760215520858765,0.026739373803138733,-24.071491241455078
7225.0,6,2.5-4 kHz,2.3503584998252336e-06,-53.29967498779297,0.5410603284835815,0.011198896914720535,-31.631010055541992
7225.0,7,>4 kHz,0.49952012300491333,-0.02548559382557869,0.6327887177467346,0.300144761800766,-3.0679006576538086
7250.0,0,<250 Hz,2.613415119867568e-07,-62.838932037353516,0.5395460724830627,0.018519267439842224,-27.262039184570312
7250.0,1,250-500 Hz,1.6571550531807588e-07,-64.8173828125,0.6285771131515503,0.09634605050086975,-12.937837600708008
7250.0,2,500-750 Hz,2.292944429882482e-07,-63.40707778930664,0.5396060347557068,0.03161691874265671,-22.61612319946289
7250.0,3,750-1000 Hz,1.4037674134215194e-07,-65.5380630493164,0.6275688409805298,0.0698111280798912,-15.736021995544434
7250.0,4,1-1.5 kHz,6.117912221270672e-07,-59.144981384277344,0.6208540201187134,0.09436561912298203,-13.118239402770996
7250.0,5,1.5-2.5 kHz,1.1145309599669417e-06,-56.54009246826172,0.5760215520858765,0.02673938125371933,-24.071487426757812
7250.0,6,2.5-4 kHz,2.3149727894633543e-06,-53.36555480957031,0.5410603284835815,0.011198758147656918,-31.631118774414062
7250.0,7,>4 kHz,0.4996910095214844,-0.024000100791454315,0.6328173875808716,0.30021464824676514,-3.065878391265869
7275.0,0,<250 Hz,2.0524394983567618e-07,-63.88831329345703,0.539546012878418,0.01851913146674633,-27.262104034423828
7275.0,1,250-500 Hz,1.4999032771356724e-07,-65.25038146972656,0.6285771131515503,0.09634602814912796,-12.93783950805664
7275.0,2,500-750 Hz,1.5825301602490072e-07,-65.01749420166016,0.5396060347557068,0.03161679208278656,-22.616159439086914
7275.0,3,750-1000 Hz,1.3740447002419387e-07,-65.63101196289062,0.6275688409805298,0.0698111280798912,-15.736021995544434
7275.0,4,1-1.5 kHz,4.305921663672052e-07,-60.67035675048828,0.6208539605140686,0.09436538815498352,-13.118261337280273
7275.0,5,1.5-2.5 kHz,1.1062003295592149e-06,-56.57267761230469,0.5760215520858765,0.026739362627267838,-24.071495056152344
7275.0,6,2.5-4 kHz,2.3114562281989492e-06,-53.37215805053711,0.5410603284835815,0.011198744177818298,-31.631128311157227
7275.0,7,>4 kHz,0.49993008375167847,-0.021922670304775238,0.6328574419021606,0.30031245946884155,-3.0630483627319336
7300.0,0,<250 Hz,2.0785564913694543e-07,-63.833396911621094,0.5395460724830627,0.018519125878810883,-27.26210594177246
7300.0,1,250-500 Hz,1.4246174373511167e-07,-65.47402954101562,0.6285770535469055,0.09634602069854736,-12.937840461730957
7300.0,2,500-750 Hz,1.6156039350789797e-07,-64.92766571044922,0.5396060347557068,0.03161679953336716,-22.61615753173828
7300.0,3,750-1000 Hz,1.4312055895970843e-07,-65.45399475097656,0.6275688409805298,0.0698111355304718,-15.736021995544434
7300.0,4,1-1.5 kHz,4.3867038357348065e-07,-60.58963394165039,0.6208539605140686,0.09436539560556412,-13.11825942993164
7300.0,5,1.5-2.5 kHz,1.1225149592064554e-06,-56.50909423828125,0.5760215520858765,0.026739396154880524,-24.071483612060547
7300.0,6,2.5-4 kHz,2.302801021869527e-06,-53.388450622558594,0.5410603284835815,0.011198710650205612,-31.631155014038086
7300.0,7,>4 kHz,0.5001804828643799,-0.01974819414317608,0.6328994631767273,0.30041489005088806,-3.060086250305176
7325.0,0,<250 Hz,2.5376237999807927e-07,-62.96674346923828,0.5395460724830627,0.018519245088100433,-27.262048721313477
7325.0,1,250-500 Hz,1.5131750785712939e-07,-65.21212768554688,0.6285771131515503,0.09634603559970856,-12.93783950805664
7325.0,2,500-750 Hz,2.4204408077821427e-07,-63.17206954956055,0.5396060347557068,0.0316169410943985,-22.616119384765625
7325.0,3,750-1000 Hz,1.3991993341733178e-07,-65.5522232055664,0.6275688409805298,0.0698111280798912,-15.736021995544434
7325.0,4,1-1.5 kHz,6.297931918197719e-07,-59.01903533935547,0.6208540201187134,0.09436564147472382,-13.118237495422363
7325.0,5,1.5-2.5 kHz,1.1032243492081761e-06,-56.58437728881836,0.5760215520858765,0.02673935517668724,-24.07149887084961
7325.0,6,2.5-4 kHz,2.2810509108239785e-06,-53.429664611816406,0.5410603284835815,0.011198624968528748,-31.631221771240234
7325.0,7,>4 kHz,0.5003834962844849,-0.017985746264457703,0.632933497428894,0.300497829914093,-3.0576891899108887
7350.0,0,<250 Hz,3.113705702162406e-07,-62.07823944091797,0.5395461320877075,0.018519409000873566,-27.261972427368164
7350.0,1,250-500 Hz,1.6612966646789573e-07,-64.8065414428711,0.6285771131515503,0.09634605050086975,-12.937837600708008
7350.0,2,500-750 Hz,3.286943126568076e-07,-61.84309387207031,0.5396060943603516,0.03161710128188133,-22.616073608398438
7350.0,3,750-1000 Hz,1.3786706176688313e-07,-65.61640930175781,0.6275688409805298,0.06981112062931061,-15.73602294921875
7350.0,4,1-1.5 kHz,8.1915226246565e-07,-57.87736892700195,0.6208540797233582,0.09436588734388351,-13.118215560913086
7350.0,5,1.5-2.5 kHz,1.1508692523420905e-06,-56.4007568359375,0.5760215520858765,0.026739461347460747,-24.071462631225586
7350.0,6,2.5-4 kHz,2.32867250815616e-06,-53.339927673339844,0.5410603284835815,0.011198812164366245,-31.63107681274414
7350.0,7,>4 kHz,0.5004912614822388,-0.01705060340464115,0.632951557636261,0.30054181814193726,-3.05641770362854
7375.0,0,<250 Hz,3.1622082019566733e-07,-62.0111083984375,0.5395461320877075,0.018519412726163864,-27.261972427368164
7375.0,1,250-500 Hz,1.6522452028766565e-07,-64.83026885986328,0.6285771131515503,0.09634605050086975,-12.937837600708008
7375.0,2,500-750 Hz,3.469632474661921e-07,-61.60818099975586,0.5396060943603516,0.03161713480949402,-22.616064071655273
7375.0,3,750-1000 Hz,1.3978231550026976e-07,-65.5564956665039,0.6275688409805298,0.0698111355304718,-15.736021995544434
7375.0,4,1-1.5 kHz,8.451553981103643e-07,-57.74165344238281,0.6208541393280029,0.0943659171462059,-13.11821174621582
7375.0,5,1.5-2.5 kHz,1.1142741414005286e-06,-56.54109573364258,0.5760215520858765,0.02673937939107418,-24.071487426757812
7375.0,6,2.5-4 kHz,2.276217173857731e-06,-53.43887710571289,0.5410603284835815,0.011198606342077255,-31.631237030029297
7375.0,7,>4 kHz,0.5004791021347046,-0.017156114801764488,0.6329495310783386,0.3005369007587433,-3.0565598011016846
7400.0,0,<250 Hz,2.7044399075748515e-07,-62.690242767333984,0.5395460724830627,0.018519297242164612,-27.26202392578125
7400.0,1,250-500 Hz,1.5213271353786695e-07,-65.18878936767578,0.6285771131515503,0.09634603559970856,-12.93783950805664
7400.0,2,500-750 Hz,2.799498588501592e-07,-62.54021072387695,0.5396060943603516,0.03161701187491417,-22.616100311279297
7400.0,3,750-1000 Hz,1.3812490351483575e-07,-65.6082992553711,0.6275688409805298,0.06981112062931061,-15.73602294921875
7400.0,4,1-1.5 kHz,6.8219867443986e-07,-58.67190933227539,0.6208540201187134,0.09436570852994919,-13.118230819702148
7400.0,5,1.5-2.5 kHz,1.129794895859959e-06,-56.48101806640625,0.5760215520858765,0.026739414781332016,-24.071475982666016
7400.0,6,2.5-4 kHz,2.3269296889338875e-06,-53.34318161010742,0.5410603284835815,0.011198804713785648,-31.631080627441406
7400.0,7,>4 kHz,0.5003501176834106,-0.018275322392582893,0.6329278945922852,0.3004841208457947,-3.0580852031707764
7425.0,0,<250 Hz,2.1632384061831544e-07,-63.65997314453125,0.5395460724830627,0.01851915568113327,-27.26209259033203
7425.0,1,250-500 Hz,1.3760626416114974e-07,-65.6246337890625,0.6285770535469055,0.09634600579738617,-12.937841415405273
7425.0,2,500-750 Hz,1.9092661318609316e-07,-64.20235443115234,0.5396060347557068,0.031616851687431335,-22.61614227294922
7425.0,3,750-1000 Hz,1.388025907544943e-07,-65.5870361328125,0.6275688409805298,0.0698111280798912,-15.736021995544434
7425.0,4,1-1.5 kHz,4.7445757900277385e-07,-60.24904251098633,0.6208539605140686,0.0943654477596283,-13.118255615234375
7425.0,5,1.5-2.5 kHz,1.0891775445998064e-06,-56.64002990722656,0.5760215520858765,0.026739321649074554,-24.07150650024414
7425.0,6,2.5-4 kHz,2.2543406430486357e-06,-53.48081970214844,0.5410603284835815,0.011198519729077816,-31.631301879882812
7425.0,7,>4 kHz,0.500135600566864,-0.02013774961233139,0.6328918933868408,0.30039647221565247,-3.0606186389923096
7450.0,0,<250 Hz,1.9465966261122958e-07,-64.11825561523438,0.539546012878418,0.018519092351198196,-27.262123107910156
7450.0,1,250-500 Hz,1.303315997347454e-07,-65.86051940917969,0.6285770535469055,0.09634599834680557,-12.93784236907959
7450.0,2,500-750 Hz,1.6196533181300765e-07,-64.91679382324219,0.5396060347557068,0.03161679953336716,-22.61615753173828
7450.0,3,750-1000 Hz,1.4090576883063477e-07,-65.521728515625,0.6275688409805298,0.0698111280798912,-15.736021995544434
7450.0,4,1-1.5 kHz,4.362337620023027e-07,-60.61382293701172,0.6208539605140686,0.09436539560556412,-13.11825942993164
7450.0,5,1.5-2.5 kHz,1.1089562121924246e-06,-56.56187057495117,0.5760215520858765,0.026739366352558136,-24.07149314880371
7450.0,6,2.5-4 kHz,2.2659808109892765e-06,-53.45845031738281,0.5410603284835815,0.011198565363883972,-31.631267547607422
7450.0,7,>4 kHz,0.49988633394241333,-0.022302793338894844,0.6328501105308533,0.3002944588661194,-3.0635693073272705
7475.0,0,<250 Hz,2.3541345228750288e-07,-63.292701721191406,0.5395460724830627,0.01851920783519745,-27.262067794799805
7475.0,1,250-500 Hz,1.3994105074743857e-07,-65.55155944824219,0.6285770535469055,0.09634601324796677,-12.937840461730957
7475.0,2,500-750 Hz,2.1429823959806527e-07,-63.700828552246094,0.5396060347557068,0.03161689266562462,-22.616130828857422
7475.0,3,750-1000 Hz,1.4361154399011866e-07,-65.43912506103516,0.6275688409805298,0.0698111355304718,-15.736021995544434
7475.0,4,1-1.5 kHz,5.448263209473225e-07,-59.648433685302734,0.6208539605140686,0.09436552971601486,-13.118247985839844
7475.0,5,1.5-2.5 kHz,1.0986213965225033e-06,-56.602535247802734,0.5760215520858765,0.026739344000816345,-24.071500778198242
7475.0,6,2.5-4 kHz,2.2485755835077725e-06,-53.491939544677734,0.5410603284835815,0.011198497377336025,-31.631319046020508
7475.0,7,>4 kHz,0.49966129660606384,-0.024258319288492203,0.6328123807907104,0.30020248889923096,-3.066229820251465
7500.0,0,<250 Hz,2.8754178060808044e-07,-62.424007415771484,0.5395461320877075,0.018519338220357895,-27.262004852294922
7500.0,1,250-500 Hz,1.54140906261091e-07,-65.1318359375,0.6285771131515503,0.09634602814912796,-12.93783950805664
7500.0,2,500-750 Hz,2.984218951951334e-07,-62.2627067565918,0.5396060943603516,0.031617045402526855,-22.616090774536133
7500.0,3,750-1000 Hz,1.5658469010304543e-07,-65.06352233886719,0.6275688409805298,0.06981115788221359,-15.736019134521484
7500.0,4,1-1.5 kHz,7.85823431215249e-07,-58.05776596069336,0.6208540201187134,0.09436584264039993,-13.118219375610352
7500.0,5,1.5-2.5 kHz,1.1541771982592763e-06,-56.38829040527344,0.5760215520858765,0.026739470660686493,-24.071460723876953
7500.0,6,2.5-4 kHz,2.2148979041958228e-06,-53.55747604370117,0.5410602688789368,0.011198364198207855,-31.631423950195312
7500.0,7,>4 kHz,0.4995132088661194,-0.025545742362737656,0.6327875256538391,0.30014199018478394,-3.0679800510406494
7525.0,0,<250 Hz,3.147902702949068e-07,-62.030799865722656,0.5395461320877075,0.018519418314099312,-27.261966705322266
7525.0,1,250-500 Hz,1.6580882800099062e-07,-64.81494140625,0.6285771131515503,0.09634605050086975,-12.937837600708008
7525.0,2,500-750 Hz,3.412391436086182e-07,-61.68042755126953,0.5396060943603516,0.03161712363362312,-22.616069793701172
7525.0,3,750-1000 Hz,1.5655760421395826e-07,-65.06427001953125,0.6275688409805298,0.06981115788221359,-15.736019134521484
7525.0,4,1-1.5 kHz,8.55527616749896e-07,-57.68867492675781,0.6208541393280029,0.0943659320473671,-13.118210792541504
7525.0,5,1.5-2.5 kHz,1.1072692132074735e-06,-56.568485260009766,0.5760215520858765,0.026739362627267838,-24.071495056152344
7525.0,6,2.5-4 kHz,2.2309732230496593e-06,-53.52607345581055,0.5410602688789368,0.011198426596820354,-31.63137435913086
7525.0,7,>4 kHz,0.49947690963745117,-0.025861341506242752,0.632781445980072,0.30012696981430054,-3.0684149265289307
7550.0,0,<250 Hz,2.86783603087315e-07,-62.43547439575195,0.5395461320877075,0.018519345670938492,-27.26200294494629
7550.0,1,250-500 Hz,1.6079371789601282e-07,-64.94832611083984,0.6285771131515503,0.09634603559970856,-12.93783950805664
7550.0,2,500-750 Hz,3.12107943045703e-07,-62.06796646118164,0.5396060943603516,0.031617071479558945,-22.6160831451416
7550.0,3,750-1000 Hz,1.5365513661436125e-07,-65.14554595947266,0.6275688409805298,0.069811150431633,-15.736019134521484
7550.0,4,1-1.5 kHz,7.629681704202085e-07,-58.185951232910156,0.6208540201187134,0.09436581283807755,-13.118221282958984
7550.0,5,1.5-2.5 kHz,1.098584334613406e-06,-56.602684020996094,0.5760215520858765,0.026739344000816345,-24.071500778198242
7550.0,6,2.5-4 kHz,2.214336745964829e-06,-53.55857849121094,0.5410602688789368,0.011198362335562706,-31.631423950195312
7550.0,7,>4 kHz,0.49956026673316956,-0.025136694312095642,0.6327954530715942,0.30016112327575684,-3.0674266815185547
7575.0,0,<250 Hz,2.469459161602572e-07,-63.084999084472656,0.5395460724830627,0.018519235774874687,-27.262054443359375
7575.0,1,250-500 Hz,1.3993663117162214e-07,-65.55169677734375,0.6285770535469055,0.09634601324796677,-12.937840461730957
7575.0,2,500-750 Hz,1.9702301301549596e-07,-64.06584930419922,0.5396060347557068,0.03161686286330223,-22.616140365600586
7575.0,3,750-1000 Hz,1.6384467471652897e-07,-64.86669158935547,0.6275688409805298,0.06981116533279419,-15.736017227172852
7575.0,4,1-1.5 kHz,5.313555675456882e-07,-59.75716018676758,0.6208539605140686,0.09436550736427307,-13.118249893188477
7575.0,5,1.5-2.5 kHz,1.0905489489232423e-06,-56.63456344604492,0.5760215520858765,0.026739325374364853,-24.07150650024414
7575.0,6,2.5-4 kHz,2.1953669602226e-06,-53.595943450927734,0.5410602688789368,0.011198287829756737,-31.631481170654297
7575.0,7,>4 kHz,0.4997434616088867,-0.023544348776340485,0.6328262090682983,0.3002361059188843,-3.0652570724487305
7600.0,0,<250 Hz,2.0438724845917022e-07,-63.90647888183594,0.539546012878418,0.018519116565585136,-27.26211166381836
7600.0,1,250-500 Hz,1.4799957170907874e-07,-65.30841064453125,0.6285771131515503,0.09634602814912796,-12.93783950805664
7600.0,2,500-750 Hz,1.3876525883915747e-07,-65.58821105957031,0.5396060347557068,0.031616754829883575,-22.616168975830078
7600.0,3,750-1000 Hz,1.6735387475819152e-07,-64.774658203125,0.6275688409805298,0.06981116533279419,-15.736017227172852
7600.0,4,1-1.5 kHz,4.2890246731985826e-07,-60.68742752075195,0.6208539605140686,0.09436538815498352,-13.118261337280273
7600.0,5,1.5-2.5 kHz,1.0640335403877543e-06,-56.74146270751953,0.5760215520858765,0.026739265769720078,-24.07152557373047
7600.0,6,2.5-4 kHz,2.191282419516938e-06,-53.60403060913086,0.5410602688789368,0.011198271065950394,-31.63149642944336
7600.0,7,>4 kHz,0.4999828636646271,-0.02146427519619465,0.6328663229942322,0.30033400654792786,-3.062425136566162
7625.0,0,<250 Hz,2.2293636448011966e-07,-63.529205322265625,0.5395460724830627,0.01851915940642357,-27.262088775634766
7625.0,1,250-500 Hz,1.4375521573128935e-07,-65.43478393554688,0.6285770535469055,0.09634601324796677,-12.937840461730957
7625.0,2,500-750 Hz,1.7237465499420068e-07,-64.64628601074219,0.5396060347557068,0.03161681443452835,-22.616153717041016
7625.0,3,750-1000 Hz,1.674996923384242e-07,-64.7708740234375,0.6275688409805298,0.06981116533279419,-15.736017227172852
7625.0,4,1-1.5 kHz,4.847603349844576e-07,-60.15574645996094,0.6208539605140686,0.09436546266078949,-13.118253707885742
7625.0,5,1.5-2.5 kHz,1.0573741064945352e-06,-56.76872634887695,0.5760215520858765,0.026739250868558884,-24.071531295776367
7625.0,6,2.5-4 kHz,2.1871028366149403e-06,-53.61232376098633,0.5410602688789368,0.0111982561647892,-31.631507873535156
7625.0,7,>4 kHz,0.5002220869064331,-0.01938675530254841,0.632906436920166,0.3004318177700043,-3.0595972537994385
7650.0,0,<250 Hz,3.0359427682924434e-07,-62.188079833984375,0.5395461320877075,0.01851937733590603,-27.261985778808594
7650.0,1,250-500 Hz,1.5853136403620738e-07,-65.00985717773438,0.6285771131515503,0.09634604305028915,-12.937837600708008
7650.0,2,500-750 Hz,2.811315482631471e-07,-62.52191925048828,0.5396060943603516,0.03161701187491417,-22.616100311279297
7650.0,3,750-1000 Hz,1.6655442891533312e-07,-64.79545593261719,0.6275688409805298,0.06981116533279419,-15.736017227172852
7650.0,4,1-1.5 kHz,6.976844701966911e-07,-58.574424743652344,0.6208540201187134,0.09436573088169098,-13.118228912353516
7650.0,5,1.5-2.5 kHz,1.0604634326227824e-06,-56.75605773925781,0.5760215520858765,0.02673925645649433,-24.071529388427734
7650.0,6,2.5-4 kHz,2.1880621261516353e-06,-53.61042022705078,0.5410602688789368,0.011198258958756924,-31.631505966186523
7650.0,7,>4 kHz,0.5004045963287354,-0.017802495509386063,0.6329370737075806,0.30050647258758545,-3.057438850402832
7675.0,0,<250 Hz,3.080515398323769e-07,-62.12478256225586,0.5395461320877075,0.018519403412938118,-27.261974334716797
7675.0,1,250-500 Hz,1.6180700868062559e-07,-64.9210433959961,0.6285771131515503,0.09634604305028915,-12.937837600708008
7675.0,2,500-750 Hz,3.1730456839795806e-07,-61.99625015258789,0.5396060943603516,0.03161707893013954,-22.61608123779297
7675.0,3,750-1000 Hz,1.8380193012035306e-07,-64.36751556396484,0.6275689005851746,0.06981119513511658,-15.736015319824219
7675.0,4,1-1.5 kHz,8.537218718629447e-07,-57.69784927368164,0.6208541393280029,0.0943659320473671,-13.118210792541504
7675.0,5,1.5-2.5 kHz,1.0627616120473249e-06,-56.74665832519531,0.5760215520858765,0.02673926204442978,-24.07152557373047
7675.0,6,2.5-4 kHz,2.1944515538052656e-06,-53.597755432128906,0.5410602688789368,0.011198284104466438,-31.631486892700195
7675.0,7,>4 kHz,0.5004875659942627,-0.017082568258047104,0.6329509019851685,0.30054032802581787,-3.056460380554199
7700.0,0,<250 Hz,3.4621271538526344e-07,-61.617584228515625,0.5395461320877075,0.018519483506679535,-27.261940002441406
7700.0,1,250-500 Hz,1.7206480151799042e-07,-64.65409088134766,0.6285771131515503,0.09634605050086975,-12.937837600708008
7700.0,2,500-750 Hz,3.110773434400471e-07,-62.082332611083984,0.5396060943603516,0.031617067754268646,-22.6160831451416
7700.0,3,750-1000 Hz,1.6308764827499544e-07,-64.88680267333984,0.6275688409805298,0.06981116533279419,-15.736017227172852
7700.0,4,1-1.5 kHz,8.197575311896799e-07,-57.87416076660156,0.6208540797233582,0.09436588734388351,-13.118215560913086
7700.0,5,1.5-2.5 kHz,1.0716506722019403e-06,-56.710479736328125,0.5760215520858765,0.02673928253352642,-24.071521759033203
7700.0,6,2.5-4 kHz,2.187837708333973e-06,-53.610862731933594,0.5410602688789368,0.011198258027434349,-31.631505966186523
7700.0,7,>4 kHz,0.5004514455795288,-0.017395995557308197,0.6329448819160461,0.30052560567855835,-3.0568859577178955
7725.0,0,<250 Hz,2.457856567161798e-07,-63.10544967651367,0.5395460724830627,0.018519237637519836,-27.262054443359375
7725.0,1,250-500 Hz,1.4485050314760883e-07,-65.40181732177734,0.6285770535469055,0.09634601324796677,-12.937840461730957
7725.0,2,500-750 Hz,2.1990047116560163e-07,-63.58875274658203,0.5396060347557068,0.031616900116205215,-22.61612892150879
7725.0,3,750-1000 Hz,1.599450740741304e-07,-64.97130584716797,0.6275688409805298,0.06981116533279419,-15.736017227172852
7725.0,4,1-1.5 kHz,6.255352218431653e-07,-59.048500061035156,0.6208540201187134,0.09436562657356262,-13.118239402770996
7725.0,5,1.5-2.5 kHz,1.073921794159105e-06,-56.70128631591797,0.5760215520858765,0.02673928812146187,-24.07151985168457
7725.0,6,2.5-4 kHz,2.196905370510649e-06,-53.59290313720703,0.5410602688789368,0.011198293417692184,-31.631479263305664
7725.0,7,>4 kHz,0.5003054141998291,-0.018663445487618446,0.6329203844070435,0.30046582221984863,-3.058614492416382
7750.0,0,<250 Hz,1.969848995031498e-07,-64.06668853759766,0.539546012878418,0.01851910538971424,-27.262115478515625
7750.0,1,250-500 Hz,1.6295885529871157e-07,-64.8902359008789,0.6285771131515503,0.09634604305028915,-12.937837600708008
7750.0,2,500-750 Hz,1.4533770809066482e-07,-65.38723754882812,0.5396060347557068,0.03161676600575447,-22.616167068481445
7750.0,3,750-1000 Hz,1.7994129564158357e-07,-64.45970153808594,0.6275689005851746,0.06981119513511658,-15.736015319824219
7750.0,4,1-1.5 kHz,4.4981931068832637e-07,-60.48063278198242,0.6208539605140686,0.09436541050672531,-13.118258476257324
7750.0,5,1.5-2.5 kHz,1.0405074135633186e-06,-56.838565826416016,0.5760215520858765,0.0267392136156559,-24.071542739868164
7750.0,6,2.5-4 kHz,2.1915161596552934e-06,-53.60356903076172,0.5410602688789368,0.011198272928595543,-31.631492614746094
7750.0,7,>4 kHz,0.5000838041305542,-0.020587684586644173,0.6328831911087036,0.3003752529621124,-3.061232805252075
7775.0,0,<250 Hz,2.0126964273003978e-07,-63.97323226928711,0.539546012878418,0.018519112840294838,-27.26211166381836
7775.0,1,250-500 Hz,1.331468553189552e-07,-65.76770782470703,0.6285770535469055,0.09634600579738617,-12.937841415405273
7775.0,2,500-750 Hz,1.4426063899009023e-07,-65.4195327758789,0.5396060347557068,0.03161676973104477,-22.616165161132812
7775.0,3,750-1000 Hz,1.508443290276773e-07,-65.22572326660156,0.6275688409805298,0.0698111429810524,-15.736021041870117
7775.0,4,1-1.5 kHz,4.618653690613428e-07,-60.36586380004883,0.6208539605140686,0.0943654328584671,-13.118256568908691
7775.0,5,1.5-2.5 kHz,1.045870931193349e-06,-56.81623458862305,0.5760215520858765,0.026739224791526794,-24.0715389251709
7775.0,6,2.5-4 kHz,2.197954927396495e-06,-53.59082794189453,0.5410602688789368,0.011198298074305058,-31.631473541259766
7775.0,7,>4 kHz,0.4998393952846527,-0.022710533812642097,0.6328422427177429,0.3002752959728241,-3.0641233921051025
7800.0,0,<250 Hz,2.4508636897735414e-07,-63.11782455444336,0.5395460724830627,0.018519237637519836,-27.262054443359375
7800.0,1,250-500 Hz,1.4414555948860652e-07,-65.42300415039062,0.6285770535469055,0.09634601324796677,-12.937840461730957
7800.0,2,500-750 Hz,2.2105470520727977e-07,-63.566017150878906,0.5396060347557068,0.031616903841495514,-22.61612892150879
7800.0,3,750-1000 Hz,1.7768292082109838e-07,-64.51455688476562,0.6275689005851746,0.06981119513511658,-15.736015319824219
7800.0,4,1-1.5 kHz,6.998698154347949e-07,-58.56084442138672,0.6208540201187134,0.09436573088169098,-13.118228912353516
7800.0,5,1.5-2.5 kHz,1.0368173661845503e-06,-56.85399627685547,0.5760215520858765,0.026739206165075302,-24.071544647216797
7800.0,6,2.5-4 kHz,2.20455717681034e-06,-53.57780075073242,0.5410602688789368,0.011198323220014572,-31.631454467773438
7800.0,7,>4 kHz,0.4996296167373657,-0.02453373745083809,0.6328070163726807,0.3001894950866699,-3.066605567932129
7825.0,0,<250 Hz,3.0014581398063456e-07,-62.237693786621094,0.5395461320877075,0.018519362434744835,-27.261993408203125
7825.0,1,250-500 Hz,1.5925938612326718e-07,-64.9899673461914,0.6285771131515503,0.09634603559970856,-12.93783950805664
7825.0,2,500-750 Hz,3.016107825715153e-07,-62.216548919677734,0.5396060943603516,0.031617049127817154,-22.6160888671875
7825.0,3,750-1000 Hz,1.4308045592770213e-07,-65.45521545410156,0.6275688409805298,0.0698111280798912,-15.736021995544434
7825.0,4,1-1.5 kHz,8.61310695654538e-07,-57.65941619873047,0.6208541393280029,0.09436593949794769,-13.118210792541504
7825.0,5,1.5-2.5 kHz,1.0449161891301628e-06,-56.8202018737793,0.5760215520858765,0.026739221066236496,-24.07154083251953
7825.0,6,2.5-4 kHz,2.1908144844928756e-06,-53.60496139526367,0.5410602688789368,0.011198269203305244,-31.631498336791992
7825.0,7,>4 kHz,0.49950408935546875,-0.025624901056289673,0.6327860355377197,0.3001381754875183,-3.0680906772613525
7850.0,0,<250 Hz,3.0901642844582966e-07,-62.111202239990234,0.5395461320877075,0.018519407138228416,-27.261974334716797
7850.0,1,250-500 Hz,1.6270260516648705e-07,-64.8970718383789,0.6285771131515503,0.09634605050086975,-12.937837600708008
7850.0,2,500-750 Hz,3.1625421570424805e-07,-62.010650634765625,0.5396060943603516,0.03161707893013954,-22.61608123779297
7850.0,3,750-1000 Hz,1.3988400837661175e-07,-65.55333709716797,0.6275688409805298,0.0698111280798912,-15.736021995544434
7850.0,4,1-1.5 kHz,9.570608199283015e-07,-57.20161819458008,0.6208541393280029,0.09436606615781784,-13.118199348449707
7850.0,5,1.5-2.5 kHz,1.0751076615633792e-06,-56.696495056152344,0.5760215520858765,0.026739289984107018,-24.071517944335938
7850.0,6,2.5-4 kHz,2.180234787374502e-06,-53.62598419189453,0.5410602688789368,0.011198228225111961,-31.631528854370117
7850.0,7,>4 kHz,0.4994920492172241,-0.025729577988386154,0.6327840089797974,0.30013322830200195,-3.0682337284088135
7875.0,0,<250 Hz,2.6515010631555924e-07,-62.776100158691406,0.5395460724830627,0.01851927489042282,-27.26203727722168
7875.0,1,250-500 Hz,1.4955368499158794e-07,-65.26304626464844,0.6285771131515503,0.09634602069854736,-12.937840461730957
7875.0,2,500-750 Hz,2.5095852151935105e-07,-63.014991760253906,0.5396060347557068,0.03161695599555969,-22.61611557006836
7875.0,3,750-1000 Hz,1.3699350631668494e-07,-65.64401245117188,0.6275688409805298,0.06981112062931061,-15.73602294921875
7875.0,4,1-1.5 kHz,7.577974656669539e-07,-58.215484619140625,0.6208540201187134,0.09436580538749695,-13.118223190307617
7875.0,5,1.5-2.5 kHz,1.0304308943887008e-06,-56.880828857421875,0.5760215520858765,0.02673918940126896,-24.071550369262695
7875.0,6,2.5-4 kHz,2.1724777070630807e-06,-53.64146423339844,0.5410602688789368,0.011198197491466999,-31.631553649902344
7875.0,7,>4 kHz,0.49959656596183777,-0.024821145460009575,0.6328015327453613,0.3001759648323059,-3.0669970512390137
7900.0,0,<250 Hz,2.0985626747460628e-07,-63.79179382324219,0.5395460724830627,0.01851913519203663,-27.262100219726562
7900.0,1,250-500 Hz,1.358860117761651e-07,-65.67926788330078,0.6285770535469055,0.09634600579738617,-12.937841415405273
7900.0,2,500-750 Hz,1.6437908811894886e-07,-64.85254669189453,0.5396060347557068,0.03161679953336716,-22.61615753173828
7900.0,3,750-1000 Hz,1.3673960097548843e-07,-65.6520767211914,0.6275688409805298,0.06981112062931061,-15.73602294921875
7900.0,4,1-1.5 kHz,5.626492907140346e-07,-59.508636474609375,0.6208540201187134,0.09436555951833725,-13.118246078491211
7900.0,5,1.5-2.5 kHz,1.1334610690028057e-06,-56.466949462890625,0.5760215520858765,0.026739424094557762,-24.071474075317383
7900.0,6,2.5-4 kHz,2.1628093236358836e-06,-53.660831451416016,0.5410602688789368,0.011198160238564014,-31.631582260131836
7900.0,7,>4 kHz,0.49979233741760254,-0.023119615390896797,0.6328343749046326,0.3002561032772064,-3.064678907394409
7925.0,0,<250 Hz,1.8990202477198181e-07,-64.22572326660156,0.539546012878418,0.018519092351198196,-27.262123107910156
7925.0,1,250-500 Hz,1.3106101448556728e-07,-65.8362808227539,0.6285770535469055,0.09634600579738617,-12.937841415405273
7925.0,2,500-750 Hz,1.3513559338207415e-07,-65.70331573486328,0.5396060347557068,0.03161674737930298,-22.616172790527344
7925.0,3,750-1000 Hz,1.3590674541319459e-07,-65.67860412597656,0.6275688409805298,0.06981112062931061,-15.73602294921875
7925.0,4,1-1.5 kHz,4.979349341738271e-07,-60.03929138183594,0.6208539605140686,0.09436547011137009,-13.118252754211426
7925.0,5,1.5-2.5 kHz,1.0222142918792088e-06,-56.91559600830078,0.5760215520858765,0.026739172637462616,-24.071556091308594
7925.0,6,2.5-4 kHz,2.206637873314321e-06,-53.57370376586914,0.5410602688789368,0.011198331601917744,-31.63144874572754
7925.0,7,>4 kHz,0.5000336766242981,-0.02102283574640751,0.6328748464584351,0.30035480856895447,-3.061823606491089
7950.0,0,<250 Hz,2.3308041363634402e-07,-63.33595657348633,0.5395460724830627,0.018519192934036255,-27.262075424194336
7950.0,1,250-500 Hz,1.3949235722066078e-07,-65.56550598144531,0.6285770535469055,0.09634600579738617,-12.937841415405273
7950.0,2,500-750 Hz,1.8919871536127175e-07,-64.24183654785156,0.5396060347557068,0.03161684796214104,-22.61614227294922
7950.0,3,750-1000 Hz,1.3679067478733486e-07,-65.65045166015625,0.6275688409805298,0.06981112062931061,-15.73602294921875
7950.0,4,1-1.5 kHz,6.352969421641319e-07,-58.98124694824219,0.6208540201187134,0.09436565637588501,-13.118236541748047
7950.0,5,1.5-2.5 kHz,1.120819092648162e-06,-56.51565933227539,0.5760215520858765,0.026739394292235374,-24.071483612060547
7950.0,6,2.5-4 kHz,2.1993218979332596e-06,-53.58812713623047,0.5410602688789368,0.01119830273091793,-31.631471633911133
7950.0,7,>4 kHz,0.5002632141113281,-0.01902976632118225,0.6329132914543152,0.30044859647750854,-3.059112071990967
