frequency_hz,band_index,band_label,energy,energy_relative_db,gate,activation_rms,activation_relative_db
50.0,0,<250 Hz,0.3126087188720703,-20.341999053955078,0.619697093963623,0.199264258146286,-26.34487533569336
50.0,1,250-500 Hz,0.14970172941684723,-23.53974151611328,0.5881291627883911,0.13081827759742737,-30.00009536743164
50.0,2,500-750 Hz,0.027029521763324738,-30.97362518310547,0.5512659549713135,0.07271573692560196,-35.100894927978516
50.0,3,750-1000 Hz,1.0370666980743408,-15.133942604064941,0.7225197553634644,0.48515433073043823,-18.61586570739746
50.0,4,1-1.5 kHz,0.0825013667345047,-26.127397537231445,0.5526889562606812,0.08686116337776184,-33.55695343017578
50.0,5,1.5-2.5 kHz,0.03890465199947357,-29.39199447631836,0.5583950877189636,0.06330928206443787,-36.304115295410156
50.0,6,2.5-4 kHz,0.2723618447780609,-20.940547943115234,0.6170089244842529,0.18793462216854095,-26.853328704833984
50.0,7,>4 kHz,0.3918490409851074,-19.360820770263672,0.6452263593673706,0.24573157727718353,-24.524246215820312
75.0,0,<250 Hz,0.2927544116973877,-20.62697410583496,0.6160688400268555,0.1908063143491745,-26.721609115600586
75.0,1,250-500 Hz,0.022666381672024727,-31.738187789916992,0.5553696155548096,0.04797857254743576,-38.71251678466797
75.0,2,500-750 Hz,0.04335951432585716,-28.921165466308594,0.5557215809822083,0.08709356933832169,-33.53374099731445
75.0,3,750-1000 Hz,0.5977271795272827,-17.526979446411133,0.6625239849090576,0.3224067986011505,-22.16537857055664
75.0,4,1-1.5 kHz,0.05100414529442787,-28.215953826904297,0.5436359643936157,0.06656575202941895,-35.868446350097656
75.0,5,1.5-2.5 kHz,0.06537317484617233,-27.13801383972168,0.5658838152885437,0.08308095484972,-33.94343566894531
75.0,6,2.5-4 kHz,0.28232720494270325,-20.784482955932617,0.6190364956855774,0.1924237608909607,-26.648290634155273
75.0,7,>4 kHz,0.4325782358646393,-18.93136215209961,0.6530491709709167,0.26325052976608276,-23.92607879638672
100.0,0,<250 Hz,0.3227454423904419,-20.20340919494629,0.6215230226516724,0.2036806344985962,-26.154470443725586
100.0,1,250-500 Hz,0.13373085856437683,-24.029693603515625,0.5842498540878296,0.12245260179042816,-30.57410430908203
100.0,2,500-750 Hz,0.05028000846505165,-28.27805519104004,0.5575861930847168,0.09266583621501923,-32.99507141113281
100.0,3,750-1000 Hz,0.25244617462158203,-21.270320892333984,0.5966401100158691,0.17753681540489197,-27.34769630432129
100.0,4,1-1.5 kHz,0.01738564670085907,-32.890098571777344,0.5336356163024902,0.03807265684008598,-40.7212028503418
100.0,5,1.5-2.5 kHz,0.07934975624084473,-26.296554565429688,0.5697518587112427,0.09232468158006668,-33.02710723876953
100.0,6,2.5-4 kHz,0.16267848014831543,-23.178709030151367,0.5933007597923279,0.13586226105690002,-29.67148780822754
100.0,7,>4 kHz,0.27456825971603394,-20.905506134033203,0.6208822727203369,0.19338634610176086,-26.604948043823242
125.0,0,<250 Hz,0.5196807384490967,-18.1346435546875,0.6538375616073608,0.28324592113494873,-23.290191650390625
125.0,1,250-500 Hz,0.44270917773246765,-18.83082389831543,0.6492496728897095,0.2642301023006439,-23.893817901611328
125.0,2,500-750 Hz,0.037531983107328415,-29.54799461364746,0.554140567779541,0.08219276368618011,-34.03679275512695
125.0,3,750-1000 Hz,0.07833058387041092,-26.35269546508789,0.5541516542434692,0.08828698098659515,-33.415531158447266
125.0,4,1-1.5 kHz,0.0013734947424381971,-43.91374206542969,0.5287454128265381,0.012346144765615463,-50.502838134765625
125.0,5,1.5-2.5 kHz,0.07434140145778656,-26.579702377319336,0.5683726072311401,0.08908125758171082,-33.337738037109375
125.0,6,2.5-4 kHz,0.040533069521188736,-29.21391487121582,0.5635138750076294,0.06267630308866501,-36.391395568847656
125.0,7,>4 kHz,0.06380659341812134,-27.24335479736328,0.5690656900405884,0.08168107271194458,-34.09103775024414
150.0,0,<250 Hz,1.0114185810089111,-15.242700576782227,0.7147563099861145,0.46087682247161865,-19.061767578125
150.0,1,250-500 Hz,0.7186428308486938,-16.726879119873047,0.6933441162109375,0.3742309510707855,-20.870668411254883
150.0,2,500-750 Hz,0.016044743359088898,-33.23868179321289,0.5482239723205566,0.06163397431373596,-36.53705978393555
150.0,3,750-1000 Hz,0.048348668962717056,-28.448163986206055,0.5460382699966431,0.06809774786233902,-35.67081069946289
150.0,4,1-1.5 kHz,0.017878148704767227,-32.76878356933594,0.5337846875190735,0.038601115345954895,-40.60146713256836
150.0,5,1.5-2.5 kHz,0.05498422682285309,-27.889629364013672,0.5629702806472778,0.07576072216033936,-34.74458312988281
150.0,6,2.5-4 kHz,0.11911104619503021,-24.532489776611328,0.5831170082092285,0.11301711201667786,-31.270580291748047
150.0,7,>4 kHz,0.09342535585165024,-25.587360382080078,0.5770666599273682,0.1008039265871048,-32.263916015625
175.0,0,<250 Hz,1.8295701742172241,-12.668519020080566,0.7794890403747559,0.7113399505615234,-15.29192066192627
175.0,1,250-500 Hz,0.7026844620704651,-16.824405670166016,0.6910722255706787,0.3681235909461975,-21.013591766357422
175.0,2,500-750 Hz,0.03167826309800148,-30.284395217895508,0.5525423288345337,0.07710912823677063,-34.591346740722656
175.0,3,750-1000 Hz,0.07734298706054688,-26.407798767089844,0.5538884401321411,0.08761966228485107,-33.4814338684082
175.0,4,1-1.5 kHz,0.059780336916446686,-27.526426315307617,0.5461885929107666,0.0725666955113411,-35.118717193603516
175.0,5,1.5-2.5 kHz,0.03331016004085541,-30.066242218017578,0.5567842721939087,0.05854545906186104,-36.98360061645508
175.0,6,2.5-4 kHz,0.47577449679374695,-18.51799774169922,0.6547858715057373,0.2747774124145508,-23.553844451904297
175.0,7,>4 kHz,0.5659430623054504,-17.7642822265625,0.676661491394043,0.3186536729335785,-22.267086029052734
200.0,0,<250 Hz,2.809589385986328,-10.805580139160156,0.8267167806625366,0.9586777687072754,-12.70001220703125
200.0,1,250-500 Hz,0.35279056429862976,-19.81683921813965,0.6323196887969971,0.2260034829378128,-25.251161575317383
200.0,2,500-750 Hz,0.15231600403785706,-23.464553833007812,0.5835429430007935,0.15897715091705322,-28.30677032470703
200.0,3,750-1000 Hz,0.09249286353588104,-25.63092803955078,0.5578964948654175,0.09680173546075821,-32.61580276489258
200.0,4,1-1.5 kHz,0.09564254432916641,-25.485498428344727,0.5563787221908569,0.09451992809772491,-32.822998046875
200.0,5,1.5-2.5 kHz,0.019721252843737602,-32.34266662597656,0.5528299808502197,0.04534461349248886,-39.20294952392578
200.0,6,2.5-4 kHz,0.9290794134140015,-15.611480712890625,0.7180946469306946,0.44697752594947815,-19.32775115966797
200.0,7,>4 kHz,1.3880094289779663,-13.868084907531738,0.7757353186607361,0.6161671876907349,-16.539493560791016
225.0,0,<250 Hz,3.5866830348968506,-9.745079040527344,0.8519147634506226,1.126534104347229,-11.298578262329102
225.0,1,250-500 Hz,0.01806202158331871,-32.72434616088867,0.5540952682495117,0.04527850076556206,-39.21562576293945
225.0,2,500-750 Hz,0.4229520261287689,-19.029098510742188,0.64070725440979,0.2921788990497589,-23.02048683166504
225.0,3,750-1000 Hz,0.07416466623544693,-26.59004020690918,0.55303955078125,0.08562413603067398,-33.681541442871094
225.0,4,1-1.5 kHz,0.09163042157888412,-25.671613693237305,0.5552575588226318,0.09222240000963211,-33.03673553466797
225.0,5,1.5-2.5 kHz,0.015672840178012848,-33.34053421020508,0.5516403913497925,0.040726471692323685,-40.13592529296875
225.0,6,2.5-4 kHz,1.127671718597412,-14.770182609558105,0.7394095659255981,0.5158378481864929,-18.083200454711914
225.0,7,>4 kHz,2.17720365524292,-11.913018226623535,0.829349935054779,0.8490084409713745,-13.755224227905273
250.0,0,<250 Hz,3.7407283782958984,-9.562447547912598,0.8560673594474792,1.1575261354446411,-11.062847137451172
250.0,1,250-500 Hz,0.4072672426700592,-19.193214416503906,0.6427465677261353,0.25001442432403564,-24.374162673950195
250.0,2,500-750 Hz,0.8125081062316895,-16.1937313079834,0.7016119360923767,0.4528389871120453,-19.214588165283203
250.0,3,750-1000 Hz,0.0441020131111145,-28.84742546081543,0.5448682308197021,0.06489706039428711,-36.088966369628906
250.0,4,1-1.5 kHz,0.04621555656194687,-28.644126892089844,0.5422331690788269,0.06314577907323837,-36.326576232910156
250.0,5,1.5-2.5 kHz,0.014723330736160278,-33.6119499206543,0.5513606071472168,0.03957453742623329,-40.38514709472656
250.0,6,2.5-4 kHz,0.8455610871315002,-16.020559310913086,0.7081270217895508,0.41694173216819763,-19.931957244873047
250.0,7,>4 kHz,2.49990177154541,-11.312780380249023,0.8450409173965454,0.9330657124519348,-12.935219764709473
275.0,0,<250 Hz,3.05159854888916,-10.446735382080078,0.8354329466819763,1.0131866931915283,-12.219675064086914
275.0,1,250-500 Hz,2.3179335594177246,-11.640998840332031,0.8274608254432678,0.8752368688583374,-13.490952491760254
275.0,2,500-750 Hz,1.1951254606246948,-14.517874717712402,0.7453336715698242,0.5916228294372559,-16.89256477355957
275.0,3,750-1000 Hz,0.02448102831840515,-31.40371322631836,0.539393424987793,0.04822508618235588,-38.66800308227539
275.0,4,1-1.5 kHz,0.010329538024961948,-35.15119934082031,0.5314909219741821,0.029619935899972916,-42.90178298950195
275.0,5,1.5-2.5 kHz,0.011593541130423546,-34.64984893798828,0.55043625831604,0.03555617481470108,-41.315162658691406
275.0,6,2.5-4 kHz,0.2814657986164093,-20.797752380371094,0.618861973285675,0.19224031269550323,-26.656574249267578
275.0,7,>4 kHz,2.1724486351013184,-11.922513961791992,0.8290972709655762,0.8477181196212769,-13.76843547821045
300.0,0,<250 Hz,1.7288644313812256,-12.914400100708008,0.7731447219848633,0.6830062866210938,-15.644969940185547
300.0,1,250-500 Hz,6.227707862854004,-7.348727226257324,0.9211252927780151,1.635308027267456,-8.06147289276123
300.0,2,500-750 Hz,1.3965275287628174,-13.841514587402344,0.7639035582542419,0.6588068008422852,-15.958303451538086
300.0,3,750-1000 Hz,0.014363364316523075,-33.71944808959961,0.536525309085846,0.03741709142923355,-40.87206268310547
300.0,4,1-1.5 kHz,0.07006701081991196,-26.836872100830078,0.5491507053375244,0.07933687418699265,-34.343963623046875
300.0,5,1.5-2.5 kHz,0.010486987419426441,-35.08550262451172,0.5501087307929993,0.03404204547405243,-41.693153381347656
300.0,6,2.5-4 kHz,0.10747013241052628,-24.9791316986084,0.5803158283233643,0.10779181867837906,-31.681747436523438
300.0,7,>4 kHz,1.3965637683868408,-13.841401100158691,0.7764753103256226,0.6189447641372681,-16.50042724609375
325.0,0,<250 Hz,0.44881922006607056,-18.77129364013672,0.6428619623184204,0.25553709268569946,-24.184383392333984
325.0,1,250-500 Hz,11.943718910217285,-4.520613670349121,0.9578641653060913,2.357792854309082,-4.8833513259887695
325.0,2,500-750 Hz,1.2932260036468506,-14.175264358520508,0.7547011971473694,0.6248077750205994,-16.418535232543945
325.0,3,750-1000 Hz,0.00995564553886652,-35.31131362915039,0.5352661609649658,0.031809452921152115,-42.2823371887207
325.0,4,1-1.5 kHz,0.29423457384109497,-20.605072021484375,0.6065136790275574,0.19095009565353394,-26.71506690979004
325.0,5,1.5-2.5 kHz,0.022742152214050293,-31.72369384765625,0.5537141561508179,0.04854128137230873,-38.61124038696289
325.0,6,2.5-4 kHz,1.1560626029968262,-14.662195205688477,0.7422113418579102,0.5253427028656006,-17.924610137939453
325.0,7,>4 kHz,0.6196334958076477,-17.37066078186035,0.6853821277618408,0.3403243124485016,-21.69560432434082
350.0,0,<250 Hz,0.11090439558029175,-24.84252166748047,0.5793358087539673,0.10666786134243011,-31.77279281616211
350.0,1,250-500 Hz,18.502300262451172,-2.6197519302368164,0.9732053279876709,2.979722738265991,-2.849947214126587
350.0,2,500-750 Hz,0.9058899879455566,-15.721254348754883,0.7134913206100464,0.4881933629512787,-18.561626434326172
350.0,3,750-1000 Hz,0.04857645556330681,-28.427751541137695,0.5461008548736572,0.06840091943740845,-35.632225036621094
350.0,4,1-1.5 kHz,0.6778103709220886,-16.980926513671875,0.6800487041473389,0.3485603928565979,-21.487903594970703
350.0,5,1.5-2.5 kHz,0.05338725447654724,-28.01763343811035,0.5625194311141968,0.07459694892168045,-34.87904357910156
350.0,6,2.5-4 kHz,3.888728141784668,-9.393933296203613,0.8763967752456665,1.2177962064743042,-10.62197208404541
350.0,7,>4 kHz,0.22257743775844574,-21.817197799682617,0.609140157699585,0.16914306581020355,-27.768381118774414
375.0,0,<250 Hz,1.3887826204299927,-13.865666389465332,0.7487499713897705,0.5824126601219177,-17.02884864807129
375.0,1,250-500 Hz,24.404855728149414,-1.4172468185424805,0.9800551533699036,3.4443235397338867,-1.5913857221603394
375.0,2,500-750 Hz,0.4152730107307434,-19.108673095703125,0.6392825841903687,0.28874221444129944,-23.123260498046875
375.0,3,750-1000 Hz,0.22416840493679047,-21.786266326904297,0.5902345180511475,0.16453656554222107,-28.008214950561523
375.0,4,1-1.5 kHz,1.121946096420288,-14.792289733886719,0.7397563457489014,0.511339545249939,-18.159276962280273
375.0,5,1.5-2.5 kHz,0.0891726091504097,-25.789695739746094,0.5724356174468994,0.09849642217159271,-32.46505355834961
375.0,6,2.5-4 kHz,7.974496841430664,-6.27497673034668,0.9326097965240479,1.870800495147705,-6.892914772033691
375.0,7,>4 kHz,0.2758813500404358,-20.884784698486328,0.6211707592010498,0.19414223730564117,-26.571063995361328
400.0,0,<250 Hz,4.30364990234375,-8.95363998413086,0.8694530725479126,1.2654964923858643,-10.288246154785156
400.0,1,250-500 Hz,28.116661071777344,-0.8023719787597656,0.9828847646713257,3.70654296875,-0.9540833234786987
400.0,2,500-750 Hz,0.06911782175302505,-26.89611053466797,0.5625920295715332,0.10702389478683472,-31.74384880065918
400.0,3,750-1000 Hz,0.6365912556648254,-17.253402709960938,0.6687430143356323,0.3376343250274658,-21.76453399658203
400.0,4,1-1.5 kHz,1.47118079662323,-13.615349769592285,0.7743970155715942,0.6272684335708618,-16.384395599365234
400.0,5,1.5-2.5 kHz,0.10380952805280685,-25.129638671875,0.5763821601867676,0.10730716586112976,-31.720888137817383
400.0,6,2.5-4 kHz,12.279693603515625,-4.400134086608887,0.9551640748977661,2.37923002243042,-4.8047356605529785
400.0,7,>4 kHz,0.5552752017974854,-17.846925735473633,0.6748778820037842,0.3143311142921448,-22.38571548461914
425.0,0,<250 Hz,8.080705642700195,-6.21751594543457,0.9197026491165161,1.848751187324524,-6.9958953857421875
425.0,1,250-500 Hz,28.62387466430664,-0.724725067615509,0.9832136631011963,3.7409329414367676,-0.8738658428192139
425.0,2,500-750 Hz,0.02357827126979828,-31.5668888092041,0.5503140687942505,0.06968597322702408,-35.470558166503906
425.0,3,750-1000 Hz,1.2928019762039185,-14.176689147949219,0.7492267489433289,0.5716858506202698,-17.19031524658203
425.0,4,1-1.5 kHz,1.5907411575317383,-13.27601432800293,0.7844508290290833,0.664761483669281,-15.880146980285645
425.0,5,1.5-2.5 kHz,0.0825161412358284,-26.12662124633789,0.570620059967041,0.09434649348258972,-32.83894729614258
425.0,6,2.5-4 kHz,15.331185340881348,-3.4362518787384033,0.963965654373169,2.6827728748321533,-3.761786460876465
425.0,7,>4 kHz,0.8048216104507446,-16.23501205444336,0.7124971747398376,0.4121917188167572,-20.031478881835938
450.0,0,<250 Hz,11.418676376342773,-4.715851783752441,0.9401353597640991,2.249511241912842,-5.29170036315918
450.0,1,250-500 Hz,25.808378219604492,-1.174402117729187,0.9812218546867371,3.545776844024658,-1.3392364978790283
450.0,2,500-750 Hz,0.22374403476715088,-21.79449462890625,0.6001449227333069,0.1973964273929596,-26.426677703857422
450.0,3,750-1000 Hz,2.0330801010131836,-12.210464477539062,0.8053067922592163,0.7941774725914001,-14.335113525390625
450.0,4,1-1.5 kHz,1.437781810760498,-13.715080261230469,0.7714405655860901,0.6166129112243652,-16.53321075439453
450.0,5,1.5-2.5 kHz,0.04661894217133522,-28.606386184692383,0.5606001615524292,0.06951822340488434,-35.49148941040039
450.0,6,2.5-4 kHz,16.016517639160156,-3.246328353881836,0.9655051231384277,2.7463717460632324,-3.5582778453826904
450.0,7,>4 kHz,1.0331982374191284,-15.15017318725586,0.7406660318374634,0.4958858788013458,-18.42582893371582
475.0,0,<250 Hz,13.06879711151123,-4.129652976989746,0.946834921836853,2.4243836402893066,-4.641438007354736
475.0,1,250-500 Hz,20.479360580444336,-2.1788454055786133,0.975938081741333,3.143061637878418,-2.386406421661377
475.0,2,500-750 Hz,0.4256039559841156,-19.001953125,0.6411970853805542,0.29333144426345825,-22.98629379272461
475.0,3,750-1000 Hz,2.5605392456054688,-11.208695411682129,0.8328837156295776,0.9321345686912537,-12.943892478942871
475.0,4,1-1.5 kHz,1.0820008516311646,-14.949732780456543,0.7352019548416138,0.4974437355995178,-18.39858627319336
475.0,5,1.5-2.5 kHz,0.05036916211247444,-28.270360946655273,0.5616653561592102,0.07239095121622086,-35.13977813720703
475.0,6,2.5-4 kHz,14.125076293945312,-3.7921011447906494,0.960913896560669,2.567049264907837,-4.144780158996582
475.0,7,>4 kHz,1.589152455329895,-13.280353546142578,0.7920440435409546,0.6797056794166565,-15.68704605102539
500.0,0,<250 Hz,12.424680709838867,-4.349156856536865,0.9444055557250977,2.35760498046875,-4.8840436935424805
500.0,1,250-500 Hz,14.055301666259766,-3.813607692718506,0.9643102884292603,2.5745022296905518,-4.119599342346191
500.0,2,500-750 Hz,0.38348188996315,-19.454559326171875,0.6332736015319824,0.27435722947120667,-23.567134857177734
500.0,3,750-1000 Hz,2.5909805297851562,-11.157368659973145,0.8342568874359131,0.9396682977676392,-12.87397289276123
500.0,4,1-1.5 kHz,0.6634829044342041,-17.073711395263672,0.6777344346046448,0.34300529956817627,-21.6274471282959
500.0,5,1.5-2.5 kHz,0.1402195394039154,-23.823925018310547,0.5859352350234985,0.1278039664030075,-30.202577590942383
500.0,6,2.5-4 kHz,10.423660278320312,-5.111806869506836,0.9475059509277344,2.1742894649505615,-5.5871171951293945
500.0,7,>4 kHz,2.922929286956787,-10.63382625579834,0.862012505531311,1.0354536771774292,-12.030850410461426
525.0,0,<250 Hz,9.798852920532227,-5.380256652832031,0.931695282459259,2.0642058849334717,-6.0384039878845215
525.0,1,250-500 Hz,8.04349422454834,-6.2375617027282715,0.9378437399864197,1.894112467765808,-6.785348892211914
525.0,2,500-750 Hz,0.11264371126890182,-24.774940490722656,0.5737810134887695,0.13584811985492706,-29.672391891479492
525.0,3,750-1000 Hz,2.047945737838745,-12.178825378417969,0.8061964511871338,0.7982852458953857,-14.290302276611328
525.0,4,1-1.5 kHz,0.31631678342819214,-20.290786743164062,0.6115003824234009,0.2006477415561676,-26.284778594970703
525.0,5,1.5-2.5 kHz,0.30234938859939575,-20.48691749572754,0.6243306398391724,0.20710287988185883,-26.009740829467773
525.0,6,2.5-4 kHz,6.239512920379639,-7.3405022621154785,0.9161367416381836,1.6234633922576904,-8.124613761901855
525.0,7,>4 kHz,5.1852521896362305,-8.144309997558594,0.9148498773574829,1.4813328981399536,-8.920411109924316
550.0,0,<250 Hz,6.233796119689941,-7.344483852386475,0.9010595679283142,1.5876491069793701,-8.318374633789062
550.0,1,250-500 Hz,3.5429611206054688,-9.798345565795898,0.8729108572006226,1.159467339515686,-11.048294067382812
550.0,2,500-750 Hz,0.059473369270563126,-27.548782348632812,0.5600414872169495,0.10110432654619217,-32.238067626953125
550.0,3,750-1000 Hz,1.1713104248046875,-14.6052885055542,0.7371476292610168,0.5312913656234741,-17.82680892944336
550.0,4,1-1.5 kHz,0.10681644082069397,-25.00562858581543,0.5594767332077026,0.1008608490228653,-32.259010314941406
550.0,5,1.5-2.5 kHz,0.44701480865478516,-18.78879165649414,0.653702974319458,0.27068138122558594,-23.684295654296875
550.0,6,2.5-4 kHz,2.810875415802002,-10.803593635559082,0.8435045480728149,0.9864357709884644,-12.45208740234375
550.0,7,>4 kHz,7.95873498916626,-6.283568859100342,0.9435084462165833,1.8970072269439697,-6.772084712982178
575.0,0,<250 Hz,2.964157819747925,-10.572996139526367,0.8323861956596375,0.9937233924865723,-12.388154029846191
575.0,1,250-500 Hz,0.9666996598243713,-15.439094543457031,0.7251023054122925,0.4658169746398926,-18.969158172607422
575.0,2,500-750 Hz,1.0317792892456055,-15.15614128112793,0.7281984090805054,0.5342462062835693,-17.778636932373047
575.0,3,750-1000 Hz,0.43844106793403625,-18.87289810180664,0.6347068548202515,0.25824737548828125,-24.09274673461914
575.0,4,1-1.5 kHz,0.02140848897397518,-31.986148834228516,0.5348511338233948,0.0424119234085083,-39.7837028503418
575.0,5,1.5-2.5 kHz,0.4610414505004883,-18.65460968017578,0.6563392281532288,0.2766360640525818,-23.495288848876953
575.0,6,2.5-4 kHz,0.7769463658332825,-16.388099670410156,0.6994320154190063,0.3917922377586365,-20.472347259521484
575.0,7,>4 kHz,10.345298767089844,-5.14457893371582,0.9567592144012451,2.1935367584228516,-5.510565757751465
600.0,0,<250 Hz,0.8428165912628174,-16.034677505493164,0.6964252591133118,0.4027283191680908,-20.23322105407715
600.0,1,250-500 Hz,0.0635809600353241,-27.258739471435547,0.5664133429527283,0.08289667218923569,-33.96272277832031
600.0,2,500-750 Hz,3.8635072708129883,-9.422191619873047,0.8790066242218018,1.278437614440918,-10.199872970581055
600.0,3,750-1000 Hz,0.30894234776496887,-20.39323616027832,0.6089215278625488,0.2030820995569229,-26.180030822753906
600.0,4,1-1.5 kHz,0.003044907934963703,-40.456268310546875,0.5292598009109497,0.017046894878149033,-47.700557708740234
600.0,5,1.5-2.5 kHz,0.30584466457366943,-20.437000274658203,0.6250905990600586,0.2086908370256424,-25.943395614624023
600.0,6,2.5-4 kHz,0.057756297290325165,-27.676013946533203,0.5679540634155273,0.07676973938941956,-34.629661560058594
600.0,7,>4 kHz,11.392956733703613,-4.725645065307617,0.9609075784683228,2.311764717102051,-5.054592132568359
625.0,0,<250 Hz,0.04333364963531494,-28.923757553100586,0.5638440251350403,0.06421925127506256,-36.18016052246094
625.0,1,250-500 Hz,0.18108922243118286,-22.713085174560547,0.5955665111541748,0.14716848731040955,-28.9771671295166
625.0,2,500-750 Hz,8.948840141296387,-5.774341583251953,0.9427303075790405,2.0680227279663086,-6.022358417510986
625.0,3,750-1000 Hz,0.930416464805603,-15.60523509979248,0.7098132371902466,0.44741496443748474,-19.31925392150879
625.0,4,1-1.5 kHz,0.003547305939719081,-39.79302215576172,0.5294142961502075,0.018151188269257545,-47.15536117553711
625.0,5,1.5-2.5 kHz,0.08745324611663818,-25.874250411987305,0.5719678401947021,0.09749676287174225,-32.55366134643555
625.0,6,2.5-4 kHz,0.11600547283887863,-24.64722442626953,0.5823731422424316,0.11142276227474213,-31.393985748291016
625.0,7,>4 kHz,10.608047485351562,-5.0356550216674805,0.9578732252120972,2.2237792015075684,-5.39163064956665
650.0,0,<250 Hz,0.16082057356834412,-23.228591918945312,0.5900958776473999,0.13074347376823425,-30.005064010620117
650.0,1,250-500 Hz,0.6156079173088074,-17.398967742919922,0.6781166791915894,0.3342963755130768,-21.850831985473633
650.0,2,500-750 Hz,15.88455581665039,-3.2822585105895996,0.9678767323493958,2.8072094917297363,-3.3679676055908203
650.0,3,750-1000 Hz,1.99558687210083,-12.291302680969238,0.8030294179916382,0.7838274240493774,-14.449054718017578
650.0,4,1-1.5 kHz,0.014385875314474106,-33.712646484375,0.5327258110046387,0.03477077558636665,-41.50917434692383
650.0,5,1.5-2.5 kHz,0.02553481236100197,-31.22068214416504,0.5545289516448975,0.05171419307589531,-38.0612678527832
650.0,6,2.5-4 kHz,0.3741946816444397,-19.561033248901367,0.6368303894996643,0.23248493671417236,-25.00556755065918
650.0,7,>4 kHz,8.23410701751709,-6.1358442306518555,0.9453996419906616,1.9335225820541382,-6.606479167938232
675.0,0,<250 Hz,0.5845264196395874,-17.62396812438965,0.6633102297782898,0.3080971837043762,-22.559709548950195
675.0,1,250-500 Hz,0.8865658044815063,-15.814899444580078,0.7155236005783081,0.4368629455566406,-19.526559829711914
675.0,2,500-750 Hz,23.43516731262207,-1.5933287143707275,0.9787091016769409,3.432102680206299,-1.6222590208053589
675.0,3,750-1000 Hz,2.872323751449585,-10.709675788879395,0.8460301160812378,1.0073238611221313,-12.270082473754883
675.0,4,1-1.5 kHz,0.06029742583632469,-27.48902130126953,0.5463382601737976,0.07300666719675064,-35.06621551513672
675.0,5,1.5-2.5 kHz,0.3147520124912262,-20.31232452392578,0.627015233039856,0.21276690065860748,-25.77538299560547
675.0,6,2.5-4 kHz,0.5142474174499512,-18.180288314819336,0.6611618995666504,0.290349543094635,-23.075042724609375
675.0,7,>4 kHz,5.129626750946045,-8.19115161895752,0.9140080213546753,1.4718546867370605,-8.976165771484375
700.0,0,<250 Hz,0.8727789521217346,-15.882966995239258,0.6998521685600281,0.41322875022888184,-20.009653091430664
700.0,1,250-500 Hz,0.8372740149497986,-16.06333351135254,0.7093234658241272,0.41878142952919006,-19.893714904785156
700.0,2,500-750 Hz,29.884868621826172,-0.5374956727027893,0.9836279153823853,3.885209560394287,-0.545175313949585
700.0,3,750-1000 Hz,2.9672842025756836,-10.5684175491333,0.8496636152267456,1.029375672340393,-12.081986427307129
700.0,4,1-1.5 kHz,0.16909250617027283,-23.010766983032227,0.576103925704956,0.13308431208133698,-29.85092544555664
700.0,5,1.5-2.5 kHz,0.9624062776565552,-15.458425521850586,0.731807291507721,0.4727325439453125,-18.841154098510742
700.0,6,2.5-4 kHz,0.5180521011352539,-18.148273468017578,0.6617804765701294,0.291909396648407,-23.02850341796875
700.0,7,>4 kHz,2.332944393157959,-11.612966537475586,0.8372646570205688,0.890248715877533,-13.34323787689209
725.0,0,<250 Hz,0.9084975719451904,-15.708771705627441,0.7038381695747375,0.4257064461708069,-19.75126075744629
725.0,1,250-500 Hz,0.5649945735931396,-17.77156639099121,0.6701240539550781,0.31419092416763306,-22.389591217041016
725.0,2,500-750 Hz,33.641632080078125,-0.023238807916641235,0.9856118559837341,4.125690460205078,-0.02353164553642273
725.0,3,750-1000 Hz,2.1269633769989014,-12.014409065246582,0.8108034133911133,0.8198674917221069,-14.05859088897705
725.0,4,1-1.5 kHz,0.34439414739608765,-19.921451568603516,0.617688775062561,0.21283917129039764,-25.77243423461914
725.0,5,1.5-2.5 kHz,1.728005290031433,-12.916559219360352,0.8025287389755249,0.7251707315444946,-15.124659538269043
725.0,6,2.5-4 kHz,0.5037598609924316,-18.269773483276367,0.6594456434249878,0.2861713171005249,-23.20094108581543
725.0,7,>4 kHz,0.5838963985443115,-17.628652572631836,0.6796245574951172,0.326138973236084,-22.065410614013672
750.0,0,<250 Hz,0.799347996711731,-16.264650344848633,0.6913132071495056,0.3873037099838257,-20.572431564331055
750.0,1,250-500 Hz,0.2613690495491028,-21.119468688964844,0.6135351657867432,0.18508335947990417,-26.98611831665039
750.0,2,500-750 Hz,33.82212829589844,0.0,0.9856958389282227,4.136882781982422,0.0
750.0,3,750-1000 Hz,0.8300400376319885,-16.10101890563965,0.6968613266944885,0.41088443994522095,-20.059070587158203
750.0,4,1-1.5 kHz,0.5586462020874023,-17.820640563964844,0.6598888635635376,0.3016333281993866,-22.743877410888672
750.0,5,1.5-2.5 kHz,2.2358462810516357,-11.797590255737305,0.8332220315933228,0.8686355352401733,-13.556713104248047
750.0,6,2.5-4 kHz,0.5339087843894958,-18.017337799072266,0.6643362045288086,0.2982594966888428,-22.841577529907227
750.0,7,>4 kHz,0.06477689743041992,-27.17780876159668,0.5693320035934448,0.08359049260616302,-33.89032745361328
775.0,0,<250 Hz,0.6677790284156799,-17.04568099975586,0.6747415065765381,0.3394167423248291,-21.718799591064453
775.0,1,250-500 Hz,0.06673122197389603,-27.04871940612793,0.567243754863739,0.0827101543545723,-33.9822883605957
775.0,2,500-750 Hz,30.55133056640625,-0.4417080283164978,0.9840161800384521,3.9289743900299072,-0.4478803873062134
775.0,3,750-1000 Hz,0.024751851335167885,-31.355932235717773,0.5394697189331055,0.05175529047846794,-38.05436706542969
775.0,4,1-1.5 kHz,0.7638452649116516,-16.461956024169922,0.6933647394180298,0.3815780282020569,-20.701797485351562
775.0,5,1.5-2.5 kHz,2.2068419456481934,-11.854296684265137,0.8317033052444458,0.860867440700531,-13.63473892211914
775.0,6,2.5-4 kHz,0.54826819896698,-17.90207862854004,0.6666197776794434,0.3039554953575134,-22.677265167236328
775.0,7,>4 kHz,0.4534115493297577,-18.727083206176758,0.6569344997406006,0.272090345621109,-23.639202117919922
800.0,0,<250 Hz,0.5250798463821411,-18.08975601196289,0.654646635055542,0.28528153896331787,-23.227989196777344
800.0,1,250-500 Hz,0.007407045923173428,-36.595558166503906,0.5511225461959839,0.02858647331595421,-43.21025466918945
800.0,2,500-750 Hz,24.8529052734375,-1.3382377624511719,0.9800115823745728,3.5375454425811768,-1.3594235181808472
800.0,3,750-1000 Hz,0.6642910838127136,-17.06842613220215,0.6730512976646423,0.3485942780971527,-21.487060546875
800.0,4,1-1.5 kHz,0.9062501192092896,-15.719528198242188,0.7134108543395996,0.4346066117286682,-19.571537017822266
800.0,5,1.5-2.5 kHz,1.651597261428833,-13.112968444824219,0.7970274686813354,0.7020917534828186,-15.405587196350098
800.0,6,2.5-4 kHz,0.4468361735343933,-18.79052734375,0.6498414278030396,0.26289165019989014,-23.937929153442383
800.0,7,>4 kHz,1.1857826709747314,-14.551959037780762,0.7568725943565369,0.5489953756332397,-17.542091369628906
825.0,0,<250 Hz,0.3193965554237366,-20.248706817626953,0.6209218502044678,0.2021378129720688,-26.22051239013672
825.0,1,250-500 Hz,0.022885967046022415,-31.696317672729492,0.55543053150177,0.04761907458305359,-38.7778434753418
825.0,2,500-750 Hz,18.20770263671875,-2.689457893371582,0.9721547365188599,3.0137076377868652,-2.7514421939849854
825.0,3,750-1000 Hz,3.175858974456787,-10.273397445678711,0.8571153879165649,1.076545238494873,-11.692818641662598
825.0,4,1-1.5 kHz,0.9370949268341064,-15.574173927307129,0.7174561023712158,0.4458441734313965,-19.349802017211914
825.0,5,1.5-2.5 kHz,0.8737673163414001,-15.8780517578125,0.7206954956054688,0.4401024580001831,-19.46238899230957
825.0,6,2.5-4 kHz,0.22413116693496704,-21.7869873046875,0.6069070100784302,0.1657356172800064,-27.945146560668945
825.0,7,>4 kHz,1.739333152770996,-12.888181686401367,0.8028870224952698,0.7252565026283264,-15.123632431030273
850.0,0,<250 Hz,0.08445093035697937,-26.025964736938477,0.5734028816223145,0.08977274596691132,-33.270572662353516
850.0,1,250-500 Hz,0.03848225250840187,-29.439403533935547,0.559697687625885,0.0617380365729332,-36.52240753173828
850.0,2,500-750 Hz,12.00552749633789,-4.498196601867676,0.9571889638900757,2.422337770462036,-4.648770332336426
850.0,3,750-1000 Hz,7.153713703155518,-6.7466936111450195,0.9288730025291443,1.7706382274627686,-7.370867729187012
850.0,4,1-1.5 kHz,0.8245315551757812,-16.12993621826172,0.7021946907043457,0.40441781282424927,-20.19685935974121
850.0,5,1.5-2.5 kHz,0.2635039687156677,-21.084136962890625,0.6157032251358032,0.18927931785583496,-26.791400909423828
850.0,6,2.5-4 kHz,0.025128114968538284,-31.290409088134766,0.5594709515571594,0.04915812984108925,-38.501556396484375
850.0,7,>4 kHz,1.8058953285217285,-12.72508430480957,0.8073725700378418,0.7448996305465698,-14.891509056091309
875.0,0,<250 Hz,0.02584300935268402,-31.168577194213867,0.5596476793289185,0.048424504697322845,-38.63216018676758
875.0,1,250-500 Hz,0.024640575051307678,-31.37550163269043,0.5559142827987671,0.04932166635990143,-38.47270965576172
875.0,2,500-750 Hz,7.1367669105529785,-6.756994247436523,0.9289860725402832,1.8254539966583252,-7.106046676635742
875.0,3,750-1000 Hz,11.456137657165527,-4.701627254486084,0.9553043246269226,2.305140495300293,-5.079516887664795
875.0,4,1-1.5 kHz,0.5754430890083313,-17.691986083984375,0.6628605127334595,0.3083578646183014,-22.552364349365234
875.0,5,1.5-2.5 kHz,0.026425037533044815,-31.071853637695312,0.5547881126403809,0.052734795957803726,-37.891517639160156
875.0,6,2.5-4 kHz,0.06695699691772461,-27.03404998779297,0.5702922344207764,0.08185644447803497,-34.07240676879883
875.0,7,>4 kHz,1.3465114831924438,-13.999908447265625,0.7720826268196106,0.6027339100837708,-16.7309513092041
900.0,0,<250 Hz,0.43392252922058105,-18.91788673400879,0.6404659748077393,0.24940860271453857,-24.39523696899414
900.0,1,250-500 Hz,0.007132442202419043,-36.75962829589844,0.5510454177856445,0.02789023332297802,-43.42441940307617
900.0,2,500-750 Hz,3.8663978576660156,-9.418944358825684,0.8790788650512695,1.2790234088897705,-10.195894241333008
900.0,3,750-1000 Hz,14.671870231628418,-3.627154588699341,0.9654154777526855,2.6353185176849365,-3.916802167892456
900.0,4,1-1.5 kHz,0.26243215799331665,-21.101839065551758,0.5991401076316833,0.17682065069675446,-27.38280487060547
900.0,5,1.5-2.5 kHz,0.06175827607512474,-27.385059356689453,0.5648738145828247,0.08069232106208801,-34.19681930541992
900.0,6,2.5-4 kHz,0.4821482300758362,-18.460203170776367,0.6558576226234436,0.2773432731628418,-23.473112106323242
900.0,7,>4 kHz,0.5941406488418579,-17.553117752075195,0.6812939047813416,0.3300788998603821,-21.961109161376953
925.0,0,<250 Hz,1.4616022109985352,-13.643717765808105,0.7544026374816895,0.6046072244644165,-16.703998565673828
925.0,1,250-500 Hz,0.032234665006399155,-30.208778381347656,0.5579971075057983,0.05644924193620682,-37.3003044128418
925.0,2,500-750 Hz,1.9746248722076416,-12.337163925170898,0.8055222034454346,0.8334119319915771,-13.916271209716797
925.0,3,750-1000 Hz,15.725432395935059,-3.3259835243225098,0.9678540229797363,2.73482084274292,-3.5948867797851562
925.0,4,1-1.5 kHz,0.03297605738043785,-30.110023498535156,0.5383175611495972,0.05354038253426552,-37.75983428955078
925.0,5,1.5-2.5 kHz,0.10319239646196365,-25.155532836914062,0.576216995716095,0.10697517544031143,-31.747802734375
925.0,6,2.5-4 kHz,1.20158052444458,-14.49448013305664,0.7465875744819641,0.5404785871505737,-17.677894592285156
925.0,7,>4 kHz,0.04186692461371422,-29.07329750061035,0.5629698038101196,0.0675266906619072,-35.743953704833984
950.0,0,<250 Hz,2.931760311126709,-10.620725631713867,0.8312287330627441,0.9864540100097656,-12.451927185058594
950.0,1,250-500 Hz,0.12035991996526718,-24.48719024658203,0.580952525138855,0.11491984128952026,-31.125564575195312
950.0,2,500-750 Hz,1.0280258655548096,-15.171968460083008,0.7277801632881165,0.5329321622848511,-17.800025939941406
950.0,3,750-1000 Hz,14.322708129882812,-3.7317581176757812,0.9645301103591919,2.6014983654022217,-4.028993129730225
950.0,4,1-1.5 kHz,0.0756903812289238,-26.501602172851562,0.550756573677063,0.083475761115551,-33.90225601196289
950.0,5,1.5-2.5 kHz,0.026531049981713295,-31.054466247558594,0.5548189878463745,0.0527486614882946,-37.88923645019531
950.0,6,2.5-4 kHz,1.9658854007720947,-12.356428146362305,0.8035390377044678,0.771722674369812,-14.584238052368164
950.0,7,>4 kHz,0.3735337257385254,-19.56871223449707,0.6416071653366089,0.2385047823190689,-24.783523559570312
975.0,0,<250 Hz,4.340091228485107,-8.917020797729492,0.8702346682548523,1.2722091674804688,-10.242294311523438
975.0,1,250-500 Hz,0.24403543770313263,-21.41748046875,0.609778106212616,0.17699985206127167,-27.374004364013672
975.0,2,500-750 Hz,0.6200974583625793,-17.367408752441406,0.6740865111351013,0.3764989972114563,-20.818187713623047
975.0,3,750-1000 Hz,11.030933380126953,-4.865886688232422,0.9535480737686157,2.2578775882720947,-5.259456157684326
975.0,4,1-1.5 kHz,0.5426944494247437,-17.946455001831055,0.6570250988006592,0.2953309416770935,-22.92728614807129
975.0,5,1.5-2.5 kHz,0.06880681216716766,-26.915695190429688,0.5668394565582275,0.08632978796958923,-33.610252380371094
975.0,6,2.5-4 kHz,2.4612200260162354,-11.380504608154297,0.8290048241615295,0.9019037485122681,-13.230260848999023
975.0,7,>4 kHz,2.2622952461242676,-11.746516227722168,0.8337582349777222,0.8716791868209839,-13.526330947875977
1000.0,0,<250 Hz,5.0890960693359375,-8.225602149963379,0.8844611644744873,1.4043974876403809,-9.383663177490234
1000.0,1,250-500 Hz,0.3441200852394104,-19.924909591674805,0.6306093335151672,0.22209729254245758,-25.402599334716797
1000.0,2,500-750 Hz,0.4848487377166748,-18.43594741821289,0.6518312692642212,0.31947168707847595,-22.244815826416016
1000.0,3,750-1000 Hz,6.981552600860596,-6.852488994598389,0.9272162914276123,1.7461929321289062,-7.49161958694458
1000.0,4,1-1.5 kHz,1.463431477546692,-13.638285636901855,0.7737170457839966,0.6247832775115967,-16.41887664794922
1000.0,5,1.5-2.5 kHz,0.7358810305595398,-16.623933792114258,0.7017144560813904,0.38779500126838684,-20.561420440673828
1000.0,6,2.5-4 kHz,2.490039825439453,-11.329946517944336,0.8302949666976929,0.9090865254402161,-13.161359786987305
1000.0,7,>4 kHz,6.038417816162109,-7.4827775955200195,0.9260967969894409,1.6201660633087158,-8.14227294921875
1025.0,0,<250 Hz,4.821717262268066,-8.459991455078125,0.8797535300254822,1.3584436178207397,-9.67263126373291
1025.0,1,250-500 Hz,0.36950165033340454,-19.6158447265625,0.635576605796814,0.23311913013458252,-24.98190689086914
1025.0,2,500-750 Hz,0.4850016236305237,-18.43457794189453,0.6518579721450806,0.31951063871383667,-22.243757247924805
1025.0,3,750-1000 Hz,3.368741512298584,-10.017333030700684,0.8634250164031982,1.1187858581542969,-11.358524322509766
1025.0,4,1-1.5 kHz,2.704265594482422,-10.971516609191895,0.8499724864959717,0.9698536396026611,-12.599340438842773
1025.0,5,1.5-2.5 kHz,2.403870105743408,-11.482898712158203,0.8415569067001343,0.9126924276351929,-13.126975059509277
1025.0,6,2.5-4 kHz,2.0690882205963135,-12.1342191696167,0.8094156980514526,0.7999660968780518,-14.272032737731934
1025.0,7,>4 kHz,11.365470886230469,-4.736135005950928,0.9608081579208374,2.3087525367736816,-5.065917015075684
1050.0,0,<250 Hz,3.6414666175842285,-9.679245948791504,0.8534185886383057,1.1376216411590576,-11.213507652282715
1050.0,1,250-500 Hz,0.31018519401550293,-20.375797271728516,0.6237747669219971,0.20712485909461975,-26.008819580078125
1050.0,2,500-750 Hz,0.5438568592071533,-17.937162399291992,0.6618696451187134,0.34468787908554077,-21.584945678710938
1050.0,3,750-1000 Hz,0.9941345453262329,-15.317558288574219,0.7175279855728149,0.4701330065727234,-18.889049530029297
1050.0,4,1-1.5 kHz,4.009115695953369,-9.261523246765137,0.8916727900505066,1.2552486658096313,-10.358868598937988
1050.0,5,1.5-2.5 kHz,4.886466979980469,-8.402059555053711,0.9115152359008789,1.4351134300231934,-9.19573974609375
1050.0,6,2.5-4 kHz,1.4013919830322266,-13.82641315460205,0.7642518281936646,0.6050756573677063,-16.6972713470459
1050.0,7,>4 kHz,17.145225524902344,-2.9505774974823,0.9748151302337646,2.875133514404297,-3.160304069519043
1075.0,0,<250 Hz,2.0710883140563965,-12.130023002624512,0.7933556437492371,0.7768009901046753,-14.527268409729004
1075.0,1,250-500 Hz,0.20087452232837677,-22.26276206970215,0.6001322269439697,0.15644513070583344,-28.446224212646484
1075.0,2,500-750 Hz,0.5948134660720825,-17.548200607299805,0.670124888420105,0.3660114109516144,-21.06357192993164
1075.0,3,750-1000 Hz,0.05162260681390762,-28.16360855102539,0.5469366312026978,0.07237911224365234,-35.141197204589844
1075.0,4,1-1.5 kHz,5.1074419021606445,-8.20997428894043,0.9132001399993896,1.4574894905090332,-9.061355590820312
1075.0,5,1.5-2.5 kHz,7.331470012664795,-6.640098571777344,0.9400482177734375,1.817003846168518,-7.146347999572754
1075.0,6,2.5-4 kHz,0.752464771270752,-16.52714729309082,0.6962116360664368,0.3825521469116211,-20.679649353027344
1075.0,7,>4 kHz,21.800365447998047,-1.9073714017868042,0.9806962013244629,3.2598724365234375,-2.0694520473480225
1100.0,0,<250 Hz,0.7695296406745911,-16.42975616455078,0.6877062320709229,0.37653425335884094,-20.81737518310547
1100.0,1,250-500 Hz,0.09504932165145874,-25.51251983642578,0.5745804905891418,0.10038842260837555,-32.2997932434082
1100.0,2,500-750 Hz,0.5792020559310913,-17.66370964050293,0.6676348447799683,0.3595167398452759,-21.21908187866211
1100.0,3,750-1000 Hz,0.20243266224861145,-22.229204177856445,0.5851876735687256,0.1544674038887024,-28.55672836303711
1100.0,4,1-1.5 kHz,5.831511497497559,-7.634198188781738,0.9235817790031433,1.5776150226593018,-8.373443603515625
1100.0,5,1.5-2.5 kHz,8.620720863342285,-5.9365739822387695,0.9491357803344727,1.989654779434204,-6.35791015625
1100.0,6,2.5-4 kHz,0.31463655829429626,-20.313919067382812,0.6254755854606628,0.20678207278251648,-26.02320671081543
1100.0,7,>4 kHz,23.874984741210938,-1.5125784873962402,0.9825647473335266,3.4172379970550537,-1.6599600315093994
1125.0,0,<250 Hz,0.18132340908050537,-22.707469940185547,0.5943588018417358,0.14083707332611084,-29.35912322998047
1125.0,1,250-500 Hz,0.031008759513497353,-30.377166748046875,0.5576620697975159,0.05533798784017563,-37.47299575805664
1125.0,2,500-750 Hz,0.47326865792274475,-18.540931701660156,0.649797797203064,0.31436726450920105,-22.38471794128418
1125.0,3,750-1000 Hz,0.8473264575004578,-16.01150131225586,0.699165403842926,0.4172517955303192,-19.925500869750977
1125.0,4,1-1.5 kHz,6.179159164428711,-7.382715225219727,0.9278070330619812,1.6322981119155884,-8.077474594116211
1125.0,5,1.5-2.5 kHz,8.082372665405273,-6.216620922088623,0.9456666707992554,1.919429063796997,-6.670022487640381
1125.0,6,2.5-4 kHz,0.13695980608463287,-23.926076889038086,0.5873454809188843,0.12258604168891907,-30.56464385986328
1125.0,7,>4 kHz,22.675317764282227,-1.7364757061004639,0.9815271496772766,3.327160596847534,-1.8919892311096191
1150.0,0,<250 Hz,0.32977885007858276,-20.109783172607422,0.6227802038192749,0.20664530992507935,-26.028953552246094
1150.0,1,250-500 Hz,0.01600468158721924,-33.24953842163086,0.5535244941711426,0.0400666706264019,-40.277801513671875
1150.0,2,500-750 Hz,0.30496281385421753,-20.449541091918945,0.6176321506500244,0.23768015205860138,-24.81360626220703
1150.0,3,750-1000 Hz,1.4322314262390137,-13.731878280639648,0.7619005441665649,0.616649329662323,-16.532699584960938
1150.0,4,1-1.5 kHz,6.296580791473389,-7.300961494445801,0.9291407465934753,1.6503738164901733,-7.981817722320557
1150.0,5,1.5-2.5 kHz,6.042634010314941,-7.479746341705322,0.9275162220001221,1.626516342163086,-8.108295440673828
1150.0,6,2.5-4 kHz,0.14520472288131714,-23.67220115661621,0.5892720818519592,0.12686416506767273,-30.266685485839844
1150.0,7,>4 kHz,18.60371208190918,-2.5960135459899902,0.9769793152809143,3.00105619430542,-2.7879819869995117
1175.0,0,<250 Hz,0.865456223487854,-15.919557571411133,0.6990218162536621,0.4106450080871582,-20.06413459777832
1175.0,1,250-500 Hz,0.03944917023181915,-29.33163070678711,0.559959888458252,0.06255780160427094,-36.4078369140625
1175.0,2,500-750 Hz,0.13769926130771637,-23.902692794799805,0.5799932479858398,0.15056833624839783,-28.778791427612305
1175.0,3,750-1000 Hz,1.6470251083374023,-13.125007629394531,0.7792870402336121,0.6829684972763062,-15.645450592041016
1175.0,4,1-1.5 kHz,6.4076151847839355,-7.225045204162598,0.9303617477416992,1.6672923564910889,-7.893229007720947
1175.0,5,1.5-2.5 kHz,3.777681589126587,-9.519756317138672,0.888932466506958,1.2258331775665283,-10.564837455749512
1175.0,6,2.5-4 kHz,0.21894223988056183,-21.888713836669922,0.6057907938957214,0.16327421367168427,-28.075111389160156
1175.0,7,>4 kHz,12.984868049621582,-4.157634258270264,0.9659692049026489,2.4806277751922607,-4.442232131958008
1200.0,0,<250 Hz,1.3171231746673584,-14.095745086669922,0.7429291009902954,0.5602495074272156,-17.365835189819336
1200.0,1,250-500 Hz,0.10251878201961517,-25.183975219726562,0.5764788389205933,0.104805588722229,-31.9257755279541
1200.0,2,500-750 Hz,0.030672721564769745,-30.424484252929688,0.5522668957710266,0.07622148096561432,-34.691917419433594
1200.0,3,750-1000 Hz,1.4620153903961182,-13.64249038696289,0.7644580602645874,0.6260519027709961,-16.401256561279297
1200.0,4,1-1.5 kHz,6.740237236022949,-7.005257606506348,0.9338030815124512,1.7170110940933228,-7.638001918792725
1200.0,5,1.5-2.5 kHz,2.796781539916992,-10.825424194335938,0.8583884239196777,1.0101821422576904,-12.24547004699707
1200.0,6,2.5-4 kHz,0.26767805218696594,-21.01588249206543,0.6160491108894348,0.18579836189746857,-26.952627182006836
1200.0,7,>4 kHz,7.466330528259277,-6.56093692779541,0.9398111701011658,1.8299412727355957,-7.084721565246582
1225.0,0,<250 Hz,1.3745801448822021,-13.910308837890625,0.747617244720459,0.5781043171882629,-17.093339920043945
1225.0,1,250-500 Hz,0.2369524985551834,-21.545394897460938,0.6082239151000977,0.1737024188041687,-27.53734588623047
1225.0,2,500-750 Hz,0.005010245367884636,-38.293418884277344,0.545131266117096,0.048442889004945755,-38.62886428833008
1225.0,3,750-1000 Hz,1.0358574390411377,-15.139009475708008,0.7223817706108093,0.48478466272354126,-18.622486114501953
1225.0,4,1-1.5 kHz,7.479884147644043,-6.553060531616211,0.9404535293579102,1.8228421211242676,-7.118483066558838
1225.0,5,1.5-2.5 kHz,3.8628547191619873,-9.42292594909668,0.8910248279571533,1.2430651187896729,-10.443586349487305
1225.0,6,2.5-4 kHz,0.2641098201274872,-21.07416343688965,0.6153148412704468,0.18418380618095398,-27.0284366607666
1225.0,7,>4 kHz,3.316631317138672,-10.085038185119629,0.8750094175338745,1.1240288019180298,-11.317915916442871
1250.0,0,<250 Hz,1.0327318906784058,-15.15213394165039,0.7169181108474731,0.46805426478385925,-18.927539825439453
1250.0,1,250-500 Hz,0.4919683039188385,-18.372638702392578,0.6579387187957764,0.2845837473869324,-23.249263763427734
1250.0,2,500-750 Hz,0.03859006613492966,-29.42725372314453,0.5544284582138062,0.08312655240297318,-33.93866729736328
1250.0,3,750-1000 Hz,0.5767285823822021,-17.682294845581055,0.6590766906738281,0.3141571879386902,-22.390525817871094
1250.0,4,1-1.5 kHz,8.736480712890625,-5.878643989562988,0.949341356754303,1.9899970293045044,-6.356415748596191
1250.0,5,1.5-2.5 kHz,6.400274753570557,-7.230023384094238,0.9314420223236084,1.6814953088760376,-7.819551467895508
1250.0,6,2.5-4 kHz,0.22993865609169006,-21.67588996887207,0.6081494092941284,0.16844946146011353,-27.8040714263916
1250.0,7,>4 kHz,0.9907894134521484,-15.332195281982422,0.7358154058456421,0.48081129789352417,-18.693971633911133
1275.0,0,<250 Hz,0.5324527025222778,-18.029197692871094,0.6557451486587524,0.2881317138671875,-23.141643524169922
1275.0,1,250-500 Hz,0.8919069766998291,-15.788813591003418,0.7161809802055359,0.43875694274902344,-19.488985061645508
1275.0,2,500-750 Hz,0.0886862725019455,-25.813446044921875,0.5676863789558411,0.12020575255155563,-30.73495864868164
1275.0,3,750-1000 Hz,0.23348751664161682,-21.609373092651367,0.5923652648925781,0.16885465383529663,-27.783203125
1275.0,4,1-1.5 kHz,10.492551803588867,-5.083198070526123,0.958350419998169,2.202603816986084,-5.474736213684082
1275.0,5,1.5-2.5 kHz,8.74724006652832,-5.8732991218566895,0.9498931765556335,2.0057873725891113,-6.287765979766846
1275.0,6,2.5-4 kHz,0.1993146538734436,-22.29661750793457,0.6015150547027588,0.1539161056280136,-28.58778190612793
1275.0,7,>4 kHz,0.15560758113861084,-23.371700286865234,0.5930556058883667,0.13629667460918427,-29.643760681152344
1300.0,0,<250 Hz,0.1665877103805542,-23.075580596923828,0.5913040637969971,0.13343548774719238,-29.82803726196289
1300.0,1,250-500 Hz,1.3921535015106201,-13.855137825012207,0.7674160003662109,0.6092554330825806,-16.637475967407227
1300.0,2,500-750 Hz,0.12186357378959656,-24.433269500732422,0.5760860443115234,0.14111515879631042,-29.341991424560547
1300.0,3,750-1000 Hz,0.05391763895750046,-27.974700927734375,0.547564685344696,0.07221859693527222,-35.16048049926758
1300.0,4,1-1.5 kHz,12.529459953308105,-4.312685966491699,0.9657065272331238,2.425968647003174,-4.635761260986328
1300.0,5,1.5-2.5 kHz,9.175451278686523,-5.665735244750977,0.9523109793663025,2.0595052242279053,-6.058206558227539
1300.0,6,2.5-4 kHz,0.1901637762784958,-22.500732421875,0.5994921922683716,0.1494724452495575,-28.842241287231445
1300.0,7,>4 kHz,0.08846534043550491,-25.824277877807617,0.5757447481155396,0.09796380996704102,-32.512149810791016
1325.0,0,<250 Hz,0.09151635318994522,-25.67702293395996,0.5750037431716919,0.09392698854207993,-32.877655029296875
1325.0,1,250-500 Hz,1.8685438632965088,-12.576976776123047,0.8024022579193115,0.7530868053436279,-14.796563148498535
1325.0,2,500-750 Hz,0.1295553743839264,-24.16745376586914,0.5779919624328613,0.14571499824523926,-29.063379287719727
1325.0,3,750-1000 Hz,0.00367369269952178,-39.64098358154297,0.5334611535072327,0.021427525207400322,-45.714027404785156
1325.0,4,1-1.5 kHz,14.385601043701172,-3.7127292156219482,0.9706037044525146,2.612821340560913,-3.9912703037261963
1325.0,5,1.5-2.5 kHz,7.068204402923584,-6.7989182472229,0.9378220438957214,1.7797027826309204,-7.326514720916748
1325.0,6,2.5-4 kHz,0.19812291860580444,-22.322662353515625,0.6012526750564575,0.15332722663879395,-28.62108039855957
1325.0,7,>4 kHz,0.16276796162128448,-23.176319122314453,0.594829797744751,0.1390523463487625,-29.469898223876953
1350.0,0,<250 Hz,0.2585018277168274,-21.167373657226562,0.6096453666687012,0.17582230269908905,-27.43198585510254
1350.0,1,250-500 Hz,2.1580724716186523,-11.951349258422852,0.8192529678344727,0.8331557512283325,-13.918941497802734
1350.0,2,500-750 Hz,0.12330076098442078,-24.382352828979492,0.5764433145523071,0.14198049902915955,-29.288890838623047
1350.0,3,750-1000 Hz,0.014569521881639957,-33.657554626464844,0.5365840792655945,0.037617042660713196,-40.82577133178711
1350.0,4,1-1.5 kHz,15.427619934082031,-3.409019947052002,0.9728319644927979,2.712050676345825,-3.667508363723755
1350.0,5,1.5-2.5 kHz,3.488612413406372,-9.865482330322266,0.8812587261199951,1.1658048629760742,-11.000946998596191
1350.0,6,2.5-4 kHz,0.20800745487213135,-22.111221313476562,0.6034192442893982,0.1580698937177658,-28.35647964477539
1350.0,7,>4 kHz,0.13006165623664856,-24.150516510009766,0.5866154432296753,0.12162408232688904,-30.633071899414062
1375.0,0,<250 Hz,0.4852464199066162,-18.43238639831543,0.6485891938209534,0.26970991492271423,-23.715526580810547
1375.0,1,250-500 Hz,2.1357243061065674,-11.996557235717773,0.8180477619171143,0.8271517753601074,-13.98176097869873
1375.0,2,500-750 Hz,0.12053702771663666,-24.480804443359375,0.5757557153701782,0.14031526446342468,-29.39136505126953
1375.0,3,750-1000 Hz,0.029475748538970947,-30.597360610961914,0.5407979488372803,0.05281776934862137,-37.87786102294922
1375.0,4,1-1.5 kHz,15.069316864013672,-3.511073589324951,0.972101092338562,2.6783549785614014,-3.7761011123657227
1375.0,5,1.5-2.5 kHz,0.716293454170227,-16.741100311279297,0.6988339424133301,0.38045331835746765,-20.727436065673828
1375.0,6,2.5-4 kHz,0.20813104510307312,-22.108640670776367,0.6034461855888367,0.15812629461288452,-28.353382110595703
1375.0,7,>4 kHz,0.0839756578207016,-26.050474166870117,0.5745420455932617,0.09489423781633377,-32.788665771484375
1400.0,0,<250 Hz,0.596574068069458,-17.53536605834961,0.6650136113166809,0.3126813471317291,-22.43142318725586
1400.0,1,250-500 Hz,1.7851306200027466,-12.775308609008789,0.7969992756843567,0.729046642780304,-15.078357696533203
1400.0,2,500-750 Hz,0.1359688639640808,-23.95761489868164,0.5795694589614868,0.14949925243854523,-28.84068489074707
1400.0,3,750-1000 Hz,0.024828607216477394,-31.342485427856445,0.5394914150238037,0.048509035259485245,-38.61701202392578
1400.0,4,1-1.5 kHz,13.06734848022461,-4.130134582519531,0.9672694206237793,2.481581449508667,-4.438893795013428
1400.0,5,1.5-2.5 kHz,0.9747302532196045,-15.403164863586426,0.7332905530929565,0.47735702991485596,-18.7565975189209
1400.0,6,2.5-4 kHz,0.19650176167488098,-22.35834503173828,0.6008952856063843,0.1525341421365738,-28.66612434387207
1400.0,7,>4 kHz,0.21108044683933258,-22.047529220581055,0.6064580082893372,0.16335977613925934,-28.0705623626709
1425.0,0,<250 Hz,0.5320137739181519,-18.03278160095215,0.6556799411773682,0.28796279430389404,-23.14673614501953
1425.0,1,250-500 Hz,1.2186708450317383,-14.433145523071289,0.7517035007476807,0.5525965690612793,-17.485301971435547
1425.0,2,500-750 Hz,0.18341468274593353,-22.657669067382812,0.5909202098846436,0.17613011598587036,-27.416791915893555
1425.0,3,750-1000 Hz,0.008416258729994297,-36.04081726074219,0.5348249673843384,0.029414961114525795,-42.96209716796875
1425.0,4,1-1.5 kHz,9.731021881103516,-5.41042423248291,0.9548279643058777,2.1130285263061523,-5.835357189178467
1425.0,5,1.5-2.5 kHz,5.097793102264404,-8.21818733215332,0.9148956537246704,1.4718708992004395,-8.976070404052734
1425.0,6,2.5-4 kHz,0.17778724431991577,-22.79300308227539,0.5967259407043457,0.14337103068828583,-29.20423698425293
1425.0,7,>4 kHz,0.550023078918457,-17.888200759887695,0.6739934682846069,0.31217363476753235,-22.445541381835938
1450.0,0,<250 Hz,0.3577619194984436,-19.756067276000977,0.6276999115943909,0.21825574338436127,-25.55415153503418
1450.0,1,250-500 Hz,0.6296533346176147,-17.300994873046875,0.6802725791931152,0.3397632837295532,-21.709936141967773
1450.0,2,500-750 Hz,0.2798221707344055,-20.82318878173828,0.6123680472373962,0.22548480331897736,-25.2711181640625
1450.0,3,750-1000 Hz,0.0015541857574135065,-43.37697982788086,0.5328494310379028,0.016368798911571503,-48.05312728881836
1450.0,4,1-1.5 kHz,5.887929916381836,-7.592382907867432,0.9242972135543823,1.5866167545318604,-8.324023246765137
1450.0,5,1.5-2.5 kHz,11.942631721496582,-4.521008491516113,0.9639140367507935,2.377568244934082,-4.81080436706543
1450.0,6,2.5-4 kHz,0.15689340233802795,-23.335962295532227,0.5919750928878784,0.13285699486732483,-29.86577606201172
1450.0,7,>4 kHz,0.9307184219360352,-15.603826522827148,0.7286618947982788,0.45897430181503296,-19.09769630432129
1475.0,0,<250 Hz,0.1937679648399353,-22.419189453125,0.5969035625457764,0.14636348187923431,-29.024810791015625
1475.0,1,250-500 Hz,0.19977335631847382,-22.28663444519043,0.599880576133728,0.15595115721225739,-28.473691940307617
1475.0,2,500-750 Hz,0.43985041975975037,-18.858959197998047,0.6438074707984924,0.29966530203819275,-22.80073356628418
1475.0,3,750-1000 Hz,0.018827084451913834,-32.5441780090332,0.5377944707870483,0.04242575168609619,-39.78087615966797
1475.0,4,1-1.5 kHz,2.57063627243042,-11.19160270690918,0.8440799713134766,0.9368288516998291,-12.900259017944336
1475.0,5,1.5-2.5 kHz,18.9072322845459,-2.5257298946380615,0.9782425165176392,3.0326693058013916,-2.696962833404541
1475.0,6,2.5-4 kHz,0.1351342499256134,-23.984355926513672,0.5869166254997253,0.12151092290878296,-30.641157150268555
1475.0,7,>4 kHz,1.1069729328155518,-14.850639343261719,0.7487353086471558,0.5218355059623718,-17.982791900634766
1500.0,0,<250 Hz,0.120486781001091,-24.482614517211914,0.5814447999000549,0.10988102108240128,-31.515010833740234
1500.0,1,250-500 Hz,0.013463223353028297,-34.000518798828125,0.5528168678283691,0.03709287941455841,-40.94765090942383
1500.0,2,500-750 Hz,0.6593760848045349,-17.100677490234375,0.6800724864006042,0.3924420475959778,-20.45795440673828
1500.0,3,750-1000 Hz,0.056482695043087006,-27.772855758666992,0.548264741897583,0.07388756424188614,-34.9620361328125
1500.0,4,1-1.5 kHz,0.5633152723312378,-17.784494400024414,0.6607193946838379,0.3038463294506073,-22.68038558959961
1500.0,5,1.5-2.5 kHz,23.24464988708496,-1.6287792921066284,0.9827777743339539,3.3761963844299316,-1.764910340309143
1500.0,6,2.5-4 kHz,0.11077595502138138,-24.84755516052246,0.5811150670051575,0.1081826388835907,-31.650312423706055
1500.0,7,>4 kHz,0.9529061317443848,-15.501507759094238,0.7313438653945923,0.4670690894126892,-18.945842742919922
1525.0,0,<250 Hz,0.13208569586277008,-24.083452224731445,0.5839694738388062,0.11596475541591644,-31.04694366455078
1525.0,1,250-500 Hz,0.028436899185180664,-30.753185272216797,0.5569577217102051,0.05292462557554245,-37.86030578613281
1525.0,2,500-750 Hz,0.9002150893211365,-15.748546600341797,0.7127941250801086,0.4860723912715912,-18.599445343017578
1525.0,3,750-1000 Hz,0.09458865225315094,-25.533618927001953,0.5584459900856018,0.09802646934986115,-32.506595611572266
1525.0,4,1-1.5 kHz,0.0558561272919178,-27.821300506591797,0.5450501441955566,0.07195710390806198,-35.19198989868164
1525.0,5,1.5-2.5 kHz,23.405040740966797,-1.5989153385162354,0.9829121828079224,3.3882336616516113,-1.7339969873428345
1525.0,6,2.5-4 kHz,0.08204720914363861,-26.151371002197266,0.5740768909454346,0.09124398976564407,-33.12937927246094
1525.0,7,>4 kHz,0.5630888342857361,-17.786239624023438,0.6761860251426697,0.31750234961509705,-22.298526763916016
1550.0,0,<250 Hz,0.16028180718421936,-23.243167877197266,0.5899827480316162,0.1302165538072586,-30.04014015197754
1550.0,1,250-500 Hz,0.1183582991361618,-24.560022354125977,0.5804548263549805,0.11376745998859406,-31.213102340698242
1550.0,2,500-750 Hz,1.092879056930542,-14.906288146972656,0.7348488569259644,0.5560518503189087,-17.43115997314453
1550.0,3,750-1000 Hz,0.11044237017631531,-24.86065101623535,0.5625643134117126,0.10708729177713394,-31.738704681396484
1550.0,4,1-1.5 kHz,0.6069355607032776,-17.460582733154297,0.66831374168396,0.32092201709747314,-22.205474853515625
1550.0,5,1.5-2.5 kHz,19.664566040039062,-2.355165719985962,0.9791830778121948,3.095447063446045,-2.5189969539642334
1550.0,6,2.5-4 kHz,0.050005294382572174,-28.301849365234375,0.5659662485122681,0.06969244033098221,-35.469749450683594
1550.0,7,>4 kHz,0.1854986697435379,-22.60860252380371,0.6003739237785339,0.1506539285182953,-28.77385711669922
1575.0,0,<250 Hz,0.14089202880859375,-23.803146362304688,0.5858663320541382,0.12048701196908951,-30.71466064453125
1575.0,1,250-500 Hz,0.16004374623298645,-23.249622344970703,0.5906065702438354,0.13603919744491577,-29.66018295288086
1575.0,2,500-750 Hz,1.1634222269058228,-14.634635925292969,0.7421649694442749,0.5807046890258789,-17.054357528686523
1575.0,3,750-1000 Hz,0.09451314806938171,-25.53708839416504,0.5584262609481812,0.09798137843608856,-32.51059341430664
1575.0,4,1-1.5 kHz,1.4372961521148682,-13.716546058654785,0.7713971138000488,0.6165152788162231,-16.534587860107422
1575.0,5,1.5-2.5 kHz,13.765911102294922,-3.9039597511291504,0.9690662622451782,2.5655064582824707,-4.1500020027160645
1575.0,6,2.5-4 kHz,0.020037638023495674,-32.27354431152344,0.5581197738647461,0.043587345629930496,-39.54625701904297
1575.0,7,>4 kHz,0.04657384008169174,-28.6105899810791,0.5642899870872498,0.0691387802362442,-35.539031982421875
1600.0,0,<250 Hz,0.06970076262950897,-26.859634399414062,0.5700221061706543,0.08049409836530685,-34.21818161010742
1600.0,1,250-500 Hz,0.11094125360250473,-24.841079711914062,0.5786013603210449,0.10958936810493469,-31.538095474243164
1600.0,2,500-750 Hz,1.0718852281570435,-14.99052619934082,0.7325977683067322,0.5486195087432861,-17.54804039001465
1600.0,3,750-1000 Hz,0.05858185142278671,-27.6143798828125,0.5488362312316895,0.07533837854862213,-34.79313659667969
1600.0,4,1-1.5 kHz,1.8720266819000244,-12.568888664245605,0.8052423000335693,0.7489945888519287,-14.843891143798828
1600.0,5,1.5-2.5 kHz,7.884537220001221,-6.324247360229492,0.9442818760871887,1.893021821975708,-6.790351867675781
1600.0,6,2.5-4 kHz,0.0019402919569984078,-42.41333770751953,0.5532541275024414,0.01577584072947502,-48.37361145019531
1600.0,7,>4 kHz,0.20096735656261444,-22.260753631591797,0.6040721535682678,0.15830211341381073,-28.343730926513672
1625.0,0,<250 Hz,0.008631544187664986,-35.93112564086914,0.5554393529891968,0.02737913466989994,-43.5850715637207
1625.0,1,250-500 Hz,0.029941275715827942,-30.529306411743164,0.5573699474334717,0.054305728524923325,-37.63655090332031
1625.0,2,500-750 Hz,0.8381519317626953,-16.058780670166016,0.7049626111984253,0.4626440405845642,-19.028526306152344
1625.0,3,750-1000 Hz,0.030203647911548615,-30.491413116455078,0.5410020351409912,0.053469084203243256,-37.77140808105469
1625.0,4,1-1.5 kHz,1.6647862195968628,-13.078424453735352,0.7902905941009521,0.6875095367431641,-15.587890625
1625.0,5,1.5-2.5 kHz,3.573975086212158,-9.760494232177734,0.8836222290992737,1.1837916374206543,-10.867959022521973
1625.0,6,2.5-4 kHz,0.008528957143425941,-35.98305130004883,0.5550369024276733,0.028980562463402748,-43.09132385253906
1625.0,7,>4 kHz,0.509333610534668,-18.221986770629883,0.6669947504997253,0.29545629024505615,-22.923601150512695
1650.0,0,<250 Hz,0.04220401868224144,-29.038471221923828,0.5635754466056824,0.06141756474971771,-36.56761169433594
1650.0,1,250-500 Hz,0.031008584424853325,-30.37718963623047,0.5576620101928711,0.05535901337862015,-37.469696044921875
1650.0,2,500-750 Hz,0.5366122722625732,-17.995403289794922,0.6606656312942505,0.3415883481502533,-21.663402557373047
1650.0,3,750-1000 Hz,0.03613852709531784,-29.712305068969727,0.5426599383354187,0.058550119400024414,-36.98291015625
1650.0,4,1-1.5 kHz,1.0259923934936523,-15.180567741394043,0.7285782694816589,0.47773706912994385,-18.749685287475586
1650.0,5,1.5-2.5 kHz,1.2567074298858643,-14.299668312072754,0.7636511325836182,0.5756847858428955,-17.12976837158203
1650.0,6,2.5-4 kHz,0.052484411746263504,-28.091705322265625,0.5666038990020752,0.07153596729040146,-35.24297332763672
1650.0,7,>4 kHz,0.7477809190750122,-16.554264068603516,0.7045997381210327,0.39049598574638367,-20.50113296508789
1675.0,0,<250 Hz,0.21826978027820587,-21.90207290649414,0.6018223762512207,0.15771034359931946,-28.376262664794922
1675.0,1,250-500 Hz,0.20125305652618408,-22.25458335876465,0.600218653678894,0.15663525462150574,-28.435672760009766
1675.0,2,500-750 Hz,0.260761022567749,-21.129581451416016,0.6082894802093506,0.21609234809875488,-25.640676498413086
1675.0,3,750-1000 Hz,0.08480952680110931,-26.007564544677734,0.5558716654777527,0.09220745414495468,-33.038143157958984
1675.0,4,1-1.5 kHz,0.37859269976615906,-19.510286331176758,0.6250045299530029,0.2274918258190155,-25.194149017333984
1675.0,5,1.5-2.5 kHz,0.41821399331092834,-19.07802391052246,0.6481786370277405,0.25869661569595337,-24.077648162841797
1675.0,6,2.5-4 kHz,0.1417849212884903,-23.77570915222168,0.5884749889373779,0.12502947449684143,-30.393217086791992
1675.0,7,>4 kHz,0.7613093852996826,-16.476398468017578,0.7065073847770691,0.39568591117858887,-20.386451721191406
1700.0,0,<250 Hz,0.5138846635818481,-18.183353424072266,0.652965247631073,0.2808913290500641,-23.36269760131836
1700.0,1,250-500 Hz,0.5362269282341003,-17.99852180480957,0.6654191017150879,0.302587628364563,-22.716442108154297
1700.0,2,500-750 Hz,0.07877718657255173,-26.328006744384766,0.5651199817657471,0.11353371292352676,-31.230966567993164
1700.0,3,750-1000 Hz,0.15910902619361877,-23.275060653686523,0.5747955441474915,0.13286952674388885,-29.864957809448242
1700.0,4,1-1.5 kHz,0.037331320345401764,-29.57127571105957,0.5396116971969604,0.05674077942967415,-37.255558013916016
1700.0,5,1.5-2.5 kHz,0.22990766167640686,-21.676475524902344,0.6079630255699158,0.17351219058036804,-27.546863555908203
1700.0,6,2.5-4 kHz,0.2754461169242859,-20.891643524169922,0.6176386475563049,0.18929624557495117,-26.79062271118164
1700.0,7,>4 kHz,0.5536104440689087,-17.859966278076172,0.674597978591919,0.31364771723747253,-22.404621124267578
1725.0,0,<250 Hz,0.8459029197692871,-16.0188045501709,0.6967818737030029,0.4037242531776428,-20.211769104003906
1725.0,1,250-500 Hz,0.9326943755149841,-15.594615936279297,0.7211108207702637,0.4535175561904907,-19.201581954956055
1725.0,2,500-750 Hz,0.0065030287951231,-37.160850524902344,0.5455518960952759,0.0502985343337059,-38.3023567199707
1725.0,3,750-1000 Hz,0.22467496991157532,-21.77646255493164,0.590350866317749,0.1646910309791565,-28.000064849853516
1725.0,4,1-1.5 kHz,0.03305451199412346,-30.099700927734375,0.5383409261703491,0.053096216171979904,-37.832191467285156
1725.0,5,1.5-2.5 kHz,0.1354815661907196,-23.973207473754883,0.5847129821777344,0.12553328275680542,-30.358285903930664
1725.0,6,2.5-4 kHz,0.4419325590133667,-18.838449478149414,0.6489904522895813,0.26084041595458984,-24.005966186523438
1725.0,7,>4 kHz,0.26227760314941406,-21.10439682006836,0.6181622743606567,0.18762552738189697,-26.867626190185547
1750.0,0,<250 Hz,1.1145412921905518,-14.82104778289795,0.7249215841293335,0.49520912766456604,-18.437692642211914
1750.0,1,250-500 Hz,1.2419182062149048,-14.351079940795898,0.7539206743240356,0.5603504180908203,-17.36427116394043
1750.0,2,500-750 Hz,0.011769606731832027,-34.584388732910156,0.5470302104949951,0.05674472078680992,-37.25495529174805
1750.0,3,750-1000 Hz,0.24894125759601593,-21.33104133605957,0.5958559513092041,0.17593374848365784,-27.426481246948242
1750.0,4,1-1.5 kHz,0.17449358105659485,-22.87421417236328,0.5774966478347778,0.13571631908416748,-29.680822372436523
1750.0,5,1.5-2.5 kHz,0.06483156979084015,-27.174144744873047,0.5657327175140381,0.08349541574716568,-33.900211334228516
1750.0,6,2.5-4 kHz,0.6213961839675903,-17.35832405090332,0.6778138875961304,0.33263716101646423,-21.89405059814453
1750.0,7,>4 kHz,0.05231010913848877,-28.10615348815918,0.5658897757530212,0.07327523082494736,-35.03432083129883
1775.0,0,<250 Hz,1.2494077682495117,-14.324968338012695,0.7371766567230225,0.5388360023498535,-17.70433235168457
1775.0,1,250-500 Hz,1.3492906093597412,-13.990954399108887,0.7637066841125488,0.5955021977424622,-16.835796356201172
1775.0,2,500-750 Hz,0.04297357797622681,-28.95999526977539,0.5556172132492065,0.08674866706132889,-33.568206787109375
1775.0,3,750-1000 Hz,0.2193593829870224,-21.880447387695312,0.5891273021697998,0.1621953547000885,-28.1326961517334
1775.0,4,1-1.5 kHz,0.2590528726577759,-21.158124923706055,0.598343014717102,0.17524899542331696,-27.46035385131836
1775.0,5,1.5-2.5 kHz,0.24860267341136932,-21.336952209472656,0.6123027801513672,0.18249188363552094,-27.108592987060547
1775.0,6,2.5-4 kHz,0.7905826568603516,-16.312538146972656,0.7011984586715698,0.39670830965042114,-20.364038467407227
1775.0,7,>4 kHz,0.01012288499623537,-35.23896789550781,0.5538837909698486,0.03299597278237343,-41.9642448425293
1800.0,0,<250 Hz,1.2317761182785034,-14.386691093444824,0.7356365323066711,0.5332132577896118,-17.79544448852539
1800.0,1,250-500 Hz,1.231919765472412,-14.386185646057129,0.7529716491699219,0.5570321679115295,-17.41585922241211
1800.0,2,500-750 Hz,0.06078355014324188,-27.45414924621582,0.5603898763656616,0.10067148506641388,-32.27533721923828
1800.0,3,750-1000 Hz,0.1498011350631714,-23.53685760498047,0.5725029706954956,0.12811946868896484,-30.181161880493164
1800.0,4,1-1.5 kHz,0.24719569087028503,-21.361600875854492,0.595524787902832,0.16989193856716156,-27.730009078979492
1800.0,5,1.5-2.5 kHz,0.8662971258163452,-15.915340423583984,0.7197220325469971,0.4373413324356079,-19.517053604125977
1800.0,6,2.5-4 kHz,0.9276275634765625,-15.61827278137207,0.7179268598556519,0.44641005992889404,-19.338783264160156
1800.0,7,>4 kHz,0.10648036003112793,-25.01931381225586,0.5805126428604126,0.10823708772659302,-31.64594268798828
1825.0,0,<250 Hz,1.0876576900482178,-14.92708683013916,0.7223416566848755,0.48633134365081787,-18.594820022583008
1825.0,1,250-500 Hz,0.9623730778694153,-15.458574295043945,0.724600613117218,0.46416175365448,-19.000076293945312
1825.0,2,500-750 Hz,0.05364290997385979,-27.996885299682617,0.5584872961044312,0.09526286274194717,-32.75498962402344
1825.0,3,750-1000 Hz,0.07181915640830994,-26.72960662841797,0.5524111986160278,0.08411314338445663,-33.83618927001953
1825.0,4,1-1.5 kHz,0.2666725516319275,-21.0322265625,0.6001366376876831,0.17873696982860565,-27.28917694091797
1825.0,5,1.5-2.5 kHz,1.8146653175354004,-12.704044342041016,0.8084537982940674,0.7508209943771362,-14.822735786437988
1825.0,6,2.5-4 kHz,1.0146905183792114,-15.228672981262207,0.7276701927185059,0.47704383730888367,-18.762298583984375
1825.0,7,>4 kHz,0.2390955686569214,-21.50629234313965,0.612938642501831,0.176719069480896,-27.387794494628906
1850.0,0,<250 Hz,0.8656865954399109,-15.918402671813965,0.6990479826927185,0.41067734360694885,-20.063447952270508
1850.0,1,250-500 Hz,0.6613346338272095,-17.087797164916992,0.6850405335426331,0.35214436054229736,-21.399049758911133
1850.0,2,500-750 Hz,0.03217797353863716,-30.21642303466797,0.5526793003082275,0.07743443548679352,-34.55478286743164
1850.0,3,750-1000 Hz,0.01685401052236557,-33.02497482299805,0.5372342467308044,0.0402308851480484,-40.242271423339844
1850.0,4,1-1.5 kHz,0.46235600113868713,-18.642244338989258,0.6419554948806763,0.2625502645969391,-23.949214935302734
1850.0,5,1.5-2.5 kHz,2.7374908924102783,-10.918482780456543,0.8560588359832764,0.9959301352500916,-12.368886947631836
1850.0,6,2.5-4 kHz,1.03865647315979,-15.127290725708008,0.7302423715591431,0.4853540062904358,-18.61229133605957
1850.0,7,>4 kHz,0.31122440099716187,-20.36127281188965,0.6287972331047058,0.2100852131843567,-25.88555335998535
1875.0,0,<250 Hz,0.6183624267578125,-17.37957763671875,0.6680511236190796,0.3208663761615753,-22.206981658935547
1875.0,1,250-500 Hz,0.43168431520462036,-18.940345764160156,0.6472505331039429,0.2595813274383545,-24.04799461364746
1875.0,2,500-750 Hz,0.01250539068132639,-34.32103729248047,0.5472360849380493,0.057577744126319885,-37.12837219238281
1875.0,3,750-1000 Hz,0.000426512211561203,-48.99269485473633,0.5325233936309814,0.012986724264919758,-50.063472747802734
1875.0,4,1-1.5 kHz,0.8323585987091064,-16.088903427124023,0.7033016681671143,0.407336950302124,-20.134389877319336
1875.0,5,1.5-2.5 kHz,3.249443531036377,-10.173919677734375,0.8741526007652283,1.1140397787094116,-11.395450592041016
1875.0,6,2.5-4 kHz,0.9920431971549988,-15.326704025268555,0.7251969575881958,0.46914374828338623,-18.907344818115234
1875.0,7,>4 kHz,0.28795701265335083,-20.698734283447266,0.6238070726394653,0.19949902594089508,-26.33464813232422
1900.0,0,<250 Hz,0.3944319188594818,-19.33228874206543,0.6339570879936218,0.23332828283309937,-24.974117279052734
1900.0,1,250-500 Hz,0.31341731548309326,-20.330780029296875,0.624435544013977,0.20857226848602295,-25.948333740234375
1900.0,2,500-750 Hz,0.0030679628252983093,-40.42350769042969,0.5445829629898071,0.045576486736536026,-39.15864562988281
1900.0,3,750-1000 Hz,0.01703733019530773,-32.97799301147461,0.5372864007949829,0.04042980447411537,-40.199432373046875
1900.0,4,1-1.5 kHz,1.1949620246887207,-14.518468856811523,0.7477374076843262,0.5364438891410828,-17.742979049682617
1900.0,5,1.5-2.5 kHz,3.1665079593658447,-10.286203384399414,0.8715068697929382,1.0956131219863892,-11.540319442749023
1900.0,6,2.5-4 kHz,0.8757504224777222,-15.868206024169922,0.7118051648139954,0.4278150796890259,-19.708343505859375
1900.0,7,>4 kHz,0.1995370090007782,-22.29177474975586,0.603732705116272,0.15756019949913025,-28.384532928466797
1925.0,0,<250 Hz,0.23626577854156494,-21.558000564575195,0.6053597927093506,0.16591134667396545,-27.935943603515625
1925.0,1,250-500 Hz,0.28108182549476624,-20.803680419921875,0.6177297830581665,0.1940406858921051,-26.575607299804688
1925.0,2,500-750 Hz,0.002573675010353327,-41.18647003173828,0.5444432497024536,0.04486889764666557,-39.2945556640625
1925.0,3,750-1000 Hz,0.04707334190607071,-28.564260482788086,0.5456874370574951,0.0670994445681572,-35.79908752441406
1925.0,4,1-1.5 kHz,1.3167803287506104,-14.09687614440918,0.7601392269134521,0.5772711038589478,-17.105867385864258
1925.0,5,1.5-2.5 kHz,2.586143970489502,-11.165483474731445,0.8497885465621948,0.9588451385498047,-12.698495864868164
1925.0,6,2.5-4 kHz,0.7027633786201477,-16.823917388916016,0.6894712448120117,0.36384692788124084,-21.11509132385254
1925.0,7,>4 kHz,0.10335090756416321,-25.148866653442383,0.5796910524368286,0.10639385879039764,-31.79513168334961
1950.0,0,<250 Hz,0.1721227467060089,-22.933626174926758,0.5924568176269531,0.13604894280433655,-29.65955924987793
1950.0,1,250-500 Hz,0.27694568037986755,-20.86806297302246,0.6168564558029175,0.19215425848960876,-26.660463333129883
1950.0,2,500-750 Hz,0.0058291032910346985,-37.635990142822266,0.545362114906311,0.04935738444328308,-38.46642303466797
1950.0,3,750-1000 Hz,0.06981316208839417,-26.852636337280273,0.5518726706504822,0.08282050490379333,-33.970706939697266
1950.0,4,1-1.5 kHz,1.0971903800964355,-14.889190673828125,0.7369500398635864,0.5027719140052795,-18.30604362487793
1950.0,5,1.5-2.5 kHz,1.79036283493042,-12.762598991394043,0.8068245649337769,0.7436751127243042,-14.905799865722656
1950.0,6,2.5-4 kHz,0.49951350688934326,-18.306537628173828,0.6587461829185486,0.2843671441078186,-23.255874633789062
1950.0,7,>4 kHz,0.040747370570898056,-29.19101333618164,0.5626547336578369,0.06427714228630066,-36.172332763671875
1975.0,0,<250 Hz,0.20241035521030426,-22.22968101501465,0.5986522436141968,0.15040136873722076,-28.788429260253906
1975.0,1,250-500 Hz,0.253243088722229,-21.256633758544922,0.6117820143699646,0.18127067387104034,-27.166912078857422
1975.0,2,500-750 Hz,0.009223522618412971,-35.64303970336914,0.5463165640830994,0.053676314651966095,-37.73781204223633
1975.0,3,750-1000 Hz,0.07412172853946686,-26.592552185058594,0.5530280470848083,0.0855797752737999,-33.68604278564453
1975.0,4,1-1.5 kHz,0.6570215225219727,-17.116212844848633,0.6766812801361084,0.34050872921943665,-21.690900802612305
1975.0,5,1.5-2.5 kHz,1.0659654140472412,-15.014577865600586,0.7438362836837769,0.5098662972450256,-18.184337615966797
1975.0,6,2.5-4 kHz,0.3017645478248596,-20.49532699584961,0.6229345798492432,0.20104582607746124,-26.267562866210938
1975.0,7,>4 kHz,0.0185270793735981,-32.61394119262695,0.5563205480575562,0.04343448206782341,-39.5767707824707
2000.0,0,<250 Hz,0.29144933819770813,-20.646379470825195,0.6158280372619629,0.19018012285232544,-26.75016212463379
2000.0,1,250-500 Hz,0.19665704667568207,-22.354915618896484,0.599166750907898,0.15437477827072144,-28.56193733215332
2000.0,2,500-750 Hz,0.011373789049685001,-34.73295593261719,0.5469194054603577,0.0562601238489151,-37.32944869995117
2000.0,3,750-1000 Hz,0.06143561378121376,-27.407808303833008,0.5496112108230591,0.07728218287229538,-34.571876525878906
2000.0,4,1-1.5 kHz,0.2569821774959564,-21.19297981262207,0.5978531837463379,0.17435726523399353,-27.504663467407227
2000.0,5,1.5-2.5 kHz,0.5690038204193115,-17.74085807800293,0.67551589012146,0.32139456272125244,-22.192691802978516
2000.0,6,2.5-4 kHz,0.14484332501888275,-23.68302345275879,0.5891879796981812,0.12663555145263672,-30.282352447509766
2000.0,7,>4 kHz,0.01953130029141903,-32.38469696044922,0.5566102266311646,0.044538237154483795,-39.358802795410156
2025.0,0,<250 Hz,0.37845754623413086,-19.511837005615234,0.6312572360038757,0.22677843272686005,-25.22142791748047
2025.0,1,250-500 Hz,0.12482090294361115,-24.32913589477539,0.5820580124855042,0.11735151708126068,-30.943689346313477
2025.0,2,500-750 Hz,0.011677293106913567,-34.618587493896484,0.5470043420791626,0.05661824718117714,-37.27433776855469
2025.0,3,750-1000 Hz,0.04127606377005577,-29.135026931762695,0.5440866947174072,0.0626685619354248,-36.39247131347656
2025.0,4,1-1.5 kHz,0.10842505097389221,-24.940711975097656,0.5599197149276733,0.10181840509176254,-32.176937103271484
2025.0,5,1.5-2.5 kHz,0.3026970624923706,-20.4819278717041,0.6244063377380371,0.2073134183883667,-26.00091552734375
2025.0,6,2.5-4 kHz,0.051990944892168045,-28.132732391357422,0.5664770603179932,0.07119348645210266,-35.28466033935547
2025.0,7,>4 kHz,0.025238975882530212,-31.27129364013672,0.558250367641449,0.05046187713742256,-38.27419662475586
2050.0,0,<250 Hz,0.4084833264350891,-19.180265426635742,0.636299729347229,0.23904551565647125,-24.763851165771484
2050.0,1,250-500 Hz,0.06444130837917328,-27.20036506652832,0.5666406750679016,0.08096268028020859,-34.16776657104492
2050.0,2,500-750 Hz,0.012219435535371304,-34.4214973449707,0.5471560955047607,0.0572543703019619,-37.17729187011719
2050.0,3,750-1000 Hz,0.023780761286616325,-31.52975082397461,0.5391958951950073,0.0474790558218956,-38.80342102050781
2050.0,4,1-1.5 kHz,0.22463250160217285,-21.777284622192383,0.590069591999054,0.15951359272003174,-28.277511596679688
2050.0,5,1.5-2.5 kHz,0.18841296434402466,-22.54090118408203,0.5980272889137268,0.15292368829250336,-28.64396858215332
2050.0,6,2.5-4 kHz,0.026420921087265015,-31.07253074645996,0.5598128437995911,0.0501033253967762,-38.33613586425781
2050.0,7,>4 kHz,0.030216630548238754,-30.48954963684082,0.5596722364425659,0.05519476160407066,-37.495506286621094
2075.0,0,<250 Hz,0.36544525623321533,-19.663785934448242,0.6290285587310791,0.22143030166625977,-25.428722381591797
2075.0,1,250-500 Hz,0.030205128714442253,-30.491201400756836,0.5574421882629395,0.05451687425374985,-37.60284423828125
2075.0,2,500-750 Hz,0.023716000840067863,-31.541595458984375,0.5503522753715515,0.0694856196641922,-35.49556350708008
2075.0,3,750-1000 Hz,0.014270295388996601,-33.7476806640625,0.5364987850189209,0.03720735013484955,-40.9208869934082
2075.0,4,1-1.5 kHz,0.42741209268569946,-18.98354148864746,0.6350452303886414,0.24803423881530762,-24.44322967529297
2075.0,5,1.5-2.5 kHz,0.15607525408267975,-23.35866928100586,0.5899813771247864,0.13632749021053314,-29.641796112060547
2075.0,6,2.5-4 kHz,0.051194723695516586,-28.199756622314453,0.5662723779678345,0.07058080285787582,-35.35973358154297
2075.0,7,>4 kHz,0.04092792794108391,-29.171812057495117,0.5627055764198303,0.06441845744848251,-36.153255462646484
2100.0,0,<250 Hz,0.28214749693870544,-20.787246704101562,0.614102303981781,0.18617862462997437,-26.93486785888672
2100.0,1,250-500 Hz,0.018375853076577187,-32.649532318115234,0.5541829466819763,0.04265737533569336,-39.73358154296875
2100.0,2,500-750 Hz,0.06887694448232651,-26.911270141601562,0.5625287294387817,0.10658207535743713,-31.779781341552734
2100.0,3,750-1000 Hz,0.012245266698300838,-34.41232681274414,0.5359209775924683,0.034679800271987915,-41.53192901611328
2100.0,4,1-1.5 kHz,0.4996940493583679,-18.304967880249023,0.6490967273712158,0.27785006165504456,-23.457252502441406
2100.0,5,1.5-2.5 kHz,0.1894407719373703,-22.517276763916016,0.5982786417007446,0.15343822538852692,-28.614791870117188
2100.0,6,2.5-4 kHz,0.09698959439992905,-25.42475700378418,0.5777645111083984,0.10025449097156525,-32.31138610839844
2100.0,7,>4 kHz,0.0657370537519455,-27.113906860351562,0.5695950984954834,0.08275087177753448,-33.97801208496094
2125.0,0,<250 Hz,0.21559634804725647,-21.955595016479492,0.6012914776802063,0.15650996565818787,-28.442623138427734
2125.0,1,250-500 Hz,0.015400128439068794,-33.41676330566406,0.553356409072876,0.0391964428126812,-40.468528747558594
2125.0,2,500-750 Hz,0.17497506737709045,-22.862247467041016,0.5889413952827454,0.17152848839759827,-27.646739959716797
2125.0,3,750-1000 Hz,0.013894600793719292,-33.863548278808594,0.5363916754722595,0.03674811124801636,-41.02876281738281
2125.0,4,1-1.5 kHz,0.3605024218559265,-19.72292709350586,0.6211644411087036,0.21975968778133392,-25.494503021240234
2125.0,5,1.5-2.5 kHz,0.3111542761325836,-20.36225128173828,0.6262398958206177,0.21113725006580353,-25.842166900634766
2125.0,6,2.5-4 kHz,0.13402855396270752,-24.020034790039062,0.5866564512252808,0.12091753631830215,-30.683679580688477
2125.0,7,>4 kHz,0.10726402699947357,-24.987468719482422,0.580717921257019,0.10867911577224731,-31.61054229736328
2150.0,0,<250 Hz,0.20253683626651764,-22.226970672607422,0.5986777544021606,0.1504601240158081,-28.785036087036133
2150.0,1,250-500 Hz,0.010994511656463146,-34.8802490234375,0.5521275997161865,0.033505454659461975,-41.831153869628906
2150.0,2,500-750 Hz,0.3549889326095581,-19.78986167907715,0.6277329325675964,0.2612249255180359,-23.99317169189453
2150.0,3,750-1000 Hz,0.015447674319148064,-33.403377532958984,0.5368342399597168,0.038604944944381714,-40.60060501098633
2150.0,4,1-1.5 kHz,0.12428325414657593,-24.347881317138672,0.5642481446266174,0.11024726927280426,-31.486108779907227
2150.0,5,1.5-2.5 kHz,0.5378139615058899,-17.985689163208008,0.6701706647872925,0.30865150690078735,-22.544095993041992
2150.0,6,2.5-4 kHz,0.14287853240966797,-23.742340087890625,0.5887302160263062,0.12559650838375092,-30.353912353515625
2150.0,7,>4 kHz,0.1621447205543518,-23.19297981262207,0.5946758985519409,0.13865192234516144,-29.494945526123047
2175.0,0,<250 Hz,0.22893904149532318,-21.69481086730957,0.6039271354675293,0.16257870197296143,-28.112192153930664
2175.0,1,250-500 Hz,0.004421673249453306,-38.836143493652344,0.5502831339836121,0.02273976430296898,-45.19774627685547
2175.0,2,500-750 Hz,0.5881977081298828,-17.59677505493164,0.6690738201141357,0.36324766278266907,-21.12940788269043
2175.0,3,750-1000 Hz,0.015146529302001,-33.48887634277344,0.536748468875885,0.038250990211963654,-40.68061065673828
2175.0,4,1-1.5 kHz,0.0013429997488856316,-44.01124954223633,0.5287360548973083,0.012786571867763996,-50.19838333129883
2175.0,5,1.5-2.5 kHz,0.8469533324241638,-16.01341438293457,0.7171732187271118,0.4300611615180969,-19.662860870361328
2175.0,6,2.5-4 kHz,0.12001766264438629,-24.499557495117188,0.5833337903022766,0.11332494020462036,-31.24695587158203
2175.0,7,>4 kHz,0.22518891096115112,-21.766538619995117,0.6097450256347656,0.17006166279315948,-27.721336364746094
2200.0,0,<250 Hz,0.24069558084011078,-21.477327346801758,0.6062209606170654,0.1678766906261444,-27.833656311035156
2200.0,1,250-500 Hz,0.0006883374880999327,-46.91399383544922,0.5492295026779175,0.013388415798544884,-49.79888153076172
2200.0,2,500-750 Hz,0.8162488341331482,-16.173784255981445,0.7021051645278931,0.45426562428474426,-19.187267303466797
2200.0,3,750-1000 Hz,0.013270102441310883,-34.06326675415039,0.5362135171890259,0.0359765887260437,-41.21306610107422
2200.0,4,1-1.5 kHz,0.12257897108793259,-24.407848358154297,0.5637863278388977,0.1093531996011734,-31.556835174560547
2200.0,5,1.5-2.5 kHz,1.1775455474853516,-14.582232475280762,0.7557682991027832,0.5487463474273682,-17.546031951904297
2200.0,6,2.5-4 kHz,0.0767301619052887,-26.44234848022461,0.572750449180603,0.08790544420480728,-33.453147888183594
2200.0,7,>4 kHz,0.29273536801338196,-20.62725830078125,0.6248413324356079,0.20168058574199677,-26.24018096923828
2225.0,0,<250 Hz,0.19231902062892914,-22.451786041259766,0.5966089367866516,0.1456509232521057,-29.06719970703125
2225.0,1,250-500 Hz,0.0024702083319425583,-41.36467361450195,0.5497329235076904,0.01843390241265297,-47.0211181640625
2225.0,2,500-750 Hz,0.963268518447876,-15.454535484313965,0.7203706502914429,0.509423553943634,-18.191883087158203
2225.0,3,750-1000 Hz,0.01104377768933773,-34.86083221435547,0.5355775356292725,0.03309716656804085,-41.937644958496094
2225.0,4,1-1.5 kHz,0.4293271601200104,-18.964126586914062,0.6354297995567322,0.2488112896680832,-24.41606330871582
2225.0,5,1.5-2.5 kHz,1.4568887948989868,-13.657745361328125,0.7816972732543945,0.6412979960441589,-16.1922664642334
2225.0,6,2.5-4 kHz,0.032489143311977386,-30.17462730407715,0.5614113807678223,0.05562760680913925,-37.42765808105469
2225.0,7,>4 kHz,0.3639349937438965,-19.68177032470703,0.6396845579147339,0.233537957072258,-24.9663143157959
2250.0,0,<250 Hz,0.09796233475208282,-25.38141632080078,0.5764538645744324,0.09747105836868286,-32.55595397949219
2250.0,1,250-500 Hz,0.006293985061347485,-37.30274963378906,0.5508098602294922,0.02622739039361477,-43.9583625793457
2250.0,2,500-750 Hz,0.9720879197120667,-15.41495418548584,0.7214013338088989,0.512653648853302,-18.136981964111328
2250.0,3,750-1000 Hz,0.009598557837307453,-35.469947814941406,0.5351638793945312,0.031098678708076477,-42.47862243652344
2250.0,4,1-1.5 kHz,0.7145134806632996,-16.751903533935547,0.6858487725257874,0.36278003454208374,-21.140596389770508
2250.0,5,1.5-2.5 kHz,1.6313928365707397,-13.166423797607422,0.7955268621444702,0.6959015727043152,-15.482507705688477
2250.0,6,2.5-4 kHz,0.005685098934918642,-37.74462890625,0.554269015789032,0.02411632053554058,-44.68724060058594
2250.0,7,>4 kHz,0.4423874318599701,-18.833982467651367,0.6548881530761719,0.26738235354423523,-23.790809631347656
2275.0,0,<250 Hz,0.041267141699790955,-29.135967254638672,0.5633524060249329,0.0607432946562767,-36.66349792480469
2275.0,1,250-500 Hz,0.006422562059015036,-37.21492385864258,0.5508460998535156,0.026450932025909424,-43.8846435546875
2275.0,2,500-750 Hz,0.8354499936103821,-16.072805404663086,0.7046128511428833,0.46161413192749023,-19.047882080078125
2275.0,3,750-1000 Hz,0.00959144625812769,-35.473167419433594,0.5351618528366089,0.03108852356672287,-42.48146057128906
2275.0,4,1-1.5 kHz,0.7805001139640808,-16.36827850341797,0.6958326101303101,0.38791364431381226,-20.558761596679688
2275.0,5,1.5-2.5 kHz,1.6830296516418457,-13.031091690063477,0.7993232011795044,0.7116178274154663,-15.288528442382812
2275.0,6,2.5-4 kHz,0.005279470235109329,-38.066104888916016,0.5541592836380005,0.023351388052105904,-44.96721267700195
2275.0,7,>4 kHz,0.5389686226844788,-17.976375579833984,0.6721178293228149,0.30763936042785645,-22.572628021240234
2300.0,0,<250 Hz,0.12728506326675415,-24.244234085083008,0.5829282402992249,0.11350327730178833,-31.233295440673828
2300.0,1,250-500 Hz,0.002138615818694234,-41.99068069458008,0.5496393442153931,0.017601046711206436,-47.42269515991211
2300.0,2,500-750 Hz,0.6017541885375977,-17.497817993164062,0.671221137046814,0.3688666820526123,-20.996076583862305
2300.0,3,750-1000 Hz,0.011363683268427849,-34.736820220947266,0.5356689691543579,0.03352464362978935,-41.82617950439453
2300.0,4,1-1.5 kHz,0.5885885953903198,-17.593891143798828,0.665155291557312,0.3135961890220642,-22.406047821044922
2300.0,5,1.5-2.5 kHz,1.6270997524261475,-13.177867889404297,0.7952054738998413,0.6945866942405701,-15.498934745788574
2300.0,6,2.5-4 kHz,0.026829421520233154,-31.005895614624023,0.5599207878112793,0.050452880561351776,-38.2757453918457
2300.0,7,>4 kHz,0.6714381575584412,-17.021949768066406,0.693410336971283,0.3607822060585022,-21.188562393188477
2325.0,0,<250 Hz,0.4038081467151642,-19.23025894165039,0.6355236172676086,0.23714064061641693,-24.833345413208008
2325.0,1,250-500 Hz,0.0006504196207970381,-47.160072326660156,0.5492187738418579,0.013261626474559307,-49.88153076171875
2325.0,2,500-750 Hz,0.35057079792022705,-19.84425163269043,0.6268602609634399,0.25916987657546997,-24.0617733001709
2325.0,3,750-1000 Hz,0.015164828859269619,-33.48363494873047,0.5367536544799805,0.0382724404335022,-40.67573928833008
2325.0,4,1-1.5 kHz,0.2849509119987488,-20.744308471679688,0.6043849587440491,0.18683452904224396,-26.904319763183594
2325.0,5,1.5-2.5 kHz,1.4981187582015991,-13.536547660827637,0.7851122617721558,0.654414176940918,-16.01641082763672
2325.0,6,2.5-4 kHz,0.05501485615968704,-27.887208938598633,0.5672529935836792,0.07333731651306152,-35.0269660949707
2325.0,7,>4 kHz,0.8546634912490845,-15.974058151245117,0.7190965414047241,0.43090593814849854,-19.645814895629883
2350.0,0,<250 Hz,0.8078067302703857,-16.218935012817383,0.6923213601112366,0.3902115225791931,-20.507461547851562
2350.0,1,250-500 Hz,0.011659433133900166,-34.62523651123047,0.5523134469985962,0.03441820666193962,-41.59770202636719
2350.0,2,500-750 Hz,0.15292787551879883,-23.447141647338867,0.5836905837059021,0.15924957394599915,-28.291900634765625
2350.0,3,750-1000 Hz,0.02110162377357483,-32.048851013183594,0.5384389162063599,0.044789522886276245,-39.3099365234375
2350.0,4,1-1.5 kHz,0.08654514700174332,-25.91958236694336,0.5538297891616821,0.08933407813310623,-33.3131217956543
2350.0,5,1.5-2.5 kHz,1.333254337310791,-14.042879104614258,0.7708545923233032,0.6011536121368408,-16.753753662109375
2350.0,6,2.5-4 kHz,0.07218141853809357,-26.707754135131836,0.5716094970703125,0.08499384671449661,-33.7457160949707
2350.0,7,>4 kHz,1.081756591796875,-14.950714111328125,0.7460281848907471,0.5130037665367126,-18.131053924560547
2375.0,0,<250 Hz,1.1812022924423218,-14.568766593933105,0.731117844581604,0.5169522762298584,-18.064455032348633
2375.0,1,250-500 Hz,0.03742387145757675,-29.560523986816406,0.5594104528427124,0.0607859268784523,-36.65740203857422
2375.0,2,500-750 Hz,0.04083041101694107,-29.182170867919922,0.555036723613739,0.08497130125761032,-33.74802017211914
2375.0,3,750-1000 Hz,0.028831079602241516,-30.69339942932129,0.5406171083450317,0.05222254619002342,-37.97630310058594
2375.0,4,1-1.5 kHz,0.11849705129861832,-24.554935455322266,0.5626770257949829,0.10719768702983856,-31.729755401611328
2375.0,5,1.5-2.5 kHz,1.1597626209259033,-14.64831829071045,0.7539331912994385,0.5426290035247803,-17.643404006958008
2375.0,6,2.5-4 kHz,0.06919194757938385,-26.89145278930664,0.5708566308021545,0.08304492384195328,-33.94720458984375
2375.0,7,>4 kHz,1.3076324462890625,-14.127151489257812,0.7685624361038208,0.5898903608322144,-16.91803741455078
2400.0,0,<250 Hz,1.3538950681686401,-13.97615909576416,0.7459492683410645,0.5716589093208313,-17.190725326538086
2400.0,1,250-500 Hz,0.0671653151512146,-27.020559310913086,0.5673579573631287,0.08278743922710419,-33.97417449951172
2400.0,2,500-750 Hz,0.002865675836801529,-40.7197380065918,0.5445258617401123,0.04529886320233345,-39.21171951293945
2400.0,3,750-1000 Hz,0.037285491824150085,-29.576610565185547,0.5429791212081909,0.05947325378656387,-36.84703063964844
2400.0,4,1-1.5 kHz,0.3277251422405243,-20.136911392211914,0.6140351295471191,0.20561963319778442,-26.072174072265625
2400.0,5,1.5-2.5 kHz,0.9893608093261719,-15.338462829589844,0.735032856464386,0.48248937726020813,-18.66370964050293
2400.0,6,2.5-4 kHz,0.05284877121448517,-28.061660766601562,0.5666974782943726,0.07178936898708344,-35.21226119995117
2400.0,7,>4 kHz,1.4520621299743652,-13.672157287597656,0.781171441078186,0.636764407157898,-16.253889083862305
2425.0,0,<250 Hz,1.243110179901123,-14.34691333770752,0.7366286516189575,0.5368324518203735,-17.7366886138916
2425.0,1,250-500 Hz,0.08227530866861343,-26.139314651489258,0.5712985992431641,0.09255032241344452,-33.00590515136719
2425.0,2,500-750 Hz,0.004034543409943581,-39.234066009521484,0.5448560118675232,0.04693103954195976,-38.90426254272461
2425.0,3,750-1000 Hz,0.04474908858537674,-28.784168243408203,0.545046865940094,0.065348319709301,-36.028778076171875
2425.0,4,1-1.5 kHz,0.5338996648788452,-18.017412185668945,0.6554285287857056,0.291710764169693,-23.03441619873047
2425.0,5,1.5-2.5 kHz,0.8203612565994263,-16.151958465576172,0.7136023044586182,0.4200417101383209,-19.86761474609375
2425.0,6,2.5-4 kHz,0.04512760415673256,-28.747587203979492,0.564706563949585,0.0660364106297493,-35.93779754638672
2425.0,7,>4 kHz,1.430996060371399,-13.735624313354492,0.7794098854064941,0.6300318241119385,-16.346214294433594
2450.0,0,<250 Hz,0.9033434391021729,-15.733480453491211,0.7032694816589355,0.4238283932209015,-19.789663314819336
2450.0,1,250-500 Hz,0.07040046155452728,-26.816253662109375,0.5682071447372437,0.0849364772439003,-33.75157928466797
2450.0,2,500-750 Hz,0.012404859997332096,-34.3560905456543,0.5472079515457153,0.057457663118839264,-37.146507263183594
2450.0,3,750-1000 Hz,0.049396201968193054,-28.355073928833008,0.5463260412216187,0.06881651282310486,-35.57960891723633
2450.0,4,1-1.5 kHz,0.5718996524810791,-17.71881103515625,0.662237286567688,0.3069625496864319,-22.591754913330078
2450.0,5,1.5-2.5 kHz,0.6462901830673218,-17.187732696533203,0.6881297826766968,0.35253095626831055,-21.3895206451416
2450.0,6,2.5-4 kHz,0.07363970577716827,-26.620887756347656,0.571975827217102,0.08596932142972946,-33.6465950012207
2450.0,7,>4 kHz,1.2053344249725342,-14.480934143066406,0.7588187456130981,0.5556224584579468,-17.437868118286133
2475.0,0,<250 Hz,0.49279478192329407,-18.36534881591797,0.649753212928772,0.27265089750289917,-23.621326446533203
2475.0,1,250-500 Hz,0.03852556645870209,-29.434518814086914,0.5597094297409058,0.061701059341430664,-36.527610778808594
2475.0,2,500-750 Hz,0.014020144939422607,-33.824485778808594,0.5476593971252441,0.059297773987054825,-36.87269592285156
2475.0,3,750-1000 Hz,0.050081923604011536,-28.29520034790039,0.5465142726898193,0.06931775063276291,-35.51657485961914
2475.0,4,1-1.5 kHz,0.41373151540756226,-19.12482452392578,0.6322779059410095,0.24230347573757172,-24.646272659301758
2475.0,5,1.5-2.5 kHz,0.46670520305633545,-18.60158348083496,0.6573938131332397,0.27898573875427246,-23.421823501586914
2475.0,6,2.5-4 kHz,0.15797492861747742,-23.306129455566406,0.592223584651947,0.13341814279556274,-29.829166412353516
2475.0,7,>4 kHz,0.8186979293823242,-16.1607723236084,0.7143619060516357,0.4174145758152008,-19.92211151123047
2500.0,0,<250 Hz,0.17871198058128357,-22.77047348022461,0.5938208103179932,0.1391974240541458,-29.460840225219727
2500.0,1,250-500 Hz,0.014211241155862808,-33.765689849853516,0.5530253648757935,0.037745844572782516,-40.79608154296875
2500.0,2,500-750 Hz,0.010055058635771275,-35.268165588378906,0.546549916267395,0.054682083427906036,-37.57656478881836
2500.0,3,750-1000 Hz,0.04694261774420738,-28.576335906982422,0.5456514358520508,0.06700189411640167,-35.81172180175781
2500.0,4,1-1.5 kHz,0.18047386407852173,-22.727867126464844,0.57902991771698,0.13859769701957703,-29.49834442138672
2500.0,5,1.5-2.5 kHz,0.29363691806793213,-20.613901138305664,0.622424840927124,0.20309928059577942,-26.179296493530273
2500.0,6,2.5-4 kHz,0.2994890511035919,-20.528200149536133,0.6224820613861084,0.20003831386566162,-26.311199188232422
2500.0,7,>4 kHz,0.39532381296157837,-19.322479248046875,0.6459058523178101,0.24721354246139526,-24.47201919555664
2525.0,0,<250 Hz,0.044888127595186234,-28.770694732666016,0.5642131567001343,0.06346415728330612,-36.282894134521484
2525.0,1,250-500 Hz,0.03161151707172394,-30.293556213378906,0.5578268766403198,0.05578375235199928,-37.4033088684082
2525.0,2,500-750 Hz,0.005202903412282467,-38.12955093383789,0.5451855659484863,0.04851681366562843,-38.61561584472656
2525.0,3,750-1000 Hz,0.04141222685575485,-29.120723724365234,0.54412442445755,0.06277352571487427,-36.377933502197266
2525.0,4,1-1.5 kHz,0.043205104768276215,-28.936656951904297,0.5413476228713989,0.06096886843442917,-36.63130187988281
2525.0,5,1.5-2.5 kHz,0.14876729249954224,-23.56693458557129,0.5881248712539673,0.13237988948822021,-29.897024154663086
2525.0,6,2.5-4 kHz,0.4803982973098755,-18.475994110107422,0.65556401014328,0.2766072750091553,-23.496192932128906
2525.0,7,>4 kHz,0.0901881530880928,-25.74051284790039,0.576204776763916,0.09859803318977356,-32.45610046386719
2550.0,0,<250 Hz,0.06031700223684311,-27.487611770629883,0.5678433775901794,0.07436049729585648,-34.906620025634766
2550.0,1,250-500 Hz,0.10980149358510971,-24.88592529296875,0.578315258026123,0.10893959552049637,-31.58974838256836
2550.0,2,500-750 Hz,0.0012269620783627033,-44.40369415283203,0.5440622568130493,0.04288154095411301,-39.68805694580078
2550.0,3,750-1000 Hz,0.035623542964458466,-29.77463722229004,0.5425164699554443,0.05810578912496567,-37.049076080322266
2550.0,4,1-1.5 kHz,0.09455572068691254,-25.53512954711914,0.5560755133628845,0.09392985701560974,-32.87739181518555
2550.0,5,1.5-2.5 kHz,0.05224195122718811,-28.11181640625,0.5621956586837769,0.07377870380878448,-34.97484588623047
2550.0,6,2.5-4 kHz,0.672532320022583,-17.014877319335938,0.6852332353591919,0.35233014822006226,-21.394466400146484
2550.0,7,>4 kHz,0.013922939077019691,-33.854698181152344,0.554988443851471,0.03825974091887474,-40.678627014160156
2575.0,0,<250 Hz,0.12311623245477676,-24.388856887817383,0.5820198059082031,0.11124642938375473,-31.40774154663086
2575.0,1,250-500 Hz,0.2374187409877777,-21.536861419677734,0.6083265542984009,0.1738836169242859,-27.528289794921875
2575.0,2,500-750 Hz,0.001327910227701068,-44.06032180786133,0.5440908670425415,0.043037526309490204,-39.656517028808594
2575.0,3,750-1000 Hz,0.03162536770105362,-30.29165267944336,0.541400134563446,0.05470503121614456,-37.57291793823242
2575.0,4,1-1.5 kHz,0.2875860929489136,-20.704330444335938,0.6049911975860596,0.18799616396427155,-26.850482940673828
2575.0,5,1.5-2.5 kHz,0.010363778099417686,-35.1368293762207,0.550072193145752,0.033921368420124054,-41.723995208740234
2575.0,6,2.5-4 kHz,0.8501936197280884,-15.996829986572266,0.7086971402168274,0.41854533553123474,-19.89861297607422
2575.0,7,>4 kHz,0.17469948530197144,-22.86909294128418,0.5977563858032227,0.14511922001838684,-29.098966598510742
2600.0,0,<250 Hz,0.14168575406074524,-23.77874755859375,0.5860364437103271,0.12089987099170685,-30.684947967529297
2600.0,1,250-500 Hz,0.3746158182621002,-19.556148529052734,0.6365628838539124,0.23531168699264526,-24.900592803955078
2600.0,2,500-750 Hz,0.017932293936610222,-32.755653381347656,0.5487493276596069,0.06357493996620178,-36.26774597167969
2600.0,3,750-1000 Hz,0.030981265008449554,-30.381019592285156,0.5412198305130005,0.05414179712533951,-37.662811279296875
2600.0,4,1-1.5 kHz,0.48031848669052124,-18.476716995239258,0.64542156457901,0.2699090540409088,-23.709115982055664
2600.0,5,1.5-2.5 kHz,0.010884558781981468,-34.92390060424805,0.5502264499664307,0.034616656601428986,-41.547760009765625
2600.0,6,2.5-4 kHz,0.9994035959243774,-15.294600486755371,0.7260053753852844,0.47170278429985046,-18.860095977783203
2600.0,7,>4 kHz,0.47254031896591187,-18.54762077331543,0.6604351997375488,0.2801039516925812,-23.3870792388916
2625.0,0,<250 Hz,0.09361948072910309,-25.578346252441406,0.5754779577255249,0.09496460855007172,-32.7822265625
2625.0,1,250-500 Hz,0.4724559187889099,-18.548397064208984,0.6545439958572388,0.2765538990497589,-23.497867584228516
2625.0,2,500-750 Hz,0.07127054780721664,-26.762907028198242,0.5631576776504517,0.10827507823705673,-31.642894744873047
2625.0,3,750-1000 Hz,0.034947123378515244,-29.857894897460938,0.5423280000686646,0.05754268914461136,-37.13365936279297
2625.0,4,1-1.5 kHz,0.5429551601409912,-17.94437026977539,0.6570723056793213,0.29535365104675293,-22.926616668701172
2625.0,5,1.5-2.5 kHz,0.029581807553768158,-30.581762313842773,0.555705189704895,0.05517837777733803,-37.498085021972656
2625.0,6,2.5-4 kHz,1.118634819984436,-14.805126190185547,0.7385056614875793,0.512695848941803,-18.136268615722656
2625.0,7,>4 kHz,0.7513092756271362,-16.53382110595703,0.7050994634628296,0.39182406663894653,-20.471641540527344
2650.0,0,<250 Hz,0.025291496887803078,-31.262264251708984,0.5595141053199768,0.046927809715270996,-38.90485763549805
2650.0,1,250-500 Hz,0.49849316477775574,-18.31541633605957,0.6590604782104492,0.28726476430892944,-23.167818069458008
2650.0,2,500-750 Hz,0.17418625950813293,-22.88187026977539,0.5887556076049805,0.17109070718288422,-27.668935775756836
2650.0,3,750-1000 Hz,0.044719867408275604,-28.787004470825195,0.5450388193130493,0.06532841175794601,-36.03142166137695
2650.0,4,1-1.5 kHz,0.4437488615512848,-18.820636749267578,0.638303816318512,0.25481945276260376,-24.208812713623047
2650.0,5,1.5-2.5 kHz,0.04366467148065567,-28.89070701599121,0.5597579479217529,0.06717030704021454,-35.7899169921875
2650.0,6,2.5-4 kHz,1.2121305465698242,-14.456515312194824,0.747581958770752,0.543968677520752,-17.621986389160156
2650.0,7,>4 kHz,0.878786027431488,-15.853178024291992,0.7221946120262146,0.43989822268486023,-19.466421127319336
2675.0,0,<250 Hz,0.0015982268378138542,-43.25562286376953,0.5536966323852539,0.012455558404326439,-50.42620086669922
2675.0,1,250-500 Hz,0.4530317783355713,-18.730722427368164,0.6511036157608032,0.2684980034828186,-23.754642486572266
2675.0,2,500-750 Hz,0.3132467567920685,-20.333141326904297,0.6193386316299438,0.2416035681962967,-24.671398162841797
2675.0,3,750-1000 Hz,0.06095397472381592,-27.441987991333008,0.5494805574417114,0.07695532590150833,-34.60869216918945
2675.0,4,1-1.5 kHz,0.2551167607307434,-21.224620819091797,0.5974111557006836,0.1734420657157898,-27.55037498474121
2675.0,5,1.5-2.5 kHz,0.04277118295431137,-28.98049545288086,0.5595026016235352,0.0664568543434143,-35.882667541503906
2675.0,6,2.5-4 kHz,1.2816143035888672,-14.214435577392578,0.7539525628089905,0.5667322874069214,-17.265905380249023
2675.0,7,>4 kHz,0.8087373971939087,-16.21393394470215,0.7130255699157715,0.4136936068534851,-19.999887466430664
2700.0,0,<250 Hz,0.04995350539684296,-28.306350708007812,0.5654116272926331,0.0671347826719284,-35.79451370239258
2700.0,1,250-500 Hz,0.3664855360984802,-19.651439666748047,0.6349925994873047,0.23181067407131195,-25.03079605102539
2700.0,2,500-750 Hz,0.44387853145599365,-18.819368362426758,0.6445392966270447,0.30144691467285156,-22.749248504638672
2700.0,3,750-1000 Hz,0.08228036016225815,-26.139047622680664,0.5552016496658325,0.0906589925289154,-33.185245513916016
2700.0,4,1-1.5 kHz,0.08732878416776657,-25.880434036254883,0.5540503263473511,0.08971421420574188,-33.27623748779297
2700.0,5,1.5-2.5 kHz,0.03057185374200344,-30.438793182373047,0.5559921860694885,0.05607812479138374,-37.35759353637695
2700.0,6,2.5-4 kHz,1.3225855827331543,-14.07777214050293,0.7575691938400269,0.579969048500061,-17.06536865234375
2700.0,7,>4 kHz,0.5915699601173401,-17.57194709777832,0.6808764934539795,0.3290146589279175,-21.989158630371094
2725.0,0,<250 Hz,0.1409725695848465,-23.800662994384766,0.585883617401123,0.12052271515130997,-30.712087631225586
2725.0,1,250-500 Hz,0.2802276909351349,-20.816898345947266,0.6175496578216553,0.1936505138874054,-26.59309196472168
2725.0,2,500-750 Hz,0.5093903541564941,-18.22150230407715,0.6560710668563843,0.3299768567085266,-21.963794708251953
2725.0,3,750-1000 Hz,0.10377871990203857,-25.130924224853516,0.5608415603637695,0.10332714766263962,-32.04917526245117
2725.0,4,1-1.5 kHz,0.008725564926862717,-35.884071350097656,0.5310012102127075,0.0271780863404274,-43.649085998535156
2725.0,5,1.5-2.5 kHz,0.017355982214212418,-32.897518157958984,0.5521355867385864,0.04269060865044594,-39.7268180847168
2725.0,6,2.5-4 kHz,1.327373743057251,-14.062076568603516,0.7579853534698486,0.5815045833587646,-17.042400360107422
2725.0,7,>4 kHz,0.33290863037109375,-20.06875991821289,0.6333447694778442,0.21980413794517517,-25.492746353149414
2750.0,0,<250 Hz,0.2153894305229187,-21.95976448059082,0.6012502908706665,0.15639019012451172,-28.44927215576172
2750.0,1,250-500 Hz,0.22337990999221802,-21.80156898498535,0.6052145957946777,0.16726255416870117,-27.865489959716797
2750.0,2,500-750 Hz,0.4749465584754944,-18.525562286376953,0.6500937938690186,0.3150828182697296,-22.36496925354004
2750.0,3,750-1000 Hz,0.11719928681850433,-24.602758407592773,0.5642992258071899,0.11082740128040314,-31.440521240234375
2750.0,4,1-1.5 kHz,0.011990745551884174,-34.50354766845703,0.5319973230361938,0.03165888041257858,-42.323551177978516
2750.0,5,1.5-2.5 kHz,0.010388653725385666,-35.12641525268555,0.5500796437263489,0.033890049904584885,-41.73202133178711
2750.0,6,2.5-4 kHz,1.2918775081634521,-14.17979621887207,0.7548680305480957,0.5700539350509644,-17.215145111083984
2750.0,7,>4 kHz,0.13022133708000183,-24.145187377929688,0.5866562128067017,0.1216304749250412,-30.632617950439453
2775.0,0,<250 Hz,0.2306760847568512,-21.661983489990234,0.6042677164077759,0.16336536407470703,-28.070262908935547
2775.0,1,250-500 Hz,0.1996784210205078,-22.288700103759766,0.5998588800430298,0.15585070848464966,-28.47928810119629
2775.0,2,500-750 Hz,0.35290563106536865,-19.8154239654541,0.6273219585418701,0.26025906205177307,-24.025346755981445
2775.0,3,750-1000 Hz,0.11413336545228958,-24.717884063720703,0.5635135173797607,0.1091371551156044,-31.574010848999023
2775.0,4,1-1.5 kHz,0.04196851700544357,-29.062774658203125,0.5409830212593079,0.0599450021982193,-36.778404235839844
2775.0,5,1.5-2.5 kHz,0.009388821199536324,-35.56589889526367,0.5497832298278809,0.032450802624225616,-42.10895538330078
2775.0,6,2.5-4 kHz,1.2203426361083984,-14.427190780639648,0.748350977897644,0.5466694831848145,-17.578968048095703
2775.0,7,>4 kHz,0.026892712339758873,-30.995662689208984,0.5587236881256104,0.0520867183804512,-37.998924255371094
2800.0,0,<250 Hz,0.18936188519001007,-22.51908302307129,0.5960062742233276,0.14425837993621826,-29.15064239501953
2800.0,1,250-500 Hz,0.1911276876926422,-22.47877311706543,0.5978946685791016,0.15165871381759644,-28.716115951538086
2800.0,2,500-750 Hz,0.19885295629501343,-22.30668830871582,0.5944960713386536,0.1843770146369934,-27.019329071044922
2800.0,3,750-1000 Hz,0.09125175327062607,-25.689598083496094,0.5575705170631409,0.09605809301137924,-32.68278503417969
2800.0,4,1-1.5 kHz,0.051627226173877716,-28.16322135925293,0.5438179969787598,0.06699329614639282,-35.81283950805664
2800.0,5,1.5-2.5 kHz,0.009332727640867233,-35.591922760009766,0.5497666597366333,0.032367683947086334,-42.13123321533203
2800.0,6,2.5-4 kHz,1.1242971420288086,-14.783199310302734,0.7390726804733276,0.5146002173423767,-18.10406494140625
2800.0,7,>4 kHz,0.006624961271882057,-37.080177307128906,0.552862823009491,0.027376703917980194,-43.585838317871094
2825.0,0,<250 Hz,0.13001875579357147,-24.15195083618164,0.583521842956543,0.11487823724746704,-31.12870979309082
2825.0,1,250-500 Hz,0.17413023114204407,-22.88326644897461,0.593938410282135,0.14319656789302826,-29.214811325073242
2825.0,2,500-750 Hz,0.07799328863620758,-26.371437072753906,0.5649157762527466,0.11296944320201874,-31.27424430847168
2825.0,3,750-1000 Hz,0.054472099989652634,-27.930269241333008,0.5477162003517151,0.07246723771095276,-35.13063049316406
2825.0,4,1-1.5 kHz,0.037369877099990845,-29.56679344177246,0.5396231412887573,0.056373901665210724,-37.3119010925293
2825.0,5,1.5-2.5 kHz,0.00662839924916625,-37.07792282104492,0.5489634275436401,0.028130847960710526,-43.34980773925781
2825.0,6,2.5-4 kHz,1.0163488388061523,-15.22158145904541,0.7278496026992798,0.4775976836681366,-18.752220153808594
2825.0,7,>4 kHz,0.022674037143588066,-31.736719131469727,0.5575145483016968,0.047859713435173035,-38.73406219482422
2850.0,0,<250 Hz,0.09311557561159134,-25.60178565979004,0.5753644704818726,0.09467820078134537,-32.80846405029297
2850.0,1,250-500 Hz,0.13644088804721832,-23.942564010620117,0.5849131345748901,0.12364951521158218,-30.48961639404297
2850.0,2,500-750 Hz,0.02467910572886467,-31.368715286254883,0.5506181716918945,0.07042296230792999,-35.37917709350586
2850.0,3,750-1000 Hz,0.01849372871220112,-32.62176513671875,0.5376999378204346,0.04203636944293976,-39.860958099365234
2850.0,4,1-1.5 kHz,0.029835736379027367,-30.544641494750977,0.5373806953430176,0.0501183420419693,-38.33353042602539
2850.0,5,1.5-2.5 kHz,0.00269946176558733,-40.9792366027832,0.5477920770645142,0.020572936162352562,-46.06753921508789
2850.0,6,2.5-4 kHz,0.9034390449523926,-15.733020782470703,0.7151031494140625,0.4377540349960327,-19.508861541748047
2850.0,7,>4 kHz,0.03584371507167816,-29.747879028320312,0.5612702369689941,0.060154907405376434,-36.748043060302734
2875.0,0,<250 Hz,0.0915730893611908,-25.674331665039062,0.5750165581703186,0.09378176182508469,-32.89109802246094
2875.0,1,250-500 Hz,0.08414752036333084,-26.041595458984375,0.5717824697494507,0.09371427446603775,-32.8973503112793
2875.0,2,500-750 Hz,0.025054965168237686,-31.303071975708008,0.5507218837738037,0.07077866792678833,-35.335418701171875
2875.0,3,750-1000 Hz,0.0005129379569552839,-48.19136047363281,0.5325483679771423,0.013252684846520424,-49.887386322021484
2875.0,4,1-1.5 kHz,0.05616316199302673,-27.79749298095703,0.5451393127441406,0.07013608515262604,-35.414634704589844
2875.0,5,1.5-2.5 kHz,0.0021789069287478924,-41.90962219238281,0.5476365089416504,0.019360458478331566,-46.59515380859375
2875.0,6,2.5-4 kHz,0.7845556735992432,-16.34577178955078,0.7004202008247375,0.39446619153022766,-20.413267135620117
2875.0,7,>4 kHz,0.03514263778924942,-29.833663940429688,0.5610716938972473,0.059551261365413666,-36.83564376831055
2900.0,0,<250 Hz,0.10771957784891129,-24.96906280517578,0.5786303281784058,0.10291869193315506,-32.083580017089844
2900.0,1,250-500 Hz,0.03558574244379997,-29.779247283935547,0.5589107275009155,0.059235792607069016,-36.88178253173828
2900.0,2,500-750 Hz,0.03669988363981247,-29.645362854003906,0.5539140701293945,0.08143020421266556,-34.11775207519531
2900.0,3,750-1000 Hz,0.010917602106928825,-34.910736083984375,0.5355414152145386,0.032929450273513794,-41.981773376464844
2900.0,4,1-1.5 kHz,0.11051253974437714,-24.857892990112305,0.5604935884475708,0.10282257199287415,-32.09169387817383
2900.0,5,1.5-2.5 kHz,0.008023691363632679,-36.248268127441406,0.5493781566619873,0.03038426674902439,-42.68048858642578
2900.0,6,2.5-4 kHz,0.6546213626861572,-17.132108688354492,0.6826711893081665,0.34546583890914917,-21.56536293029785
2900.0,7,>4 kHz,0.03232695907354355,-30.196361541748047,0.5602726936340332,0.057082924991846085,-37.203338623046875
2925.0,0,<250 Hz,0.11427212506532669,-24.712604522705078,0.5800794363021851,0.10650300979614258,-31.78622817993164
2925.0,1,250-500 Hz,0.0079280324280262,-36.300357818603516,0.5512686967849731,0.028955824673175812,-43.09874725341797
2925.0,2,500-750 Hz,0.030806707218289375,-30.40555763244629,0.5523036122322083,0.07618743926286697,-34.695796966552734
2925.0,3,750-1000 Hz,0.04659004136919975,-28.60907745361328,0.5455543994903564,0.06673729419708252,-35.846092224121094
2925.0,4,1-1.5 kHz,0.15750093758106232,-23.319177627563477,0.5730888843536377,0.12729530036449432,-30.23721694946289
2925.0,5,1.5-2.5 kHz,0.01832062378525734,-32.66260528564453,0.5524190068244934,0.043780408799648285,-39.507869720458984
2925.0,6,2.5-4 kHz,0.5118721127510071,-18.200395584106445,0.6607745885848999,0.28935325145721436,-23.104896545410156
2925.0,7,>4 kHz,0.04151597246527672,-29.1098575592041,0.5628710389137268,0.0648733377456665,-36.092140197753906
2950.0,0,<250 Hz,0.09831005334854126,-25.366029739379883,0.5765318274497986,0.0976494699716568,-32.54006576538086
2950.0,1,250-500 Hz,0.006228594109416008,-37.348106384277344,0.5507915019989014,0.026116983965039253,-43.99500274658203
2950.0,2,500-750 Hz,0.02341371402144432,-31.597307205200195,0.5502686500549316,0.06918343901634216,-35.53342056274414
2950.0,3,750-1000 Hz,0.09158731997013092,-25.673656463623047,0.5576586723327637,0.09625650197267532,-32.66486358642578
2950.0,4,1-1.5 kHz,0.16242921352386475,-23.185367584228516,0.5743751525878906,0.1297478824853897,-30.07145881652832
2950.0,5,1.5-2.5 kHz,0.02758762612938881,-30.88486671447754,0.5551262497901917,0.05329885333776474,-37.79910659790039
2950.0,6,2.5-4 kHz,0.3634933531284332,-19.687044143676758,0.6348375082015991,0.22789834439754486,-25.178640365600586
2950.0,7,>4 kHz,0.06322465091943741,-27.283143997192383,0.5689059495925903,0.08100640028715134,-34.16307830810547
2975.0,0,<250 Hz,0.06840895861387253,-26.940879821777344,0.5697234869003296,0.07966457307338715,-34.30815887451172
2975.0,1,250-500 Hz,0.021779224276542664,-31.911584854125977,0.5551249980926514,0.04631718248128891,-39.01862335205078
2975.0,2,500-750 Hz,0.06854469329118729,-26.932270050048828,0.5624412894248962,0.10634571313858032,-31.79906463623047
2975.0,3,750-1000 Hz,0.12549109756946564,-24.305879592895508,0.5664117336273193,0.11533763259649277,-31.094043731689453
2975.0,4,1-1.5 kHz,0.12031752616167068,-24.488719940185547,0.5631723403930664,0.1081220954656601,-31.655176162719727
2975.0,5,1.5-2.5 kHz,0.031181372702121735,-30.353057861328125,0.5561686754226685,0.05662792921066284,-37.272850036621094
2975.0,6,2.5-4 kHz,0.2253343164920807,-21.763736724853516,0.6071649789810181,0.1662961095571518,-27.915822982788086
2975.0,7,>4 kHz,0.08458037674427032,-26.01931381225586,0.5747044086456299,0.09501107037067413,-32.77798080444336
3000.0,0,<250 Hz,0.04245002195239067,-29.01323127746582,0.5636339783668518,0.0615372471511364,-36.55070495605469
3000.0,1,250-500 Hz,0.03950422629714012,-29.325572967529297,0.5599747896194458,0.06250214576721191,-36.415565490722656
3000.0,2,500-750 Hz,0.21463727951049805,-21.974956512451172,0.5980947017669678,0.19266252219676971,-26.63751983642578
3000.0,3,750-1000 Hz,0.13446681201457977,-24.005859375,0.5686783790588379,0.12012752145528793,-30.74061393737793
3000.0,4,1-1.5 kHz,0.059566475450992584,-27.541990280151367,0.546126663684845,0.07242514193058014,-35.135677337646484
3000.0,5,1.5-2.5 kHz,0.028887972235679626,-30.684837341308594,0.5555039644241333,0.05452239140868187,-37.601966857910156
3000.0,6,2.5-4 kHz,0.1153775006532669,-24.670799255371094,0.5822224617004395,0.11080881953239441,-31.44197654724121
3000.0,7,>4 kHz,0.09233805537223816,-25.638200759887695,0.5767775774002075,0.09979646652936935,-32.351158142089844
3025.0,0,<250 Hz,0.030334709212183952,-30.472610473632812,0.5607329607009888,0.05156320333480835,-38.086666107177734
3025.0,1,250-500 Hz,0.04806489124894142,-28.473730087280273,0.5622835755348206,0.06923046708106995,-35.52751922607422
3025.0,2,500-750 Hz,0.45544350147247314,-18.707664489746094,0.6466253995895386,0.3065393567085266,-22.60373878479004
3025.0,3,750-1000 Hz,0.11800505220890045,-24.5730037689209,0.5645053386688232,0.11126942187547684,-31.405946731567383
3025.0,4,1-1.5 kHz,0.019233463332057,-32.45143508911133,0.5341945886611938,0.040040772408246994,-40.283416748046875
3025.0,5,1.5-2.5 kHz,0.024874452501535416,-31.334474563598633,0.5543364882469177,0.05066898092627525,-38.23862075805664
3025.0,6,2.5-4 kHz,0.04466035217046738,-28.79278564453125,0.5645855665206909,0.06572972983121872,-35.97822570800781
3025.0,7,>4 kHz,0.08532606065273285,-25.98119354248047,0.5749044418334961,0.09547864645719528,-32.73533630371094
3050.0,0,<250 Hz,0.02776889130473137,-30.856422424316406,0.5601136684417725,0.04924610257148743,-38.486026763916016
3050.0,1,250-500 Hz,0.04541565105319023,-28.719955444335938,0.5615713596343994,0.06720387935638428,-35.78557586669922
3050.0,2,500-750 Hz,0.7143627405166626,-16.75282096862793,0.6881237626075745,0.4144877791404724,-19.983230590820312
3050.0,3,750-1000 Hz,0.08717229962348938,-25.88822364807129,0.5564960837364197,0.09362530708312988,-32.905601501464844
3050.0,4,1-1.5 kHz,0.02022170089185238,-32.23383331298828,0.534493088722229,0.041063085198402405,-40.064430236816406
3050.0,5,1.5-2.5 kHz,0.024529818445444107,-31.395065307617188,0.5542359948158264,0.05032749101519585,-38.297359466552734
3050.0,6,2.5-4 kHz,0.0112938042730093,-34.763607025146484,0.5557811260223389,0.033132363110780716,-41.92841339111328
3050.0,7,>4 kHz,0.07515636086463928,-26.532352447509766,0.5721622705459595,0.08900412917137146,-33.34526062011719
3075.0,0,<250 Hz,0.024656377732753754,-31.372716903686523,0.559360146522522,0.046309567987918854,-39.020050048828125
3075.0,1,250-500 Hz,0.03681906685233116,-29.63128089904785,0.5592461228370667,0.060281455516815186,-36.72978973388672
3075.0,2,500-750 Hz,0.8792840242385864,-15.850717544555664,0.7101956605911255,0.47822439670562744,-18.740829467773438
3075.0,3,750-1000 Hz,0.056211039423942566,-27.793792724609375,0.548190712928772,0.07369079440832138,-34.985198974609375
3075.0,4,1-1.5 kHz,0.053121499717235565,-28.039304733276367,0.544253945350647,0.06803682446479797,-35.678585052490234
3075.0,5,1.5-2.5 kHz,0.031140292063355446,-30.358781814575195,0.5561567544937134,0.056592367589473724,-37.27830505371094
3075.0,6,2.5-4 kHz,0.0018603565404191613,-42.59605026245117,0.5532324314117432,0.01574385166168213,-48.3912467956543
3075.0,7,>4 kHz,0.07522605359554291,-26.52832794189453,0.5721811056137085,0.0890503004193306,-33.340755462646484
3100.0,0,<250 Hz,0.017556864768266678,-32.84754180908203,0.5576316118240356,0.03892482444643974,-40.5289306640625
3100.0,1,250-500 Hz,0.028251398354768753,-30.7816104888916,0.5569068193435669,0.05270031467080116,-37.89720153808594
3100.0,2,500-750 Hz,0.8682863712310791,-15.905379295349121,0.7088131904602051,0.47407910227775574,-18.816448211669922
3100.0,3,750-1000 Hz,0.033990103751420975,-29.978485107421875,0.5420609712600708,0.05673658102750778,-37.25619888305664
3100.0,4,1-1.5 kHz,0.0895242989063263,-25.772600173950195,0.5546671748161316,0.0909905880689621,-33.15353775024414
3100.0,5,1.5-2.5 kHz,0.04483097419142723,-28.776227951049805,0.5600907802581787,0.06808594614267349,-35.67231369018555
3100.0,6,2.5-4 kHz,0.000710361055098474,-46.7772216796875,0.552919864654541,0.012127042748034,-50.658363342285156
3100.0,7,>4 kHz,0.08816581219434738,-25.839006423950195,0.575664758682251,0.09724277257919312,-32.576316833496094
3125.0,0,<250 Hz,0.013205617666244507,-34.08442306518555,0.556565523147583,0.03371502831578255,-41.77699661254883
3125.0,1,250-500 Hz,0.021283909678459167,-32.01149368286133,0.5549881458282471,0.04580053314566612,-39.11605453491211
3125.0,2,500-750 Hz,0.6822356581687927,-16.952665328979492,0.6834650039672852,0.4016588032245636,-20.256319046020508
3125.0,3,750-1000 Hz,0.021450389176607132,-31.977657318115234,0.5385376214981079,0.045149728655815125,-39.240360260009766
3125.0,4,1-1.5 kHz,0.10465995967388153,-25.09420394897461,0.5588816404342651,0.0995946153998375,-32.368743896484375
3125.0,5,1.5-2.5 kHz,0.06370442360639572,-27.25031280517578,0.565418004989624,0.08192925155162811,-34.06468200683594
3125.0,6,2.5-4 kHz,0.00336707616224885,-40.01947784423828,0.5536413192749023,0.019677788019180298,-46.45393753051758
3125.0,7,>4 kHz,0.102803535759449,-25.17192840576172,0.5795470476150513,0.10605771839618683,-31.822620391845703
3150.0,0,<250 Hz,0.020502878352999687,-32.173858642578125,0.5583505034446716,0.04212992638349533,-39.84164810180664
3150.0,1,250-500 Hz,0.01378101296722889,-33.89919662475586,0.5529054403305054,0.03719000518321991,-40.92494201660156
3150.0,2,500-750 Hz,0.40696489810943604,-19.196439743041992,0.6377294659614563,0.2849702835083008,-23.23747444152832
3150.0,3,750-1000 Hz,0.016023823991417885,-33.244346618652344,0.5369981527328491,0.03927813470363617,-40.45044708251953
3150.0,4,1-1.5 kHz,0.09273434430360794,-25.61960220336914,0.5555665493011475,0.09285055100917816,-32.97777557373047
3150.0,5,1.5-2.5 kHz,0.08517283201217651,-25.988998413085938,0.5713462829589844,0.09600555151700974,-32.687538146972656
3150.0,6,2.5-4 kHz,0.02746843732893467,-30.903671264648438,0.5600895881652832,0.05128464475274086,-38.13371658325195
3150.0,7,>4 kHz,0.10329756885766983,-25.151107788085938,0.5796769857406616,0.10634792596101761,-31.79888153076172
3175.0,0,<250 Hz,0.040681563317775726,-29.198034286499023,0.5632128715515137,0.06016328185796738,-36.74683380126953
3175.0,1,250-500 Hz,0.0056651015765964985,-37.75993347167969,0.5506330728530884,0.0251088198274374,-44.336936950683594
3175.0,2,500-750 Hz,0.1620267927646637,-23.196142196655273,0.5858720541000366,0.16437093913555145,-28.016963958740234
3175.0,3,750-1000 Hz,0.018058931455016136,-32.72509002685547,0.5375764966011047,0.04156731814146042,-39.95842361450195
3175.0,4,1-1.5 kHz,0.06545637547969818,-27.132490158081055,0.5478270053863525,0.07628624886274338,-34.684539794921875
3175.0,5,1.5-2.5 kHz,0.10593627393245697,-25.041563034057617,0.5769504308700562,0.10855051875114441,-31.620826721191406
3175.0,6,2.5-4 kHz,0.11473782360553741,-24.694942474365234,0.582068920135498,0.1105513721704483,-31.462181091308594
3175.0,7,>4 kHz,0.08279025554656982,-26.11221694946289,0.574223518371582,0.09388773143291473,-32.88128662109375
3200.0,0,<250 Hz,0.06719160079956055,-27.01885986328125,0.5694416761398315,0.07887892425060272,-34.39424514770508
3200.0,1,250-500 Hz,0.00447974493727088,-38.779476165771484,0.5502995252609253,0.02286253124475479,-45.150978088378906
3200.0,2,500-750 Hz,0.030286220833659172,-30.479557037353516,0.5521608591079712,0.07573948800563812,-34.74701690673828
3200.0,3,750-1000 Hz,0.03256663680076599,-30.16427993774414,0.541663408279419,0.05552440136671066,-37.44378662109375
3200.0,4,1-1.5 kHz,0.03898021578788757,-29.38356590270996,0.54010009765625,0.05764157325029373,-37.11874771118164
3200.0,5,1.5-2.5 kHz,0.12115878611803055,-24.45846176147461,0.5809804201126099,0.11727750301361084,-30.94917106628418
3200.0,6,2.5-4 kHz,0.3206673860549927,-20.231460571289062,0.6266551613807678,0.20943401753902435,-25.912517547607422
3200.0,7,>4 kHz,0.050249092280864716,-28.28072738647461,0.5653162002563477,0.07167022675275803,-35.226688385009766
3225.0,0,<250 Hz,0.09631279855966568,-25.455169677734375,0.5760837197303772,0.09650842100381851,-32.64215850830078
3225.0,1,250-500 Hz,0.02495768666267395,-31.319965362548828,0.5560016632080078,0.049546483904123306,-38.43320846557617
3225.0,2,500-750 Hz,0.015952713787555695,-33.26366424560547,0.548198401927948,0.06145336851477623,-36.56254959106445
3225.0,3,750-1000 Hz,0.06380784511566162,-27.243268966674805,0.5502535104751587,0.07887688279151917,-34.39447021484375
3225.0,4,1-1.5 kHz,0.021997030824422836,-31.868370056152344,0.5350285768508911,0.04284524917602539,-39.695411682128906
3225.0,5,1.5-2.5 kHz,0.12481781840324402,-24.329242706298828,0.5819394588470459,0.11932703852653503,-30.798686981201172
3225.0,6,2.5-4 kHz,0.6938175559043884,-16.87955665588379,0.6882283091545105,0.3604549467563629,-21.196443557739258
3225.0,7,>4 kHz,0.02479373849928379,-31.348588943481445,0.5581228733062744,0.050002533942461014,-38.35362243652344
3250.0,0,<250 Hz,0.1370428055524826,-23.923446655273438,0.5850393772125244,0.1185121163725853,-30.85820960998535
3250.0,1,250-500 Hz,0.08088149130344391,-26.213516235351562,0.5709378123283386,0.09167884290218353,-33.08808135986328
3250.0,2,500-750 Hz,0.057902272790670395,-27.66505241394043,0.5596239566802979,0.09851346164941788,-32.46355438232422
3250.0,3,750-1000 Hz,0.1071636825799942,-24.991533279418945,0.5617181062698364,0.10524465888738632,-31.889461517333984
3250.0,4,1-1.5 kHz,0.013451913371682167,-34.00416946411133,0.5324419736862183,0.033487897366285324,-41.83570861816406
3250.0,5,1.5-2.5 kHz,0.11238601803779602,-24.784887313842773,0.5786659717559814,0.11228921264410019,-31.326704025268555
3250.0,6,2.5-4 kHz,1.2519874572753906,-14.316009521484375,0.7512735724449158,0.5570573806762695,-17.41546630859375
3250.0,7,>4 kHz,0.02185608446598053,-31.896286010742188,0.5572795271873474,0.04700586199760437,-38.89042282104492
3275.0,0,<250 Hz,0.2072189301252365,-22.127714157104492,0.599618673324585,0.15261508524417877,-28.661516189575195
3275.0,1,250-500 Hz,0.17339161038398743,-22.9017276763916,0.5937649011611938,0.14282169938087463,-29.237579345703125
3275.0,2,500-750 Hz,0.08571537584066391,-25.961421966552734,0.5669198036193848,0.11820054054260254,-30.88107681274414
3275.0,3,750-1000 Hz,0.14651289582252502,-23.633251190185547,0.5716878175735474,0.12642328441143036,-30.296924591064453
3275.0,4,1-1.5 kHz,0.008344687521457672,-36.077911376953125,0.5308847427368164,0.02655825950205326,-43.84947204589844
3275.0,5,1.5-2.5 kHz,0.08453844487667084,-26.021465301513672,0.5711730718612671,0.09560684114694595,-32.72368621826172
3275.0,6,2.5-4 kHz,1.9652698040008545,-12.3577880859375,0.8035029172897339,0.7715247869491577,-14.586466789245605
3275.0,7,>4 kHz,0.041876934468746185,-29.072261810302734,0.5629725456237793,0.06516126543283463,-36.053672790527344
3300.0,0,<250 Hz,0.3150811791419983,-20.307785034179688,0.6201441287994385,0.20030713081359863,-26.299535751342773
3300.0,1,250-500 Hz,0.2835964858531952,-20.76500129699707,0.6182589530944824,0.19517183303833008,-26.52511978149414
3300.0,2,500-750 Hz,0.07601698487997055,-26.4829044342041,0.564400315284729,0.11159639060497284,-31.380460739135742
3300.0,3,750-1000 Hz,0.16213436424732208,-23.193260192871094,0.5755360126495361,0.13439461588859558,-29.765825271606445
3300.0,4,1-1.5 kHz,0.003961146809160709,-39.31380081176758,0.5295414328575134,0.018832452595233917,-46.8353271484375
3300.0,5,1.5-2.5 kHz,0.04888138920068741,-28.40057373046875,0.5612432956695557,0.07121280580759048,-35.28230285644531
3300.0,6,2.5-4 kHz,2.7546567916870117,-10.89133358001709,0.8413326740264893,0.973209798336029,-12.569334030151367
3300.0,7,>4 kHz,0.07001294195652008,-26.840227127075195,0.5707637071609497,0.08561214804649353,-33.68275451660156
3325.0,0,<250 Hz,0.4409949779510498,-18.847673416137695,0.6416075229644775,0.25214290618896484,-24.30052947998047
3325.0,1,250-500 Hz,0.3759096562862396,-19.541173934936523,0.6368116140365601,0.23587360978126526,-24.8798770904541
3325.0,2,500-750 Hz,0.06813199818134308,-26.958499908447266,0.5623326301574707,0.10604488849639893,-31.82366943359375
3325.0,3,750-1000 Hz,0.14567968249320984,-23.65802001953125,0.5714808702468872,0.1259939819574356,-30.32646942138672
3325.0,4,1-1.5 kHz,0.0009803379653021693,-45.37825012207031,0.5286242961883545,0.010935615748167038,-51.556602478027344
3325.0,5,1.5-2.5 kHz,0.01753109320998192,-32.853919982910156,0.5521870851516724,0.0428861603140831,-39.6871223449707
3325.0,6,2.5-4 kHz,3.508876323699951,-9.840328216552734,0.8664233088493347,1.1406347751617432,-11.190532684326172
3325.0,7,>4 kHz,0.0867299735546112,-25.91031837463379,0.5752806067466736,0.09635240584611893,-32.65621566772461
3350.0,0,<250 Hz,0.5380195379257202,-17.98402976989746,0.6565699577331543,0.29026657342910767,-23.077524185180664
3350.0,1,250-500 Hz,0.41265010833740234,-19.136188507080078,0.6437495350837708,0.25155138969421387,-24.3209285736084
3350.0,2,500-750 Hz,0.12896597385406494,-24.187257766723633,0.5778464674949646,0.145361989736557,-29.08444595336914
3350.0,3,750-1000 Hz,0.11147412657737732,-24.820268630981445,0.5628300309181213,0.10766574740409851,-31.691913604736328
3350.0,4,1-1.5 kHz,0.0004140485543757677,-49.121498107910156,0.5284497737884521,0.008672548457980156,-53.570526123046875
3350.0,5,1.5-2.5 kHz,0.0013205134309828281,-44.0845832824707,0.5473797917366028,0.01717681810259819,-47.634613037109375
3350.0,6,2.5-4 kHz,4.114635467529297,-9.14869499206543,0.8816840052604675,1.2617753744125366,-10.313823699951172
3350.0,7,>4 kHz,0.08106139302253723,-26.203868865966797,0.5737582445144653,0.09279487282037735,-32.98298645019531
3375.0,0,<250 Hz,0.5567237734794617,-17.835613250732422,0.6593127250671387,0.29746946692466736,-22.86461639404297
3375.0,1,250-500 Hz,0.3733323812484741,-19.57105255126953,0.6363158226013184,0.23476488888263702,-24.92080307006836
3375.0,2,500-750 Hz,0.29438701272010803,-20.602821350097656,0.6154334545135498,0.23255325853824615,-25.003015518188477
3375.0,3,750-1000 Hz,0.09363724291324615,-25.577524185180664,0.5581966638565063,0.0974777415394783,-32.555355072021484
3375.0,4,1-1.5 kHz,0.001203089952468872,-44.4890251159668,0.5286929607391357,0.011704977601766586,-50.9660530090332
3375.0,5,1.5-2.5 kHz,0.004111557267606258,-39.151947021484375,0.5482136011123657,0.023551885038614273,-44.89295196533203
3375.0,6,2.5-4 kHz,4.488943099975586,-8.77056884765625,0.8895576000213623,1.331861972808838,-9.844280242919922
3375.0,7,>4 kHz,0.05689576268196106,-27.7412109375,0.5671613812446594,0.07654886692762375,-34.65468978881836
3400.0,0,<250 Hz,0.4789990484714508,-18.488662719726562,0.6476199626922607,0.26723921298980713,-23.795461654663086
3400.0,1,250-500 Hz,0.26825883984565735,-21.0064697265625,0.6150106191635132,0.18818435072898865,-26.841794967651367
3400.0,2,500-750 Hz,0.5310537815093994,-18.040624618530273,0.6597365140914917,0.3392252027988434,-21.72370147705078
3400.0,3,750-1000 Hz,0.1274195909500122,-24.239646911621094,0.5669004917144775,0.1163848266005516,-31.01553726196289
3400.0,4,1-1.5 kHz,0.0013567776186391711,-43.966922760009766,0.5287402868270874,0.012209486216306686,-50.599517822265625
3400.0,5,1.5-2.5 kHz,0.02091245725750923,-32.08795928955078,0.5531789660453796,0.04660683125257492,-38.96446990966797
3400.0,6,2.5-4 kHz,4.601078033447266,-8.663413047790527,0.891726016998291,1.3522371053695679,-9.712407112121582
3400.0,7,>4 kHz,0.028505787253379822,-30.742679595947266,0.5591844320297241,0.053583309054374695,-37.752872467041016
3425.0,0,<250 Hz,0.33513322472572327,-20.03983497619629,0.6237314939498901,0.20878159999847412,-25.939619064331055
3425.0,1,250-500 Hz,0.13801276683807373,-23.892818450927734,0.5852967500686646,0.12448737025260925,-30.430957794189453
3425.0,2,500-750 Hz,0.7471954822540283,-16.557666778564453,0.6927576065063477,0.4274548888206482,-19.71565818786621
3425.0,3,750-1000 Hz,0.22494718432426453,-21.771203994750977,0.5904133319854736,0.16481426358222961,-27.993568420410156
3425.0,4,1-1.5 kHz,0.0008156590047292411,-46.17692565917969,0.5285735726356506,0.01032793428748846,-52.053192138671875
3425.0,5,1.5-2.5 kHz,0.040984198451042175,-29.165843963623047,0.5589913129806519,0.06501270830631256,-36.0734977722168
3425.0,6,2.5-4 kHz,4.476247787475586,-8.782868385314941,0.8893070220947266,1.3295413255691528,-9.859427452087402
3425.0,7,>4 kHz,0.009664716199040413,-35.44011688232422,0.5537502765655518,0.03214311972260475,-42.19170379638672
3450.0,0,<250 Hz,0.18855351209640503,-22.537662506103516,0.5958411693572998,0.14386829733848572,-29.174163818359375
3450.0,1,250-500 Hz,0.037567950785160065,-29.543834686279297,0.5594495534896851,0.06092017516493797,-36.638240814208984
3450.0,2,500-750 Hz,0.8452863097190857,-16.021970748901367,0.7058825492858887,0.46536266803741455,-18.97763442993164
3450.0,3,750-1000 Hz,0.3615169823169708,-19.710721969604492,0.6197683811187744,0.22569864988327026,-25.26288604736328
3450.0,4,1-1.5 kHz,0.002164807403460145,-41.93782043457031,0.5289890766143799,0.014584294520318508,-49.055755615234375
3450.0,5,1.5-2.5 kHz,0.05383028835058212,-27.981740951538086,0.5626446008682251,0.07490798830986023,-34.84290313720703
3450.0,6,2.5-4 kHz,4.181061744689941,-9.079143524169922,0.8831578493118286,1.274461269378662,-10.22693157196045
3450.0,7,>4 kHz,0.004844040609896183,-38.43993377685547,0.5523414611816406,0.024112265557050705,-44.68870162963867
3475.0,0,<250 Hz,0.09673141688108444,-25.43633460998535,0.576177716255188,0.09675861895084381,-32.61967086791992
3475.0,1,250-500 Hz,0.012017757631838322,-34.4937744140625,0.5524135231971741,0.03493981063365936,-41.4670524597168
3475.0,2,500-750 Hz,0.7803145051002502,-16.369312286376953,0.6973065137863159,0.4403895139694214,-19.45672607421875
3475.0,3,750-1000 Hz,0.48349815607070923,-18.448060989379883,0.6429799795150757,0.27666500210762024,-23.4943790435791
3475.0,4,1-1.5 kHz,0.007935184985399246,-36.29644012451172,0.5307595133781433,0.025929927825927734,-44.05743408203125
3475.0,5,1.5-2.5 kHz,0.054325368255376816,-27.94198226928711,0.5627843737602234,0.07527031749486923,-34.80099105834961
3475.0,6,2.5-4 kHz,3.798567056655884,-9.495811462402344,0.8741596937179565,1.1998608112335205,-10.750846862792969
3475.0,7,>4 kHz,0.008421434089541435,-36.03814697265625,0.5533876419067383,0.030260201543569565,-42.716026306152344
3500.0,0,<250 Hz,0.07595498859882355,-26.486446380615234,0.5714620351791382,0.08442710340023041,-33.803829193115234
3500.0,1,250-500 Hz,0.07590411603450775,-26.489355087280273,0.5696448087692261,0.0885184109210968,-33.392791748046875
3500.0,2,500-750 Hz,0.5845422744750977,-17.623849868774414,0.6684905290603638,0.3617255985736847,-21.165878295898438
3500.0,3,750-1000 Hz,0.5352975130081177,-18.00605583190918,0.6520867347717285,0.29762840270996094,-22.859975814819336
3500.0,4,1-1.5 kHz,0.01735377497971058,-32.898067474365234,0.5336259603500366,0.0380094014108181,-40.73564529418945
3500.0,5,1.5-2.5 kHz,0.0442168191075325,-28.83613395690918,0.5599155426025391,0.0676007866859436,-35.73442840576172
3500.0,6,2.5-4 kHz,3.403780221939087,-9.972393989562988,0.8633896112442017,1.118514060974121,-11.360635757446289
3500.0,7,>4 kHz,0.011215363629162312,-34.79387664794922,0.5542018413543701,0.0343470573425293,-41.61567306518555
3525.0,0,<250 Hz,0.09585896134376526,-25.47568130493164,0.5759817361831665,0.09625039994716644,-32.66541290283203
3525.0,1,250-500 Hz,0.20669391751289368,-22.138731002807617,0.6014575958251953,0.15924762189388275,-28.29200553894043
3525.0,2,500-750 Hz,0.3443002998828888,-19.922636032104492,0.6256153583526611,0.25624674558639526,-24.160297393798828
3525.0,3,750-1000 Hz,0.48983973264694214,-18.391468048095703,0.6441175937652588,0.27925053238868713,-23.413583755493164
3525.0,4,1-1.5 kHz,0.026340503245592117,-31.08576774597168,0.5363342761993408,0.04698202759027481,-38.89482879638672
3525.0,5,1.5-2.5 kHz,0.02983814850449562,-30.54429054260254,0.5557795763015747,0.0554012656211853,-37.463069915771484
3525.0,6,2.5-4 kHz,3.048386573791504,-10.451309204101562,0.8520912528038025,1.0409228801727295,-11.985093116760254
3525.0,7,>4 kHz,0.008377371355891228,-36.06093215942383,0.5533747673034668,0.03019067645072937,-42.73600769042969
3550.0,0,<250 Hz,0.10734768956899643,-24.98408317565918,0.5785477161407471,0.10271153599023819,-32.10108184814453
3550.0,1,250-500 Hz,0.3557366132736206,-19.780723571777344,0.6328977346420288,0.22714897990226746,-25.20724868774414
3550.0,2,500-750 Hz,0.1474260836839676,-23.606266021728516,0.5823615789413452,0.15611405670642853,-28.464624404907227
3550.0,3,750-1000 Hz,0.36382272839546204,-19.6831111907959,0.6202318668365479,0.22668316960334778,-25.225078582763672
3550.0,4,1-1.5 kHz,0.031141165643930435,-30.358659744262695,0.5377705097198486,0.05123460665345192,-38.14219665527344
3550.0,5,1.5-2.5 kHz,0.018036361783742905,-32.73051834106445,0.5523355007171631,0.04345792159438133,-39.57208251953125
3550.0,6,2.5-4 kHz,2.7574682235717773,-10.886903762817383,0.8414425849914551,0.9738781452178955,-12.563371658325195
3550.0,7,>4 kHz,0.00255314027890563,-41.22126007080078,0.5516692399978638,0.0192163847386837,-46.6600341796875
3575.0,0,<250 Hz,0.08205513656139374,-26.150951385498047,0.5728573799133301,0.08814673870801926,-33.42934036254883
3575.0,1,250-500 Hz,0.47097691893577576,-18.562013626098633,0.6542842388153076,0.275945782661438,-23.51698875427246
3575.0,2,500-750 Hz,0.037682902067899704,-29.53056526184082,0.554181694984436,0.08229336142539978,-34.02616882324219
3575.0,3,750-1000 Hz,0.20824560523033142,-22.106250762939453,0.5865480899810791,0.15692546963691711,-28.419593811035156
3575.0,4,1-1.5 kHz,0.03185977786779404,-30.25958251953125,0.5379848480224609,0.05184737592935562,-38.0389289855957
3575.0,5,1.5-2.5 kHz,0.012793966569006443,-34.22195816040039,0.5507911443710327,0.03713231906294823,-40.93842315673828
3575.0,6,2.5-4 kHz,2.535064697265625,-11.252119064331055,0.8322740793228149,0.9202061891555786,-13.055761337280273
3575.0,7,>4 kHz,0.0006573526188731194,-47.1140251159668,0.5511116981506348,0.01397247426211834,-49.42799377441406
3600.0,0,<250 Hz,0.032973743975162506,-30.11032485961914,0.5613682270050049,0.05385797098278999,-37.708465576171875
3600.0,1,250-500 Hz,0.5196591019630432,-18.134824752807617,0.662653923034668,0.29590171575546265,-22.91051483154297
3600.0,2,500-750 Hz,0.003987280186265707,-39.28524398803711,0.5448426604270935,0.04686849191784859,-38.91584396362305
3600.0,3,750-1000 Hz,0.08030856400728226,-26.2443904876709,0.5546779632568359,0.08944650739431381,-33.30219650268555
3600.0,4,1-1.5 kHz,0.03192518278956413,-30.250675201416016,0.5380043983459473,0.05190320312976837,-38.029579162597656
3600.0,5,1.5-2.5 kHz,0.013976585119962692,-33.83799743652344,0.551140308380127,0.038638897240161896,-40.59297180175781
3600.0,6,2.5-4 kHz,2.372729778289795,-11.539525985717773,0.8249250650405884,0.8795746564865112,-13.448009490966797
3600.0,7,>4 kHz,0.0076759797520935535,-36.440670013427734,0.5531699657440186,0.02908173017203808,-43.06106185913086
3625.0,0,<250 Hz,0.0011067204177379608,-44.85163116455078,0.5535743236541748,0.010636935941874981,-51.79713439941406
3625.0,1,250-500 Hz,0.4996923804283142,-18.304981231689453,0.65926593542099,0.2877609431743622,-23.152828216552734
3625.0,2,500-750 Hz,0.005573955364525318,-37.83037567138672,0.5452902317047119,0.04901254177093506,-38.527320861816406
3625.0,3,750-1000 Hz,0.014209226705133915,-33.76630401611328,0.5364813804626465,0.03714267909526825,-40.935997009277344
3625.0,4,1-1.5 kHz,0.033820465207099915,-30.000213623046875,0.538568913936615,0.05349072068929672,-37.76789855957031
3625.0,5,1.5-2.5 kHz,0.018214859068393707,-32.68775177001953,0.5523879528045654,0.04365792125463486,-39.532203674316406
3625.0,6,2.5-4 kHz,2.2561845779418945,-11.758262634277344,0.8192632794380188,0.8495936393737793,-13.749238967895508
3625.0,7,>4 kHz,0.022636892274022102,-31.74384117126465,0.5575039386749268,0.04781244695186615,-38.742645263671875
3650.0,0,<250 Hz,0.01983344741165638,-32.31802749633789,0.5581873655319214,0.04142278432846069,-39.988677978515625
3650.0,1,250-500 Hz,0.434945285320282,-18.907663345336914,0.6478440761566162,0.260947048664093,-24.002416610717773
3650.0,2,500-750 Hz,0.009842963889241219,-35.36075210571289,0.5464904308319092,0.05442465841770172,-37.617549896240234
3650.0,3,750-1000 Hz,0.008065667934715748,-36.22560501098633,0.5347243547439575,0.028844434767961502,-43.132225036621094
3650.0,4,1-1.5 kHz,0.035897303372621536,-29.741390228271484,0.5391862392425537,0.055189214646816254,-37.49637985229492
3650.0,5,1.5-2.5 kHz,0.021066417917609215,-32.05610275268555,0.5532240271568298,0.04676822945475578,-38.934444427490234
3650.0,6,2.5-4 kHz,2.1685330867767334,-11.930349349975586,0.8147724270820618,0.8265721201896667,-13.987850189208984
3650.0,7,>4 kHz,0.03945527225732803,-29.33095932006836,0.5622906684875488,0.06318613141775131,-36.32102966308594
3675.0,0,<250 Hz,0.0857362151145935,-25.96036720275879,0.5736950635910034,0.0903458371758461,-33.215301513671875
3675.0,1,250-500 Hz,0.3586413562297821,-19.745405197143555,0.6334660053253174,0.2284182906150818,-25.158845901489258
3675.0,2,500-750 Hz,0.014390628784894943,-33.711212158203125,0.5477627515792847,0.05971600487828255,-36.811649322509766
3675.0,3,750-1000 Hz,0.03276004642248154,-30.138565063476562,0.5417174100875854,0.05568438395857811,-37.41879653930664
3675.0,4,1-1.5 kHz,0.034723203629255295,-29.88581085205078,0.5388374328613281,0.054233916103839874,-37.64804458618164
3675.0,5,1.5-2.5 kHz,0.019413305446505547,-32.411014556884766,0.5527396202087402,0.044987551867961884,-39.2716178894043
3675.0,6,2.5-4 kHz,2.0914230346679688,-12.087591171264648,0.8106441497802734,0.8059701919555664,-14.207084655761719
3675.0,7,>4 kHz,0.05126095190644264,-28.194143295288086,0.5655978918075562,0.07242627441883087,-35.13554000854492
3700.0,0,<250 Hz,0.15879656374454498,-23.283597946166992,0.5896703004837036,0.12947867810726166,-30.089500427246094
3700.0,1,250-500 Hz,0.2951519787311554,-20.591552734375,0.6206738948822021,0.20039424300193787,-26.295759201049805
3700.0,2,500-750 Hz,0.040172379463911057,-29.252735137939453,0.5548582077026367,0.084407739341259,-33.805816650390625
3700.0,3,750-1000 Hz,0.05436287075281143,-27.93898582458496,0.5476863384246826,0.0723918005824089,-35.13967514038086
3700.0,4,1-1.5 kHz,0.03175010532140732,-30.274559020996094,0.537952184677124,0.05175614356994629,-38.05422592163086
3700.0,5,1.5-2.5 kHz,0.013139942660927773,-34.106075286865234,0.5508934259414673,0.03757748752832413,-40.83490753173828
3700.0,6,2.5-4 kHz,2.006483554840088,-12.26765251159668,0.8058910369873047,0.7828842997550964,-14.459512710571289
3700.0,7,>4 kHz,0.05447333678603172,-27.93016815185547,0.5664904117584229,0.07479614019393921,-34.85588073730469
3725.0,0,<250 Hz,0.19127824902534485,-22.47535514831543,0.5963970422744751,0.14516404271125793,-29.096282958984375
3725.0,1,250-500 Hz,0.2503470480442047,-21.306583404541016,0.6111537218093872,0.17993110418319702,-27.231338500976562
3725.0,2,500-750 Hz,0.10552584379911423,-25.058422088623047,0.5719864368438721,0.13103899359703064,-29.985454559326172
3725.0,3,750-1000 Hz,0.05440017208456993,-27.936004638671875,0.5476965308189392,0.07241818308830261,-35.136512756347656
3725.0,4,1-1.5 kHz,0.03740769624710083,-29.56239891052246,0.5396343469619751,0.056404873728752136,-37.307132720947266
3725.0,5,1.5-2.5 kHz,0.0053251502104103565,-38.028690338134766,0.5485754013061523,0.025847597047686577,-44.085060119628906
3725.0,6,2.5-4 kHz,1.8981232643127441,-12.50876522064209,0.799491286277771,0.7528071999549866,-14.799789428710938
3725.0,7,>4 kHz,0.04981249198317528,-28.318626403808594,0.5651944875717163,0.07134057581424713,-35.26673126220703
3750.0,0,<250 Hz,0.16239529848098755,-23.186275482177734,0.5904265642166138,0.1312531977891922,-29.97126579284668
3750.0,1,250-500 Hz,0.21464984118938446,-21.97470474243164,0.6032569408416748,0.16308918595314026,-28.0849609375
3750.0,2,500-750 Hz,0.20368194580078125,-22.202484130859375,0.5956031084060669,0.18692687153816223,-26.900028228759766
3750.0,3,750-1000 Hz,0.03598778694868088,-29.730457305908203,0.542617917060852,0.05840643495321274,-37.004249572753906
3750.0,4,1-1.5 kHz,0.06624702364206314,-27.080345153808594,0.5480544567108154,0.07679764926433563,-34.62650680541992
3750.0,5,1.5-2.5 kHz,0.0006438644486479461,-47.204063415527344,0.5471771955490112,0.0152348093688488,-48.67672348022461
3750.0,6,2.5-4 kHz,1.7568913698196411,-12.844560623168945,0.7905290126800537,0.7125070095062256,-15.277681350708008
3750.0,7,>4 kHz,0.04037119448184967,-29.231292724609375,0.5625487565994263,0.06393899768590927,-36.21814727783203
3775.0,0,<250 Hz,0.09229221940040588,-25.640357971191406,0.575178861618042,0.09419221431016922,-32.85316467285156
3775.0,1,250-500 Hz,0.1749357283115387,-22.863224029541016,0.5941274166107178,0.14360222220420837,-29.19023895263672
3775.0,2,500-750 Hz,0.30122119188308716,-20.503154754638672,0.6168568730354309,0.2358473539352417,-24.880844116210938
3775.0,3,750-1000 Hz,0.014946968294680119,-33.546478271484375,0.5366916656494141,0.03801357001066208,-40.73469161987305
3775.0,4,1-1.5 kHz,0.12433145940303802,-24.34619903564453,0.5642611980438232,0.11025676876306534,-31.48535919189453
3775.0,5,1.5-2.5 kHz,0.002611351665109396,-41.123355865478516,0.5477657318115234,0.020359141752123833,-46.15827560424805
3775.0,6,2.5-4 kHz,1.5816344022750854,-13.300948143005371,0.778303861618042,0.6606563925743103,-15.933951377868652
3775.0,7,>4 kHz,0.029069427400827408,-30.657644271850586,0.5593452453613281,0.054109662771224976,-37.66796875
3800.0,0,<250 Hz,0.02586868591606617,-31.164264678955078,0.5596539378166199,0.047472767531871796,-38.80457305908203
3800.0,1,250-500 Hz,0.12642472982406616,-24.27368927001953,0.5824541449546814,0.11822409182786942,-30.879344940185547
3800.0,2,500-750 Hz,0.35756751894950867,-19.7584285736084,0.6282405853271484,0.26242148876190186,-23.953475952148438
3800.0,3,750-1000 Hz,0.005013775080442429,-38.29035949707031,0.5338472127914429,0.02375548891723156,-44.81818771362305
3800.0,4,1-1.5 kHz,0.19851000607013702,-22.314186096191406,0.5835983157157898,0.14723272621631622,-28.973377227783203
3800.0,5,1.5-2.5 kHz,0.01122595276683569,-34.78977584838867,0.5503275394439697,0.03504347801208496,-41.441322326660156
3800.0,6,2.5-4 kHz,1.3791530132293701,-13.89588451385498,0.7624013423919678,0.5980121493339539,-16.79926300048828
3800.0,7,>4 kHz,0.0176701620221138,-32.819602966308594,0.5560731887817383,0.04242399334907532,-39.78123474121094
3825.0,0,<250 Hz,0.00021956869750283659,-51.876304626464844,0.5533534288406372,0.006276553962379694,-56.37903594970703
3825.0,1,250-500 Hz,0.07670602947473526,-26.443714141845703,0.5698536038398743,0.08902834355831146,-33.342899322509766
3825.0,2,500-750 Hz,0.35002756118774414,-19.85098648071289,0.6267527341842651,0.2589209973812103,-24.070119857788086
3825.0,3,750-1000 Hz,0.008427280001342297,-36.035133361816406,0.5348280668258667,0.029385315254330635,-42.970855712890625
3825.0,4,1-1.5 kHz,0.2583087682723999,-21.170618057250977,0.5981671214103699,0.17488893866539001,-27.47821807861328
3825.0,5,1.5-2.5 kHz,0.022684302181005478,-31.73475456237793,0.5536972284317017,0.04845666512846947,-38.62639617919922
3825.0,6,2.5-4 kHz,1.1615514755249023,-14.641624450683594,0.7427467107772827,0.5271250009536743,-17.895191192626953
3825.0,7,>4 kHz,0.007602289784699678,-36.482566833496094,0.5531485080718994,0.0289628729224205,-43.09663391113281
3850.0,0,<250 Hz,0.020679740235209465,-32.136558532714844,0.5583935976028442,0.04230916127562523,-39.80477523803711
3850.0,1,250-500 Hz,0.03998570889234543,-29.272960662841797,0.5601052045822144,0.06289727985858917,-36.36082458496094
3850.0,2,500-750 Hz,0.28628864884376526,-20.723968505859375,0.6137343645095825,0.22862669825553894,-25.15092658996582
3850.0,3,750-1000 Hz,0.017176972702145576,-32.942543029785156,0.5373260974884033,0.04058203473687172,-40.166786193847656
3850.0,4,1-1.5 kHz,0.27241379022598267,-20.939716339111328,0.6014792919158936,0.18123431503772736,-27.168655395507812
3850.0,5,1.5-2.5 kHz,0.0316481813788414,-30.288522720336914,0.5563037991523743,0.05704706534743309,-37.208797454833984
3850.0,6,2.5-4 kHz,0.9426288604736328,-15.548602104187012,0.7196519374847412,0.4517137110233307,-19.23619842529297
3850.0,7,>4 kHz,0.001114119659177959,-44.82269287109375,0.551246166229248,0.015401122160255909,-48.58241653442383
3875.0,0,<250 Hz,0.06185273826122284,-27.378421783447266,0.5682014226913452,0.0753752663731575,-34.78888702392578
3875.0,1,250-500 Hz,0.0264265239238739,-31.07160758972168,0.5564057230949402,0.05096789449453354,-38.187530517578125
3875.0,2,500-750 Hz,0.19703316688537598,-22.346614837646484,0.594077467918396,0.1834098845720291,-27.06501007080078
3875.0,3,750-1000 Hz,0.02151254191994667,-31.965091705322266,0.5385551452636719,0.045208945870399475,-39.22897720336914
3875.0,4,1-1.5 kHz,0.2294565886259079,-21.68500518798828,0.5912462472915649,0.161715567111969,-28.158428192138672
3875.0,5,1.5-2.5 kHz,0.03469781577587128,-29.888988494873047,0.5571847558021545,0.05973874777555466,-36.80834197998047
3875.0,6,2.5-4 kHz,0.7349242568016052,-16.62958335876465,0.6938642859458923,0.37596070766448975,-20.83061408996582
3875.0,7,>4 kHz,0.001279737800359726,-44.220802307128906,0.5512949228286743,0.015890277922153473,-48.31083297729492
3900.0,0,<250 Hz,0.08984660357236862,-25.75699234008789,0.5746265053749084,0.09277376532554626,-32.98495864868164
3900.0,1,250-500 Hz,0.03446591645479202,-29.918109893798828,0.5586058497428894,0.05827418714761734,-37.02394104003906
3900.0,2,500-750 Hz,0.1159868910908699,-24.647920608520508,0.5746195316314697,0.13752661645412445,-29.565731048583984
3900.0,3,750-1000 Hz,0.0177229605615139,-32.80664825439453,0.5374811291694641,0.041189029812812805,-40.03783416748047
3900.0,4,1-1.5 kHz,0.14753426611423492,-23.603078842163086,0.5704678297042847,0.1222720742225647,-30.5869197845459
3900.0,5,1.5-2.5 kHz,0.032529160380363464,-30.169281005859375,0.5565586090087891,0.057834818959236145,-37.08967590332031
3900.0,6,2.5-4 kHz,0.5481671094894409,-17.90287971496582,0.6666038632392883,0.3038620948791504,-22.679935455322266
3900.0,7,>4 kHz,0.010791351087391376,-34.96125030517578,0.5540784597396851,0.03376312553882599,-41.764610290527344
3925.0,0,<250 Hz,0.08677522093057632,-25.908052444458008,0.5739308595657349,0.09096652269363403,-33.15583038330078
3925.0,1,250-500 Hz,0.05147284269332886,-28.176227569580078,0.5631966590881348,0.07177813351154327,-35.213619232177734
3925.0,2,500-750 Hz,0.062223248183727264,-27.35248374938965,0.5607717037200928,0.10173673927783966,-32.18390655517578
3925.0,3,750-1000 Hz,0.009395519271492958,-35.562801361083984,0.5351057052612305,0.030805708840489388,-42.56084060668945
3925.0,4,1-1.5 kHz,0.06404794007539749,-27.226959228515625,0.547421395778656,0.07537166774272919,-34.789302825927734
3925.0,5,1.5-2.5 kHz,0.029205355793237686,-30.63738250732422,0.5555959939956665,0.05481654778122902,-37.55522918701172
3925.0,6,2.5-4 kHz,0.3889543116092682,-19.393022537231445,0.6395460963249207,0.2387089729309082,-24.77608871459961
3925.0,7,>4 kHz,0.03077072836458683,-30.41063117980957,0.5598300695419312,0.05567881464958191,-37.4196662902832
3950.0,0,<250 Hz,0.059506360441446304,-27.546375274658203,0.5676541328430176,0.07380034774541855,-34.97229766845703
3950.0,1,250-500 Hz,0.061986736953258514,-27.369022369384766,0.565992534160614,0.07926864176988602,-34.351436614990234
3950.0,2,500-750 Hz,0.03549166023731232,-29.790746688842773,0.5535848140716553,0.08037800341844559,-34.23072052001953
3950.0,3,750-1000 Hz,0.002619104227051139,-41.11048126220703,0.5331569910049438,0.018880531191825867,-46.81317901611328
3950.0,4,1-1.5 kHz,0.012260768562555313,-34.406829833984375,0.5320795178413391,0.032002296298742294,-42.22984313964844
3950.0,5,1.5-2.5 kHz,0.02898530289530754,-30.670230865478516,0.5555322170257568,0.05461316183209419,-37.58751678466797
3950.0,6,2.5-4 kHz,0.26090800762176514,-21.12713623046875,0.6146538257598877,0.18271669745445251,-27.097900390625
3950.0,7,>4 kHz,0.0607142373919487,-27.459104537963867,0.5682153701782227,0.07925824820995331,-34.35257339477539
3975.0,0,<250 Hz,0.02912290021777153,-30.649662017822266,0.560440719127655,0.050479039549827576,-38.271244049072266
3975.0,1,250-500 Hz,0.05751367285847664,-27.694299697875977,0.5648069381713867,0.07614333927631378,-34.70082473754883
3975.0,2,500-750 Hz,0.024377059191465378,-31.422195434570312,0.5505348443984985,0.07011525332927704,-35.417213439941406
3975.0,3,750-1000 Hz,0.00037159211933612823,-49.591346740722656,0.5325075387954712,0.012769692577421665,-50.20985412597656
3975.0,4,1-1.5 kHz,0.001556097879074514,-43.371639251708984,0.528801679611206,0.012845625169575214,-50.158355712890625
3975.0,5,1.5-2.5 kHz,0.033204566687345505,-30.080032348632812,0.5567537546157837,0.05843561887741089,-36.99991226196289
3975.0,6,2.5-4 kHz,0.1647668182849884,-23.12331199645996,0.5937774181365967,0.13686661422252655,-29.607515335083008
3975.0,7,>4 kHz,0.09938059002161026,-25.318994522094727,0.5786446332931519,0.10403179377317429,-31.990142822265625
4000.0,0,<250 Hz,0.012703021988272667,-34.25293731689453,0.5564420819282532,0.033023033291101456,-41.95712661743164
4000.0,1,250-500 Hz,0.04105379804968834,-29.158475875854492,0.560394287109375,0.0640396997332573,-36.2044792175293
4000.0,2,500-750 Hz,0.01833203434944153,-32.65990447998047,0.5488604307174683,0.06401437520980835,-36.207916259765625
4000.0,3,750-1000 Hz,0.001033624168485403,-45.14838409423828,0.5326989889144897,0.014828136190772057,-48.91173553466797
4000.0,4,1-1.5 kHz,0.015739452093839645,-33.322113037109375,0.5331367254257202,0.03619604930281639,-41.160240173339844
4000.0,5,1.5-2.5 kHz,0.03972340375185013,-29.301546096801758,0.5586299896240234,0.06375940144062042,-36.24258041381836
4000.0,6,2.5-4 kHz,0.09844434261322021,-25.360103607177734,0.5781204700469971,0.10211103409528732,-32.15201187133789
4000.0,7,>4 kHz,0.14533260464668274,-23.668376922607422,0.5904862880706787,0.12970732152462006,-30.074174880981445
4025.0,0,<250 Hz,0.012847297824919224,-34.20389175415039,0.5564775466918945,0.033246513456106186,-41.89854049682617
4025.0,1,250-500 Hz,0.023574531078338623,-31.567577362060547,0.555620551109314,0.04815828427672386,-38.68004608154297
4025.0,2,500-750 Hz,0.014068241231143475,-33.80961227416992,0.5476727485656738,0.059349436312913895,-36.86513137817383
4025.0,3,750-1000 Hz,0.0015480973524972796,-43.39402770996094,0.5328476428985596,0.016250863671302795,-48.115936279296875
4025.0,4,1-1.5 kHz,0.029533851891756058,-30.588808059692383,0.5372904539108276,0.04984336718916893,-38.381317138671875
4025.0,5,1.5-2.5 kHz,0.04539841413497925,-28.721601486206055,0.5602524876594543,0.06852911412715912,-35.615962982177734
4025.0,6,2.5-4 kHz,0.05740521848201752,-27.702495574951172,0.5678644180297852,0.07506181299686432,-34.8250846862793
4025.0,7,>4 kHz,0.19620555639266968,-22.36489486694336,0.6029400825500488,0.15590408444404602,-28.476314544677734
4050.0,0,<250 Hz,0.021419398486614227,-31.983936309814453,0.5585736632347107,0.043076276779174805,-39.64870071411133
4050.0,1,250-500 Hz,0.015436318702995777,-33.40657043457031,0.5533664226531982,0.039235785603523254,-40.45981979370117
4050.0,2,500-750 Hz,0.013422970660030842,-34.01352310180664,0.5474926233291626,0.05862075835466385,-36.972434997558594
4050.0,3,750-1000 Hz,0.0014518632087856531,-43.672752380371094,0.5328198671340942,0.01599467732012272,-48.25395584106445
4050.0,4,1-1.5 kHz,0.029209965839982033,-30.636699676513672,0.5371936559677124,0.04955831915140152,-38.43113327026367
4050.0,5,1.5-2.5 kHz,0.04952840507030487,-28.34346580505371,0.5614269375801086,0.07170344889163971,-35.22266387939453
4050.0,6,2.5-4 kHz,0.03564951568841934,-29.771472930908203,0.5622396469116211,0.05838402360677719,-37.00758361816406
4050.0,7,>4 kHz,0.24729162454605103,-21.35991668701172,0.6147996187210083,0.18058714270591736,-27.19972801208496
4075.0,0,<250 Hz,0.03115403652191162,-30.35686683654785,0.5609303712844849,0.05228273570537567,-37.96630096435547
4075.0,1,250-500 Hz,0.019134685397148132,-32.47379684448242,0.5543932914733887,0.04348783940076828,-39.56610870361328
4075.0,2,500-750 Hz,0.017266977578401566,-32.91984558105469,0.5485643148422241,0.06285585463047028,-36.366546630859375
4075.0,3,750-1000 Hz,0.0035684159956872463,-39.76725387573242,0.533430814743042,0.02094387263059616,-45.912322998046875
4075.0,4,1-1.5 kHz,0.020701486617326736,-32.13199234008789,0.5346379280090332,0.04154349863529205,-39.963401794433594
4075.0,5,1.5-2.5 kHz,0.05532921105623245,-27.862464904785156,0.5630675554275513,0.07600145041942596,-34.71702575683594
4075.0,6,2.5-4 kHz,0.027095671743154526,-30.963010787963867,0.5599911212921143,0.05072507634758949,-38.22901153564453
4075.0,7,>4 kHz,0.2912755012512207,-20.648971557617188,0.6245259046554565,0.20100484788417816,-26.269332885742188
4100.0,0,<250 Hz,0.0431794598698616,-28.939237594604492,0.5638074278831482,0.06209555268287659,-36.472251892089844
4100.0,1,250-500 Hz,0.028370968997478485,-30.763267517089844,0.5569396018981934,0.05280742049217224,-37.87956619262695
4100.0,2,500-750 Hz,0.022216247394680977,-31.825302124023438,0.5499376058578491,0.06797675788402557,-35.686256408691406
4100.0,3,750-1000 Hz,0.010668688453733921,-35.01089859008789,0.5354702472686768,0.032587192952632904,-42.07252502441406
4100.0,4,1-1.5 kHz,0.019776146858930588,-32.33059310913086,0.534358561038971,0.040594398975372314,-40.16414260864258
4100.0,5,1.5-2.5 kHz,0.06804016977548599,-26.96435546875,0.5666264891624451,0.08488798141479492,-33.75653839111328
4100.0,6,2.5-4 kHz,0.026776455342769623,-31.01447868347168,0.5599068403244019,0.05041199177503586,-38.28278732299805
4100.0,7,>4 kHz,0.32048654556274414,-20.23391342163086,0.6307516694068909,0.21423541009426117,-25.715639114379883
4125.0,0,<250 Hz,0.06388241052627563,-27.238197326660156,0.5686737298965454,0.07672013342380524,-34.635276794433594
4125.0,1,250-500 Hz,0.03356011211872101,-30.033775329589844,0.558358907699585,0.05748717114329338,-37.14204406738281
4125.0,2,500-750 Hz,0.02311503142118454,-31.65306282043457,0.5501861572265625,0.06887254118919373,-35.572540283203125
4125.0,3,750-1000 Hz,0.021502986550331116,-31.967021942138672,0.5385524034500122,0.045199282467365265,-39.2308349609375
4125.0,4,1-1.5 kHz,0.034243710339069366,-29.94620132446289,0.5386947989463806,0.053839679807424545,-37.7114143371582
4125.0,5,1.5-2.5 kHz,0.09096062928438187,-25.703475952148438,0.5729210376739502,0.09958916157484055,-32.369224548339844
4125.0,6,2.5-4 kHz,0.031270019710063934,-30.340728759765625,0.5610910654067993,0.05455060303211212,-37.59747314453125
4125.0,7,>4 kHz,0.3310081660747528,-20.0936222076416,0.6329501867294312,0.21894414722919464,-25.526798248291016
4150.0,0,<250 Hz,0.0950632095336914,-25.511884689331055,0.5758029222488403,0.09579597413539886,-32.706520080566406
4150.0,1,250-500 Hz,0.029269039630889893,-30.627925872802734,0.5571858286857605,0.05364079400897026,-37.743560791015625
4150.0,2,500-750 Hz,0.01836019568145275,-32.653236389160156,0.5488682985305786,0.06401629000902176,-36.2076530456543
4150.0,3,750-1000 Hz,0.030488651245832443,-30.45062828063965,0.5410819053649902,0.05370435118675232,-37.733272552490234
4150.0,4,1-1.5 kHz,0.05470675230026245,-27.911602020263672,0.5447157621383667,0.0691324844956398,-35.53982162475586
4150.0,5,1.5-2.5 kHz,0.1223570704460144,-24.415719985961914,0.5812948942184448,0.1179480254650116,-30.89965057373047
4150.0,6,2.5-4 kHz,0.03825266286730766,-29.465391159057617,0.5629197359085083,0.0605289451777935,-36.6942024230957
4150.0,7,>4 kHz,0.32599323987960815,-20.159923553466797,0.631905198097229,0.21670220792293549,-25.61619758605957
4175.0,0,<250 Hz,0.1274317055940628,-24.239234924316406,0.5829601287841797,0.11351963877677917,-31.232044219970703
4175.0,1,250-500 Hz,0.01796725019812584,-32.7471923828125,0.5540696382522583,0.04218250513076782,-39.830814361572266
4175.0,2,500-750 Hz,0.012569219805300236,-34.298927307128906,0.5472539663314819,0.05764418840408325,-37.11835479736328
4175.0,3,750-1000 Hz,0.032131172716617584,-30.222742080688477,0.541541576385498,0.05514194816350937,-37.503822326660156
4175.0,4,1-1.5 kHz,0.06245199218392372,-27.3365478515625,0.5469609498977661,0.07433205842971802,-34.90993881225586
4175.0,5,1.5-2.5 kHz,0.1554553508758545,-23.375951766967773,0.5898244380950928,0.13589930534362793,-29.66912078857422
4175.0,6,2.5-4 kHz,0.045618169009685516,-28.70063018798828,0.5648336410522461,0.06637727469205856,-35.89307403564453
4175.0,7,>4 kHz,0.31543928384780884,-20.3028507232666,0.6296888589859009,0.2119646966457367,-25.80819320678711
4200.0,0,<250 Hz,0.14425954222679138,-23.700563430786133,0.586587131023407,0.12219944596290588,-30.592079162597656
4200.0,1,250-500 Hz,0.007593026850372553,-36.48786163330078,0.5511747598648071,0.02840980514883995,-43.26409912109375
4200.0,2,500-750 Hz,0.013666601851582527,-33.935401916503906,0.5475606322288513,0.058897510170936584,-36.93152618408203
4200.0,3,750-1000 Hz,0.02672731876373291,-31.0224552154541,0.5400260090827942,0.0502900667488575,-38.3038215637207
4200.0,4,1-1.5 kHz,0.04758399724960327,-28.51740074157715,0.5426347255706787,0.06410889327526093,-36.195098876953125
4200.0,5,1.5-2.5 kHz,0.1813565492630005,-22.70667839050293,0.5962947607040405,0.1492672562599182,-28.854175567626953
4200.0,6,2.5-4 kHz,0.05090361461043358,-28.224523544311523,0.5661975145339966,0.0703488290309906,-35.388328552246094
4200.0,7,>4 kHz,0.31184446811676025,-20.352628707885742,0.6289286613464355,0.2103443145751953,-25.874847412109375
4225.0,0,<250 Hz,0.13287588953971863,-24.05754852294922,0.584140419960022,0.11636004596948624,-31.01738739013672
4225.0,1,250-500 Hz,0.00519582349807024,-38.135467529296875,0.5505010485649109,0.024234481155872345,-44.64479064941406
4225.0,2,500-750 Hz,0.026577798649668694,-31.04681968688965,0.551141619682312,0.07223930209875107,-35.15799331665039
4225.0,3,750-1000 Hz,0.022107120603322983,-31.84668731689453,0.5387232899665833,0.04581359028816223,-39.11357879638672
4225.0,4,1-1.5 kHz,0.020906826481223106,-32.08912658691406,0.5346998572349548,0.041752979159355164,-39.919715881347656
4225.0,5,1.5-2.5 kHz,0.19269712269306183,-22.443256378173828,0.5990729928016663,0.1549759805202484,-28.528175354003906
4225.0,6,2.5-4 kHz,0.05155906826257706,-28.168960571289062,0.5663660764694214,0.07082992047071457,-35.32912826538086
4225.0,7,>4 kHz,0.32408076524734497,-20.18547821044922,0.6315052509307861,0.21584701538085938,-25.650543212890625
4250.0,0,<250 Hz,0.0948534905910492,-25.52147674560547,0.5757557153701782,0.09567136317491531,-32.71782302856445
4250.0,1,250-500 Hz,0.01168864592909813,-34.6143684387207,0.5523215532302856,0.034450966864824295,-41.58943557739258
4250.0,2,500-750 Hz,0.048777442425489426,-28.409820556640625,0.5571826100349426,0.09144782274961472,-33.1099967956543
4250.0,3,750-1000 Hz,0.028924107551574707,-30.67940902709961,0.5406432151794434,0.05230725556612015,-37.962223052978516
4250.0,4,1-1.5 kHz,0.007856928743422031,-36.339481353759766,0.5307356119155884,0.025813033804297447,-44.096683502197266
4250.0,5,1.5-2.5 kHz,0.18591776490211487,-22.598800659179688,0.5974161624908447,0.15157441794872284,-28.720947265625
4250.0,6,2.5-4 kHz,0.046016573905944824,-28.66286849975586,0.564936637878418,0.06667986512184143,-35.85356903076172
4250.0,7,>4 kHz,0.35318559408187866,-19.811979293823242,0.6375099420547485,0.2287895232439041,-25.14474105834961
4275.0,0,<250 Hz,0.046727150678634644,-28.596315383911133,0.5646490454673767,0.0647662878036499,-36.106483459472656
4275.0,1,250-500 Hz,0.021590640768408775,-31.949352264404297,0.5550729036331177,0.046118829399347305,-39.0558967590332
4275.0,2,500-750 Hz,0.0714234784245491,-26.753599166870117,0.5631978511810303,0.108377605676651,-31.634674072265625
4275.0,3,750-1000 Hz,0.05228957161307335,-28.10785675048828,0.5471193790435791,0.07091410458087921,-35.318809509277344
4275.0,4,1-1.5 kHz,0.028144821524620056,-30.798025131225586,0.5368749499320984,0.04861612990498543,-38.59785461425781
4275.0,5,1.5-2.5 kHz,0.1616314947605133,-23.206748962402344,0.5913832783699036,0.13913486897945404,-29.46474266052246
4275.0,6,2.5-4 kHz,0.03491015359759331,-29.862491607666016,0.5620461702346802,0.05771711468696594,-37.10737228393555
4275.0,7,>4 kHz,0.39252686500549316,-19.353315353393555,0.6453591585159302,0.2459891140460968,-24.515148162841797
4300.0,0,<250 Hz,0.010599951259791851,-35.038970947265625,0.5559247136116028,0.030204951763153076,-42.73189926147461
4300.0,1,250-500 Hz,0.027622489258646965,-30.87938117980957,0.5567342042922974,0.05210408195853233,-37.996028900146484
4300.0,2,500-750 Hz,0.08518211543560028,-25.988523483276367,0.5667819380760193,0.11784299463033676,-30.907386779785156
4300.0,3,750-1000 Hz,0.08607017993927002,-25.9434814453125,0.5562050342559814,0.09296176582574844,-32.967376708984375
4300.0,4,1-1.5 kHz,0.0776333138346672,-26.39152717590332,0.5513092279434204,0.08391211926937103,-33.856971740722656
4300.0,5,1.5-2.5 kHz,0.12418337166309357,-24.351375579833984,0.5817734003067017,0.11896999925374985,-30.824716567993164
4300.0,6,2.5-4 kHz,0.021565508097410202,-31.95441246032715,0.5585261583328247,0.04519078880548477,-39.23246765136719
4300.0,7,>4 kHz,0.4318150579929352,-18.93903160095215,0.6529053449630737,0.26286691427230835,-23.93874740600586
4325.0,0,<250 Hz,0.0014569624327123165,-43.657527923583984,0.5536614656448364,0.011899703182280064,-50.82273864746094
4325.0,1,250-500 Hz,0.026327790692448616,-31.087865829467773,0.5563786029815674,0.050869595259428024,-38.20429992675781
4325.0,2,500-750 Hz,0.08611927926540375,-25.94100570678711,0.5670241713523865,0.11847041547298431,-30.861265182495117
4325.0,3,750-1000 Hz,0.11482242494821548,-24.691741943359375,0.5636903047561646,0.10951952636241913,-31.54363441467285
4325.0,4,1-1.5 kHz,0.12817226350307465,-24.214069366455078,0.5652987957000732,0.11228702962398529,-31.326873779296875
4325.0,5,1.5-2.5 kHz,0.08145558089017868,-26.182802200317383,0.5703296065330505,0.0936606377363205,-32.902320861816406
4325.0,6,2.5-4 kHz,0.011176733300089836,-34.808860778808594,0.5557496547698975,0.032816946506500244,-42.011497497558594
4325.0,7,>4 kHz,0.46203064918518066,-18.645301818847656,0.6585196852684021,0.27566662430763245,-23.525779724121094
4350.0,0,<250 Hz,0.01965087652206421,-32.358192443847656,0.5581428408622742,0.04121997952461243,-40.03131103515625
4350.0,1,250-500 Hz,0.020340418443083763,-32.20840835571289,0.5547271966934204,0.04479536786675453,-39.30880355834961
4350.0,2,500-750 Hz,0.07722330093383789,-26.414525985717773,0.5647150874137878,0.11243003606796265,-31.315818786621094
4350.0,3,750-1000 Hz,0.12290302664041519,-24.39638328552246,0.5657542943954468,0.1139409989118576,-31.19986343383789
4350.0,4,1-1.5 kHz,0.14689432084560394,-23.621959686279297,0.5702986121177673,0.1219562292098999,-30.60938262939453
4350.0,5,1.5-2.5 kHz,0.04450239986181259,-28.80817413330078,0.5599969625473022,0.06782960891723633,-35.705078125
4350.0,6,2.5-4 kHz,0.008804070763289928,-35.845176696777344,0.5551110506057739,0.02934851683676243,-42.98173904418945
4350.0,7,>4 kHz,0.47828537225723267,-18.49513816833496,0.6614742875099182,0.28249263763427734,-23.313322067260742
4375.0,0,<250 Hz,0.052450064569711685,-28.09454917907715,0.5659999251365662,0.0689157098531723,-35.567100524902344
4375.0,1,250-500 Hz,0.015738751739263535,-33.322303771972656,0.5534505844116211,0.039594292640686035,-40.38081359863281
4375.0,2,500-750 Hz,0.06487588584423065,-27.171175003051758,0.5614737272262573,0.10367991030216217,-32.01957321166992
4375.0,3,750-1000 Hz,0.10477658361196518,-25.089366912841797,0.5611002445220947,0.10389527678489685,-32.001548767089844
4375.0,4,1-1.5 kHz,0.12048090249300003,-24.482826232910156,0.5632167458534241,0.10821134597063065,-31.648008346557617
4375.0,5,1.5-2.5 kHz,0.025474481284618378,-31.230955123901367,0.554511308670044,0.05126667767763138,-38.13676071166992
4375.0,6,2.5-4 kHz,0.01704268343746662,-32.97663116455078,0.557321310043335,0.04022788628935814,-40.242919921875
4375.0,7,>4 kHz,0.47972536087036133,-18.48208236694336,0.661733865737915,0.2830953896045685,-23.294809341430664
4400.0,0,<250 Hz,0.08212964236736298,-26.147010803222656,0.5728743672370911,0.08819051086902618,-33.425025939941406
4400.0,1,250-500 Hz,0.016818057745695114,-33.03425216674805,0.5537505745887756,0.04086613655090332,-40.10619354248047
4400.0,2,500-750 Hz,0.05363498628139496,-27.997528076171875,0.5584852695465088,0.09525494277477264,-32.755714416503906
4400.0,3,750-1000 Hz,0.06925684213638306,-26.88738250732422,0.5517231225967407,0.08245892077684402,-34.00870895385742
4400.0,4,1-1.5 kHz,0.06542329490184784,-27.134685516357422,0.5478175282478333,0.07626233994960785,-34.68726348876953
4400.0,5,1.5-2.5 kHz,0.03307117894291878,-30.09751319885254,0.556715190410614,0.05832237750291824,-37.01675796508789
4400.0,6,2.5-4 kHz,0.034530337899923325,-29.910001754760742,0.5619466304779053,0.05739607289433479,-37.15582275390625
4400.0,7,>4 kHz,0.46797752380371094,-18.589759826660156,0.659605860710144,0.2781687080860138,-23.44729995727539
4425.0,0,<250 Hz,0.09483631700277328,-25.522262573242188,0.5757518410682678,0.09566419571638107,-32.718475341796875
4425.0,1,250-500 Hz,0.022519022226333618,-31.76651382446289,0.5553293228149414,0.047082219272851944,-38.87632751464844
4425.0,2,500-750 Hz,0.04372187331318855,-28.885021209716797,0.5558196306228638,0.08735870569944382,-33.50733947753906
4425.0,3,750-1000 Hz,0.034479912370443344,-29.91634750366211,0.5421976447105408,0.05714813247323036,-37.19342041015625
4425.0,4,1-1.5 kHz,0.016168979927897453,-33.20518112182617,0.5332669615745544,0.036689553409814835,-41.0426139831543
4425.0,5,1.5-2.5 kHz,0.06718649715185165,-27.019187927246094,0.5663889646530151,0.08431090414524078,-33.81578826904297
4425.0,6,2.5-4 kHz,0.056138407438993454,-27.799407958984375,0.5675405263900757,0.07413198798894882,-34.933353424072266
4425.0,7,>4 kHz,0.446323961019516,-18.795507431030273,0.6556212902069092,0.2690318822860718,-23.737390518188477
4450.0,0,<250 Hz,0.08579819649457932,-25.957225799560547,0.5737091302871704,0.09038597345352173,-33.21144485473633
4450.0,1,250-500 Hz,0.027298662811517715,-30.93059539794922,0.5566453337669373,0.05179760232567787,-38.047271728515625
4450.0,2,500-750 Hz,0.03295170143246651,-30.113229751586914,0.5528910160064697,0.07812540978193283,-34.47761917114258
4450.0,3,750-1000 Hz,0.01686534658074379,-33.022056579589844,0.5372374653816223,0.04023487865924835,-40.24140930175781
4450.0,4,1-1.5 kHz,0.0003934029955416918,-49.34363555908203,0.5284433960914612,0.008595602586865425,-53.6479377746582
4450.0,5,1.5-2.5 kHz,0.11637568473815918,-24.633386611938477,0.579721212387085,0.11456914991140366,-31.152111053466797
4450.0,6,2.5-4 kHz,0.07488617300987244,-26.547992706298828,0.5722885727882385,0.08672896027565002,-33.5701789855957
4450.0,7,>4 kHz,0.4203398823738098,-19.05600357055664,0.6507306098937988,0.25796782970428467,-24.102153778076172
4475.0,0,<250 Hz,0.05988292396068573,-27.518980026245117,0.567742109298706,0.07405378669500351,-34.94252014160156
4475.0,1,250-500 Hz,0.025681961327791214,-31.19572639465332,0.5562009811401367,0.05024378001689911,-38.31181716918945
4475.0,2,500-750 Hz,0.020926225930452347,-32.08509826660156,0.5495803356170654,0.06667347252368927,-35.854400634765625
4475.0,3,750-1000 Hz,0.021487833932042122,-31.970083236694336,0.5385481119155884,0.04518556594848633,-39.23347091674805
4475.0,4,1-1.5 kHz,0.02042836882174015,-32.18967056274414,0.5345554947853088,0.04126463830471039,-40.02190017700195
4475.0,5,1.5-2.5 kHz,0.16109901666641235,-23.221080780029297,0.5912493467330933,0.13885879516601562,-29.48199462890625
4475.0,6,2.5-4 kHz,0.0847323089838028,-26.011520385742188,0.574743926525116,0.0928945243358612,-32.973663330078125
4475.0,7,>4 kHz,0.39861351251602173,-19.286489486694336,0.6465469598770142,0.24862773716449738,-24.422473907470703
4500.0,0,<250 Hz,0.028774837031960487,-30.701881408691406,0.5603567361831665,0.05016254633665085,-38.32587432861328
4500.0,1,250-500 Hz,0.016885725781321526,-33.01681137084961,0.5537694096565247,0.040943440049886703,-40.089778900146484
4500.0,2,500-750 Hz,0.01142398826777935,-34.713829040527344,0.5469334721565247,0.05631065368652344,-37.3216552734375
4500.0,3,750-1000 Hz,0.04011926054954529,-29.258480072021484,0.5437661409378052,0.06175317242741585,-36.52027893066406
4500.0,4,1-1.5 kHz,0.05443470925092697,-27.933250427246094,0.5446365475654602,0.06894488632678986,-35.56342315673828
4500.0,5,1.5-2.5 kHz,0.18224181234836578,-22.685527801513672,0.5965127944946289,0.14972050487995148,-28.827838897705078
4500.0,6,2.5-4 kHz,0.08292675018310547,-26.10506248474121,0.5742956399917603,0.09178264439105988,-33.07825469970703
4500.0,7,>4 kHz,0.39141154289245605,-19.365673065185547,0.6451407670974731,0.24551308155059814,-24.531972885131836
4525.0,0,<250 Hz,0.006191265303641558,-37.37421417236328,0.5548362731933594,0.023182900622487068,-45.03010559082031
4525.0,1,250-500 Hz,0.00592245114967227,-37.566993713378906,0.5507054328918457,0.025566965341567993,-44.17988204956055
4525.0,2,500-750 Hz,0.010568615049123764,-35.05183029174805,0.5466938614845276,0.055297236889600754,-37.47939682006836
4525.0,3,750-1000 Hz,0.05773262679576874,-27.67779541015625,0.54860520362854,0.07474733889102936,-34.861549377441406
4525.0,4,1-1.5 kHz,0.07503581047058105,-26.539323806762695,0.5505701899528503,0.0823231190443039,-34.02302551269531
4525.0,5,1.5-2.5 kHz,0.17052267491817474,-22.97418785095215,0.5936096906661987,0.14373989403247833,-29.18191909790039
4525.0,6,2.5-4 kHz,0.070835642516613,-26.789491653442383,0.5712708830833435,0.08411207050085068,-33.83629608154297
4525.0,7,>4 kHz,0.4066312909126282,-19.200002670288086,0.6481010913848877,0.2520856559276581,-24.302501678466797
4550.0,0,<250 Hz,0.0021140240132808685,-42.04090881347656,0.5538248419761658,0.0139970313757658,-49.41274642944336
4550.0,1,250-500 Hz,0.00033918829285539687,-49.98760223388672,0.5491307377815247,0.012144148349761963,-50.64612579345703
4550.0,2,500-750 Hz,0.02204238809645176,-31.859424591064453,0.5498894453048706,0.06780324876308441,-35.70845413208008
4550.0,3,750-1000 Hz,0.06251201033592224,-27.332374572753906,0.5499027967453003,0.07800642400979996,-34.4908561706543
4550.0,4,1-1.5 kHz,0.0698990598320961,-26.8472957611084,0.5491026639938354,0.07912030071020126,-34.367706298828125
4550.0,5,1.5-2.5 kHz,0.13112840056419373,-24.11504364013672,0.5835845470428467,0.12282148003578186,-30.5479793548584
4550.0,6,2.5-4 kHz,0.05294166877865791,-28.054031372070312,0.5667213201522827,0.07183720171451569,-35.20647430419922
4550.0,7,>4 kHz,0.44491201639175415,-18.809267044067383,0.6553586721420288,0.26843416690826416,-23.756710052490234
4575.0,0,<250 Hz,0.01764269545674324,-32.826358795166016,0.5576525926589966,0.039017193019390106,-40.50834274291992
4575.0,1,250-500 Hz,0.004998045973479748,-38.30400848388672,0.5504454374313354,0.02385774813592434,-44.78087615966797
4575.0,2,500-750 Hz,0.0432627908885479,-28.930864334106445,0.5556954741477966,0.08698059618473053,-33.54501724243164
4575.0,3,750-1000 Hz,0.05251176655292511,-28.08944320678711,0.54718017578125,0.07107307761907578,-35.29936218261719
4575.0,4,1-1.5 kHz,0.048502933233976364,-28.434329986572266,0.5429041385650635,0.06477183103561401,-36.10573959350586
4575.0,5,1.5-2.5 kHz,0.08058904856443405,-26.229248046875,0.5700920820236206,0.09310950338840485,-32.953582763671875
4575.0,6,2.5-4 kHz,0.03464002534747124,-29.896228790283203,0.5619754195213318,0.057487111538648605,-37.14205551147461
4575.0,7,>4 kHz,0.4972420334815979,-18.326332092285156,0.6648637056350708,0.29039567708969116,-23.07366180419922
4600.0,0,<250 Hz,0.043316550552845,-28.925472259521484,0.5638400316238403,0.06220008432865143,-36.457645416259766
4600.0,1,250-500 Hz,0.01867460273206234,-32.57949447631836,0.5542657971382141,0.04297495633363724,-39.66915512084961
4600.0,2,500-750 Hz,0.06583545356988907,-27.107410430908203,0.5617271065711975,0.1043766513466835,-31.96139907836914
4600.0,3,750-1000 Hz,0.03505421057343483,-29.844608306884766,0.5423578023910522,0.057629525661468506,-37.12056350708008
4600.0,4,1-1.5 kHz,0.031420741230249405,-30.31984519958496,0.5378539562225342,0.05147632583975792,-38.101314544677734
4600.0,5,1.5-2.5 kHz,0.03778034821152687,-29.519350051879883,0.5580722093582153,0.06236980855464935,-36.43397521972656
4600.0,6,2.5-4 kHz,0.020009594038128853,-32.27962875366211,0.5581123232841492,0.04353775456547737,-39.55614471435547
4600.0,7,>4 kHz,0.5473357439041138,-17.90947151184082,0.6735392212867737,0.3110392689704895,-22.47715950012207
4625.0,0,<250 Hz,0.06330500543117523,-27.277629852294922,0.5685395002365112,0.07634013146162033,-34.67840576171875
4625.0,1,250-500 Hz,0.03474358096718788,-29.883262634277344,0.5586814880371094,0.05851214751601219,-36.98854446411133
4625.0,2,500-750 Hz,0.0803426057100296,-26.242549896240234,0.5655272603034973,0.11457033455371857,-31.152019500732422
4625.0,3,750-1000 Hz,0.02032196894288063,-32.21234893798828,0.5382182002067566,0.04398173838853836,-39.468017578125
4625.0,4,1-1.5 kHz,0.0324111208319664,-30.185070037841797,0.5381492376327515,0.052314937114715576,-37.9609489440918
4625.0,5,1.5-2.5 kHz,0.014567915350198746,-33.65803527832031,0.5513147115707397,0.039378128945827484,-40.42835998535156
4625.0,6,2.5-4 kHz,0.010595697909593582,-35.040714263916016,0.5555934906005859,0.03199473023414612,-42.231895446777344
4625.0,7,>4 kHz,0.5780697464942932,-17.67220687866211,0.6786682605743408,0.3235350549221039,-22.135038375854492
4650.0,0,<250 Hz,0.06459017843008041,-27.190343856811523,0.5688382387161255,0.07718619704246521,-34.582672119140625
4650.0,1,250-500 Hz,0.04530472680926323,-28.730573654174805,0.5615414977073669,0.06711585819721222,-35.79696273803711
4650.0,2,500-750 Hz,0.08212145417928696,-26.147441864013672,0.5659891963005066,0.11577986180782318,-31.060802459716797
4650.0,3,750-1000 Hz,0.014335349202156067,-33.727928161621094,0.5365173816680908,0.037282634526491165,-40.90333557128906
4650.0,4,1-1.5 kHz,0.04818563908338547,-28.462831497192383,0.5428111553192139,0.06454290449619293,-36.13649368286133
4650.0,5,1.5-2.5 kHz,0.011468377895653248,-34.696990966796875,0.5503993034362793,0.035376958549022675,-41.35905456542969
4650.0,6,2.5-4 kHz,0.005627226550132036,-37.789066314697266,0.554253339767456,0.023968469351530075,-44.740657806396484
4650.0,7,>4 kHz,0.5785213112831116,-17.66881561279297,0.678742527961731,0.3237191438674927,-22.130096435546875
4675.0,0,<250 Hz,0.04594992846250534,-28.66916275024414,0.5644649267196655,0.06418975442647934,-36.18415069580078
4675.0,1,250-500 Hz,0.045791130512952805,-28.68419647216797,0.5616724491119385,0.06749217957258224,-35.74839782714844
4675.0,2,500-750 Hz,0.07393879443407059,-26.603286743164062,0.5638570785522461,0.1101469099521637,-31.4940185546875
4675.0,3,750-1000 Hz,0.016147730872035027,-33.21089553833008,0.5370334386825562,0.03941529244184494,-40.420169830322266
4675.0,4,1-1.5 kHz,0.06303052604198456,-27.29650115966797,0.5471279621124268,0.07470963895320892,-34.86593246459961
4675.0,5,1.5-2.5 kHz,0.020023329183459282,-32.27664566040039,0.552918553352356,0.04565293714404106,-39.14408874511719
4675.0,6,2.5-4 kHz,0.0032520494423806667,-40.17043685913086,0.55361008644104,0.019037479534745216,-46.741275787353516
4675.0,7,>4 kHz,0.5477364659309387,-17.906291961669922,0.6736069917678833,0.31120696663856506,-22.472476959228516
4700.0,0,<250 Hz,0.020106447860598564,-32.2586555480957,0.5582538843154907,0.04170480743050575,-39.92974090576172
4700.0,1,250-500 Hz,0.03717578575015068,-29.589406967163086,0.5593430399894714,0.06057672202587128,-36.687347412109375
4700.0,2,500-750 Hz,0.06369104981422424,-27.251224517822266,0.5611603856086731,0.10281464457511902,-32.09236526489258
4700.0,3,750-1000 Hz,0.020386334508657455,-32.19861602783203,0.5382364392280579,0.04404747486114502,-39.45504379272461
4700.0,4,1-1.5 kHz,0.06283596158027649,-27.309925079345703,0.5470718145370483,0.07458188384771347,-34.88079833984375
4700.0,5,1.5-2.5 kHz,0.029316948726773262,-30.620820999145508,0.5556284189224243,0.054919760674238205,-37.53889083862305
4700.0,6,2.5-4 kHz,0.0019388645887374878,-42.416534423828125,0.5532537698745728,0.015682142227888107,-48.42535400390625
4700.0,7,>4 kHz,0.49355798959732056,-18.358627319335938,0.6642097234725952,0.2888672351837158,-23.119497299194336
4725.0,0,<250 Hz,0.006199096329510212,-37.36872482299805,0.5548381805419922,0.023198764771223068,-45.024166107177734
4725.0,1,250-500 Hz,0.024810809642076492,-31.345600128173828,0.5559612512588501,0.04939037561416626,-38.46061706542969
4725.0,2,500-750 Hz,0.05894133821129799,-27.587810516357422,0.5599004030227661,0.0992942750453949,-32.394981384277344
4725.0,3,750-1000 Hz,0.022278234362602234,-31.813201904296875,0.5387716293334961,0.04598426818847656,-39.081275939941406
4725.0,4,1-1.5 kHz,0.04615046828985214,-28.65024757385254,0.542214035987854,0.06306289881467819,-36.33798599243164
4725.0,5,1.5-2.5 kHz,0.03208397328853607,-30.229127883911133,0.5564298629760742,0.05743805691599846,-37.149471282958984
4725.0,6,2.5-4 kHz,0.0012497236020863056,-44.32386779785156,0.5530665516853333,0.01360204815864563,-49.661376953125
4725.0,7,>4 kHz,0.4280065894126892,-18.97750473022461,0.6521862745285034,0.2612442374229431,-23.992530822753906
4750.0,0,<250 Hz,0.016765641048550606,-33.04780578613281,0.5574381351470947,0.03802204132080078,-40.732757568359375
4750.0,1,250-500 Hz,0.015186084434390068,-33.4775505065918,0.5532968044281006,0.03892798721790314,-40.52822494506836
4750.0,2,500-750 Hz,0.06217358261346817,-27.35594940185547,0.5607585906982422,0.1016988530755043,-32.18714141845703
4750.0,3,750-1000 Hz,0.020986851304769516,-32.07253646850586,0.5384063720703125,0.044670261442661285,-39.33309555053711
4750.0,4,1-1.5 kHz,0.023746227845549583,-31.536062240600586,0.5355551242828369,0.04454858973622322,-39.35678482055664
4750.0,5,1.5-2.5 kHz,0.027147201821208,-30.95475959777832,0.5549982786178589,0.05287635698914528,-37.86823272705078
4750.0,6,2.5-4 kHz,0.0016967856790870428,-42.9957389831543,0.5531879663467407,0.014983714558184147,-48.82107162475586
4750.0,7,>4 kHz,0.3625656068325043,-19.698143005371094,0.6394088268280029,0.2329193502664566,-24.98935317993164
4775.0,0,<250 Hz,0.048291340470314026,-28.45331573486328,0.5650191307067871,0.06592004001140594,-35.9531135559082
4775.0,1,250-500 Hz,0.012824198231101036,-34.211708068847656,0.5526386499404907,0.035960420966148376,-41.21696853637695
4775.0,2,500-750 Hz,0.06989968568086624,-26.847257614135742,0.5627976655960083,0.10729627311229706,-31.721771240234375
4775.0,3,750-1000 Hz,0.019063567742705345,-32.489967346191406,0.5378615856170654,0.04264933615922928,-39.7352180480957
4775.0,4,1-1.5 kHz,0.008551910519599915,-35.971378326416016,0.5309481024742126,0.02687176503241062,-43.74753952026367
4775.0,5,1.5-2.5 kHz,0.017982659861445427,-32.74346923828125,0.5523197650909424,0.04339512065052986,-39.58464813232422
4775.0,6,2.5-4 kHz,0.003981929738074541,-39.291072845458984,0.5538079738616943,0.02067234180867672,-46.025672912597656
4775.0,7,>4 kHz,0.3060171902179718,-20.434551239013672,0.6276905536651611,0.20770859718322754,-25.984375
4800.0,0,<250 Hz,0.08263811469078064,-26.12020492553711,0.5729902982711792,0.08849677443504333,-33.39491653442383
4800.0,1,250-500 Hz,0.01880837045609951,-32.54849624633789,0.5543029308319092,0.04312461242079735,-39.63896179199219
4800.0,2,500-750 Hz,0.07581470161676407,-26.494474411010742,0.564347505569458,0.11145392060279846,-31.391555786132812
4800.0,3,750-1000 Hz,0.019178271293640137,-32.46391677856445,0.5378941297531128,0.042772091925144196,-39.71025466918945
4800.0,4,1-1.5 kHz,0.005448753945529461,-37.92903518676758,0.5299979448318481,0.02174784429371357,-45.585140228271484
4800.0,5,1.5-2.5 kHz,0.009452030062675476,-35.53675842285156,0.5498020052909851,0.0325334407389164,-42.08686447143555
4800.0,6,2.5-4 kHz,0.008237993344664574,-36.13379669189453,0.5549584627151489,0.028450196608901024,-43.25175857543945
4800.0,7,>4 kHz,0.2649993300437927,-21.059560775756836,0.618767499923706,0.18888430297374725,-26.809547424316406
4825.0,0,<250 Hz,0.0989454984664917,-25.338048934936523,0.576674222946167,0.0980086699128151,-32.508174896240234
4825.0,1,250-500 Hz,0.031017495319247246,-30.375940322875977,0.5576645135879517,0.05523437261581421,-37.48927688598633
4825.0,2,500-750 Hz,0.07538731396198273,-26.519027709960938,0.5642358064651489,0.11115708947181702,-31.41472053527832
4825.0,3,750-1000 Hz,0.02128547988831997,-32.01117706298828,0.538490891456604,0.04497692734003067,-39.27366638183594
4825.0,4,1-1.5 kHz,0.009297647513449192,-35.6082763671875,0.531175971031189,0.027968954294919968,-43.399940490722656
4825.0,5,1.5-2.5 kHz,0.004979233257472515,-38.32038497924805,0.5484723448753357,0.02521120384335518,-44.30158996582031
4825.0,6,2.5-4 kHz,0.01378495991230011,-33.897953033447266,0.5564497113227844,0.03627345710992813,-41.141685485839844
4825.0,7,>4 kHz,0.2453038990497589,-21.39496612548828,0.6143497228622437,0.17964771389961243,-27.24502944946289
4850.0,0,<250 Hz,0.08760738372802734,-25.866601943969727,0.5741195678710938,0.09145552664995193,-33.1092643737793
4850.0,1,250-500 Hz,0.04525584727525711,-28.73526382446289,0.5615283250808716,0.0670781061053276,-35.801849365234375
4850.0,2,500-750 Hz,0.06857705116271973,-26.930221557617188,0.5624498128890991,0.10635226219892502,-31.79853057861328
4850.0,3,750-1000 Hz,0.02261875756084919,-31.74732208251953,0.5388678312301636,0.04632541909813881,-39.01707458496094
4850.0,4,1-1.5 kHz,0.011555426754057407,-34.66415023803711,0.5318647027015686,0.031078098341822624,-42.484375
4850.0,5,1.5-2.5 kHz,0.005223787855356932,-38.112152099609375,0.548545241355896,0.02566196396946907,-44.147666931152344
4850.0,6,2.5-4 kHz,0.0195151474326849,-32.38829040527344,0.5579806566238403,0.04299795627593994,-39.66450500488281
4850.0,7,>4 kHz,0.25167781114578247,-21.283559799194336,0.6157891750335693,0.1826522797346115,-27.100963592529297
4875.0,0,<250 Hz,0.05613762140274048,-27.799470901489258,0.5668660402297974,0.07149670273065567,-35.24774169921875
4875.0,1,250-500 Hz,0.05656866729259491,-27.76624870300293,0.5645557641983032,0.07547275722026825,-34.77766036987305
4875.0,2,500-750 Hz,0.059073373675346375,-27.57809066772461,0.5599355697631836,0.09939277917146683,-32.38636779785156
4875.0,3,750-1000 Hz,0.02028551697731018,-32.220149993896484,0.5382078886032104,0.043941929936409,-39.47588348388672
4875.0,4,1-1.5 kHz,0.008500867523252964,-35.99737548828125,0.5309325456619263,0.026792358607053757,-43.77324676513672
4875.0,5,1.5-2.5 kHz,0.00816954206675291,-36.1700325012207,0.5494214296340942,0.03060198575258255,-42.61846923828125
4875.0,6,2.5-4 kHz,0.02458246797323227,-31.38575553894043,0.5593264698982239,0.048256419599056244,-38.66236114501953
4875.0,7,>4 kHz,0.2855832576751709,-20.734682083129883,0.6232913732528687,0.19839578866958618,-26.382816314697266
4900.0,0,<250 Hz,0.022839263081550598,-31.705188751220703,0.5589190125465393,0.04451863095164299,-39.36262893676758
4900.0,1,250-500 Hz,0.060628361999988556,-27.46525001525879,0.5656331181526184,0.07832914590835571,-34.45499801635742
4900.0,2,500-750 Hz,0.05107172951102257,-28.210203170776367,0.5577987432479858,0.09325994551181793,-32.93955993652344
4900.0,3,750-1000 Hz,0.014033112674951553,-33.82046890258789,0.5364311933517456,0.03691423684358597,-40.989585876464844
4900.0,4,1-1.5 kHz,0.003640957409515977,-39.67985534667969,0.5294430255889893,0.018143510445952415,-47.15903854370117
4900.0,5,1.5-2.5 kHz,0.010303359478712082,-35.1622200012207,0.5500543117523193,0.03375820070505142,-41.7658805847168
4900.0,6,2.5-4 kHz,0.028880152851343155,-30.68601417541504,0.5604619979858398,0.052363064140081406,-37.952964782714844
4900.0,7,>4 kHz,0.3424929976463318,-19.945491790771484,0.6353239417076111,0.2240602672100067,-25.3261661529541
4925.0,0,<250 Hz,0.003491968149319291,-39.861305236816406,0.5541671514511108,0.017629925161600113,-47.40845489501953
4925.0,1,250-500 Hz,0.05524677038192749,-27.868940353393555,0.5642039775848389,0.07452674955129623,-34.88722229003906
4925.0,2,500-750 Hz,0.04620089381933212,-28.645505905151367,0.5564888715744019,0.08938105404376984,-33.308555603027344
4925.0,3,750-1000 Hz,0.006737102754414082,-37.00727844238281,0.534342885017395,0.026736561208963394,-43.791351318359375
4925.0,4,1-1.5 kHz,0.0029566516168415546,-40.584007263183594,0.5292326807975769,0.0165848508477211,-47.939231872558594
4925.0,5,1.5-2.5 kHz,0.008769026026129723,-35.86249542236328,0.5495994091033936,0.03151814639568329,-42.36225128173828
4925.0,6,2.5-4 kHz,0.03293012082576752,-30.116077423095703,0.5615271329879761,0.056004658341407776,-37.368980407714844
4925.0,7,>4 kHz,0.4111223816871643,-19.152297973632812,0.6489663124084473,0.2540159821510315,-24.236242294311523
4950.0,0,<250 Hz,0.0013835480203852057,-43.88206481933594,0.5536432266235352,0.011625682935118675,-51.02509307861328
4950.0,1,250-500 Hz,0.04163119196891785,-29.097822189331055,0.5605503916740417,0.06422274559736252,-36.1796875
4950.0,2,500-750 Hz,0.04277561604976654,-28.98004722595215,0.5555636882781982,0.08657768368721008,-33.58534622192383
4950.0,3,750-1000 Hz,0.0021926332265138626,-41.882347106933594,0.5330338478088379,0.017878299579024315,-47.28694152832031
4950.0,4,1-1.5 kHz,0.008277669548988342,-36.11293029785156,0.5308642387390137,0.026454273611307144,-43.883548736572266
4950.0,5,1.5-2.5 kHz,0.003955514635890722,-39.31998062133789,0.5481671094894409,0.02323167212307453,-45.01185607910156
4950.0,6,2.5-4 kHz,0.03721701726317406,-29.5845947265625,0.5626493692398071,0.05966387689113617,-36.81923294067383
4950.0,7,>4 kHz,0.4759017825126648,-18.516836166381836,0.6610438227653503,0.2814938426017761,-23.344085693359375
4975.0,0,<250 Hz,0.00785265862941742,-36.34184265136719,0.5552470684051514,0.026035897433757782,-44.022010803222656
4975.0,1,250-500 Hz,0.02446708083152771,-31.40618896484375,0.555866539478302,0.049049414694309235,-38.520790100097656
4975.0,2,500-750 Hz,0.03762046620249748,-29.537769317626953,0.5541647672653198,0.08222530782222748,-34.03335189819336
4975.0,3,750-1000 Hz,0.0020968252792954445,-42.076385498046875,0.5330061912536621,0.017645403742790222,-47.40083312988281
4975.0,4,1-1.5 kHz,0.015258993953466415,-33.456748962402344,0.5329909324645996,0.035643380135297775,-41.293888092041016
4975.0,5,1.5-2.5 kHz,0.0010849047685042024,-44.93809127807617,0.5473092794418335,0.01651895046234131,-47.97381591796875
4975.0,6,2.5-4 kHz,0.041396427899599075,-29.12238121032715,0.5637385249137878,0.06307025998830795,-36.336971282958984
4975.0,7,>4 kHz,0.5218517780303955,-18.11653709411621,0.6691758632659912,0.30058252811431885,-22.774188995361328
5000.0,0,<250 Hz,0.011830545030534267,-34.56196212768555,0.5562275648117065,0.031900517642498016,-42.25750732421875
5000.0,1,250-500 Hz,0.010159380733966827,-35.22333526611328,0.551893949508667,0.03231731429696083,-42.14476013183594
5000.0,2,500-750 Hz,0.028877735137939453,-30.686378479003906,0.551774263381958,0.07440535724163055,-34.90138244628906
5000.0,3,750-1000 Hz,0.004789436236023903,-38.489166259765625,0.5337826013565063,0.02333805523812771,-44.972171783447266
5000.0,4,1-1.5 kHz,0.017593704164028168,-32.838436126708984,0.533698558807373,0.03827086091041565,-40.67609786987305
5000.0,5,1.5-2.5 kHz,0.00889952015131712,-35.798343658447266,0.5496381521224976,0.03171798586845398,-42.30735397338867
5000.0,6,2.5-4 kHz,0.043980538845062256,-28.859403610229492,0.5644094347953796,0.06510765850543976,-36.060821533203125
5000.0,7,>4 kHz,0.5395028591156006,-17.972070693969727,0.6722089052200317,0.30783218145370483,-22.567184448242188
5025.0,0,<250 Hz,0.009817352518439293,-35.372066497802734,0.5557318925857544,0.029071174561977386,-43.064212799072266
5025.0,1,250-500 Hz,0.0037056899163872004,-39.60331726074219,0.5500814318656921,0.021248668432235718,-45.786827087402344
5025.0,2,500-750 Hz,0.017656292766332626,-32.82301330566406,0.5486725568771362,0.06327031552791595,-36.30946350097656
5025.0,3,750-1000 Hz,0.006832221522927284,-36.946388244628906,0.5343701839447021,0.026891712099313736,-43.74109649658203
5025.0,4,1-1.5 kHz,0.01307929027825594,-34.12616729736328,0.5323286056518555,0.033025309443473816,-41.95652389526367
5025.0,5,1.5-2.5 kHz,0.03486775979399681,-29.867767333984375,0.5572337508201599,0.05988643690943718,-36.786895751953125
5025.0,6,2.5-4 kHz,0.04288183152675629,-28.969276428222656,0.5641244053840637,0.0642469972372055,-36.17640686035156
5025.0,7,>4 kHz,0.5276084542274475,-18.068891525268555,0.6701704263687134,0.30294904112815857,-22.706071853637695
5050.0,0,<250 Hz,0.008016168139874935,-36.252342224121094,0.5552874803543091,0.026303201913833618,-43.933292388916016
5050.0,1,250-500 Hz,0.005920679308474064,-37.56829071044922,0.5507049560546875,0.025563456118106842,-44.18107604980469
5050.0,2,500-750 Hz,0.0074731274507939816,-36.556983947753906,0.5458248257637024,0.051479462534189224,-38.10078430175781
5050.0,3,750-1000 Hz,0.006128077395260334,-37.418766021728516,0.5341678261756897,0.025719480589032173,-44.12822341918945
5050.0,4,1-1.5 kHz,0.005601611454039812,-37.80887985229492,0.5300449132919312,0.022024985402822495,-45.475154876708984
5050.0,5,1.5-2.5 kHz,0.07904548943042755,-26.3132381439209,0.5696682929992676,0.09212055802345276,-33.04633331298828
5050.0,6,2.5-4 kHz,0.036688461899757385,-29.646713256835938,0.5625113248825073,0.059221990406513214,-36.88380432128906
5050.0,7,>4 kHz,0.49280065298080444,-18.36529541015625,0.6640750169754028,0.2885473370552063,-23.129121780395508
5075.0,0,<250 Hz,0.01542053185403347,-33.41101837158203,0.5571088790893555,0.03644648194313049,-41.1003532409668
5075.0,1,250-500 Hz,0.012937681749463081,-34.17344665527344,0.5526703000068665,0.03610657900571823,-41.18173599243164
5075.0,2,500-750 Hz,0.001971965888515115,-42.343017578125,0.5442731380462646,0.04398157447576523,-39.468048095703125
5075.0,3,750-1000 Hz,0.0039437999948859215,-39.33285903930664,0.5335390567779541,0.02170621231198311,-45.601783752441406
5075.0,4,1-1.5 kHz,0.0012378813698887825,-44.36521911621094,0.5287036895751953,0.01181973610073328,-50.881309509277344
5075.0,5,1.5-2.5 kHz,0.13080474734306335,-24.125774383544922,0.5835005044937134,0.1226421445608139,-30.5606689453125
5075.0,6,2.5-4 kHz,0.025999844074249268,-31.142301559448242,0.5597015619277954,0.04964224249124527,-38.41643524169922
5075.0,7,>4 kHz,0.44699856638908386,-18.78894805908203,0.6557466983795166,0.26931875944137573,-23.728132247924805
5100.0,0,<250 Hz,0.034358903765678406,-29.931617736816406,0.5617008209228516,0.055030982941389084,-37.52132034301758
5100.0,1,250-500 Hz,0.018604852259159088,-32.59574508666992,0.5542464256286621,0.04289752244949341,-39.68482208251953
5100.0,2,500-750 Hz,0.002632878255099058,-41.087703704833984,0.5444600582122803,0.04494220018386841,-39.28038024902344
5100.0,3,750-1000 Hz,0.004023450426757336,-39.24602127075195,0.5335619449615479,0.021865425631403923,-45.538307189941406
5100.0,4,1-1.5 kHz,0.0023856894113123417,-41.515869140625,0.5290570259094238,0.015164831653237343,-48.716712951660156
5100.0,5,1.5-2.5 kHz,0.17183208465576172,-22.940967559814453,0.5939358472824097,0.14441296458244324,-29.141340255737305
5100.0,6,2.5-4 kHz,0.013940819539129734,-33.84912872314453,0.556491494178772,0.036471180617809296,-41.0944709777832
5100.0,7,>4 kHz,0.4040542244911194,-19.22761344909668,0.647602915763855,0.25097358226776123,-24.340904235839844
5125.0,0,<250 Hz,0.05688786506652832,-27.74181365966797,0.5670417547225952,0.07201365381479263,-35.1851692199707
5125.0,1,250-500 Hz,0.01839476451277733,-32.64506530761719,0.5541881918907166,0.042662881314754486,-39.732460021972656
5125.0,2,500-750 Hz,0.007930063642561436,-36.29924392700195,0.5459532737731934,0.052058134227991104,-38.003692626953125
5125.0,3,750-1000 Hz,0.00933386106044054,-35.59139633178711,0.535088062286377,0.030717086046934128,-42.58586502075195
5125.0,4,1-1.5 kHz,0.005719089414924383,-37.7187385559082,0.5300809144973755,0.02223650924861431,-45.39213180541992
5125.0,5,1.5-2.5 kHz,0.18494963645935059,-22.621475219726562,0.5971785187721252,0.1510894000530243,-28.748783111572266
5125.0,6,2.5-4 kHz,0.005289487540721893,-38.0578727722168,0.5541620254516602,0.02332734316587448,-44.976158142089844
5125.0,7,>4 kHz,0.376722514629364,-19.53179359436035,0.6422420144081116,0.23912036418914795,-24.761133193969727
5150.0,0,<250 Hz,0.07013791054487228,-26.832481384277344,0.570123016834259,0.08076755702495575,-34.188724517822266
5150.0,1,250-500 Hz,0.012243805453181267,-34.412845611572266,0.5524766445159912,0.035195060074329376,-41.403831481933594
5150.0,2,500-750 Hz,0.014357875101268291,-33.721107482910156,0.547753632068634,0.05967309698462486,-36.81789016723633
5150.0,3,750-1000 Hz,0.018993252888321877,-32.50601577758789,0.5378416180610657,0.042573075741529465,-39.750762939453125
5150.0,4,1-1.5 kHz,0.006064445246011019,-37.4640998840332,0.5301867723464966,0.022848695516586304,-45.15623474121094
5150.0,5,1.5-2.5 kHz,0.16382811963558197,-23.14812469482422,0.5919352769851685,0.14027881622314453,-29.39362335205078
5150.0,6,2.5-4 kHz,0.004410450346767902,-38.8471794128418,0.5539240837097168,0.021578293293714523,-45.65312194824219
5150.0,7,>4 kHz,0.37420815229415894,-19.560876846313477,0.6417416930198669,0.23802030086517334,-24.801185607910156
5175.0,0,<250 Hz,0.06601346284151077,-27.095684051513672,0.5691685676574707,0.07811374217271805,-34.47891616821289
5175.0,1,250-500 Hz,0.004358235746622086,-38.898902893066406,0.5502652525901794,0.022601310163736343,-45.25079345703125
5175.0,2,500-750 Hz,0.018499115481972694,-32.62049865722656,0.5489069223403931,0.06416171789169312,-36.18794250488281
5175.0,3,750-1000 Hz,0.02801458351314068,-30.818166732788086,0.5403878688812256,0.05147876590490341,-38.10089874267578
5175.0,4,1-1.5 kHz,0.002530295867472887,-41.26029586791992,0.529101550579071,0.015536312945187092,-48.50650405883789
5175.0,5,1.5-2.5 kHz,0.1171879917383194,-24.603178024291992,0.5799355506896973,0.11503002047538757,-31.11724090576172
5175.0,6,2.5-4 kHz,0.01296820119023323,-34.163211822509766,0.5562307238578796,0.03522306680679321,-41.39692306518555
5175.0,7,>4 kHz,0.4001697301864624,-19.26956558227539,0.6468495726585388,0.24929313361644745,-24.39925765991211
5200.0,0,<250 Hz,0.047121621668338776,-28.55980682373047,0.5647424459457397,0.06505932658910751,-36.0672721862793
5200.0,1,250-500 Hz,0.0001343855110462755,-54.00848388671875,0.549072802066803,0.011359279975295067,-51.22644805908203
5200.0,2,500-750 Hz,0.018761003389954567,-32.5594482421875,0.548979640007019,0.06443662941455841,-36.15081024169922
5200.0,3,750-1000 Hz,0.030445927754044533,-30.456716537475586,0.5410698652267456,0.05366675555706024,-37.739356994628906
5200.0,4,1-1.5 kHz,0.0008041405817493796,-46.23868942260742,0.5285700559616089,0.01028237771242857,-52.09159469604492
5200.0,5,1.5-2.5 kHz,0.06422804296016693,-27.214763641357422,0.5655642747879028,0.0822874903678894,-34.02678680419922
5200.0,6,2.5-4 kHz,0.02871088683605194,-30.711544036865234,0.5604173541069031,0.05220632255077362,-37.97900390625
5200.0,7,>4 kHz,0.45136967301368713,-18.746685028076172,0.6565570831298828,0.27116522192955017,-23.668785095214844
5225.0,0,<250 Hz,0.0242726132273674,-31.440845489501953,0.5592670440673828,0.045934565365314484,-39.09067153930664
5225.0,1,250-500 Hz,0.0023919641971588135,-41.50446319580078,0.5497108697891235,0.018231753259897232,-47.11689376831055
5225.0,2,500-750 Hz,0.015806157141923904,-33.303749084472656,0.5481575727462769,0.06127464026212692,-36.58784866333008
5225.0,3,750-1000 Hz,0.023853132501244545,-31.51655387878418,0.5392163395881653,0.04754538834095001,-38.791297912597656
5225.0,4,1-1.5 kHz,0.008832387626171112,-35.83122634887695,0.5310338139533997,0.027288585901260376,-43.61384582519531
5225.0,5,1.5-2.5 kHz,0.023909159004688263,-31.506366729736328,0.5540549159049988,0.04970289766788483,-38.40583038330078
5225.0,6,2.5-4 kHz,0.04614588990807533,-28.650680541992188,0.5649701356887817,0.06677830219268799,-35.840755462646484
5225.0,7,>4 kHz,0.5176795721054077,-18.151399612426758,0.6684516668319702,0.29886022210121155,-22.824100494384766
5250.0,0,<250 Hz,0.008090299554169178,-36.212364196777344,0.5553057193756104,0.026421697810292244,-43.894248962402344
5250.0,1,250-500 Hz,0.009571249596774578,-35.482322692871094,0.5517293214797974,0.031461168080568314,-42.377967834472656
5250.0,2,500-750 Hz,0.011639972217381,-34.63248825073242,0.5469939708709717,0.056562673300504684,-37.28286361694336
5250.0,3,750-1000 Hz,0.011827257461845875,-34.56317138671875,0.5358015298843384,0.03413303568959236,-41.66996383666992
5250.0,4,1-1.5 kHz,0.0291922427713871,-30.639333724975586,0.5371884107589722,0.04954216629266739,-38.433963775634766
5250.0,5,1.5-2.5 kHz,0.005055477377027273,-38.25438690185547,0.5484950542449951,0.025355001911520958,-44.25218963623047
5250.0,6,2.5-4 kHz,0.05891719087958336,-27.589588165283203,0.5682504177093506,0.07608504593372345,-34.70747756958008
5250.0,7,>4 kHz,0.5841342210769653,-17.626882553100586,0.6796635389328003,0.3259824514389038,-22.069580078125
5275.0,0,<250 Hz,0.0019510292913764715,-42.38936996459961,0.5537843108177185,0.013501400128006935,-49.72589111328125
5275.0,1,250-500 Hz,0.017052676528692245,-32.974082946777344,0.5538157224655151,0.04113679379224777,-40.048858642578125
5275.0,2,500-750 Hz,0.008164839819073677,-36.17253112792969,0.5460193157196045,0.052353158593177795,-37.95460510253906
5275.0,3,750-1000 Hz,0.002364204730838537,-41.55515670776367,0.5330833792686462,0.01828848570585251,-47.08991241455078
5275.0,4,1-1.5 kHz,0.054878778755664825,-27.897966384887695,0.544765830039978,0.06924925744533539,-35.52516174316406
5275.0,5,1.5-2.5 kHz,0.003637885209172964,-39.68351745605469,0.548072338104248,0.02258453518152237,-45.257240295410156
5275.0,6,2.5-4 kHz,0.0626692846417427,-27.321462631225586,0.5692055225372314,0.07867075502872467,-34.417198181152344
5275.0,7,>4 kHz,0.6349185109138489,-17.264829635620117,0.6877892017364502,0.3463214039802551,-21.54387664794922
5300.0,0,<250 Hz,0.0017817711923271418,-42.78348922729492,0.5537422895431519,0.012968583963811398,-50.07561111450195
5300.0,1,250-500 Hz,0.020454470068216324,-32.18412780761719,0.5547587871551514,0.04491645097732544,-39.28535461425781
5300.0,2,500-750 Hz,0.006229092366993427,-37.34776306152344,0.5454747080802917,0.04987286031246185,-38.37617874145508
5300.0,3,750-1000 Hz,0.0028328553307801485,-40.7697639465332,0.5332186222076416,0.019363973289728165,-46.59357452392578
5300.0,4,1-1.5 kHz,0.07273004949092865,-26.67487144470215,0.5499124526977539,0.08089315891265869,-34.175228118896484
5300.0,5,1.5-2.5 kHz,0.00838334858417511,-36.05783462524414,0.5494849681854248,0.030931394547224045,-42.525474548339844
5300.0,6,2.5-4 kHz,0.05685104429721832,-27.744625091552734,0.5677227973937988,0.07463516294956207,-34.874595642089844
5300.0,7,>4 kHz,0.6580346822738647,-17.109521865844727,0.6913682222366333,0.3554757237434387,-21.317264556884766
5325.0,0,<250 Hz,0.0019977022893726826,-42.28670120239258,0.5537959337234497,0.013642768375575542,-49.635414123535156
5325.0,1,250-500 Hz,0.01842379756271839,-32.63821792602539,0.5541962385177612,0.04269519820809364,-39.72588348388672
5325.0,2,500-750 Hz,0.005721772089600563,-37.716705322265625,0.5453318357467651,0.049204371869564056,-38.49338912963867
5325.0,3,750-1000 Hz,0.014789121225476265,-33.592586517333984,0.5366466641426086,0.03782505914568901,-40.77787399291992
5325.0,4,1-1.5 kHz,0.07237070798873901,-26.696380615234375,0.5498097538948059,0.08066924661397934,-34.199302673339844
5325.0,5,1.5-2.5 kHz,0.009942530654370785,-35.317039489746094,0.5499473810195923,0.03324390947818756,-41.89922332763672
5325.0,6,2.5-4 kHz,0.044518426060676575,-28.806612014770508,0.5645487904548645,0.06552507728338242,-36.005313873291016
5325.0,7,>4 kHz,0.6488253474235535,-17.170730590820312,0.6899510622024536,0.3518379032611847,-21.406612396240234
5350.0,0,<250 Hz,0.0016775853000581264,-43.045162200927734,0.5537163019180298,0.012631712481379509,-50.30421829223633
5350.0,1,250-500 Hz,0.013007210567593575,-34.15016555786133,0.5526896715164185,0.036196690052747726,-41.16008758544922
5350.0,2,500-750 Hz,0.006454780697822571,-37.19319152832031,0.5455383062362671,0.050167713314294815,-38.32497787475586
5350.0,3,750-1000 Hz,0.03227768838405609,-30.202983856201172,0.5415825843811035,0.05526869744062424,-37.48387908935547
5350.0,4,1-1.5 kHz,0.05376717820763588,-27.986835479736328,0.5444421172142029,0.06848298013210297,-35.62181091308594
5350.0,5,1.5-2.5 kHz,0.0067401472479105,-37.005313873291016,0.5489965677261353,0.028305992484092712,-43.2958984375
5350.0,6,2.5-4 kHz,0.03038867935538292,-30.464889526367188,0.5608592629432678,0.053742557764053345,-37.72709655761719
5350.0,7,>4 kHz,0.61093670129776,-17.43204689025879,0.6839978694915771,0.33675897121429443,-21.787080764770508
5375.0,0,<250 Hz,0.005336780101060867,-38.01921463012695,0.5546246767044067,0.02157394215464592,-45.65487289428711
5375.0,1,250-500 Hz,0.007638655602931976,-36.46183776855469,0.5511875152587891,0.028482194989919662,-43.24199676513672
5375.0,2,500-750 Hz,0.008992226794362068,-35.753334045410156,0.546251654624939,0.0533820278942585,-37.78556442260742
5375.0,3,750-1000 Hz,0.0450960211455822,-28.750627517700195,0.5451425909996033,0.06561235338449478,-35.993751525878906
5375.0,4,1-1.5 kHz,0.027426529675722122,-30.910301208496094,0.536659836769104,0.04796932265162468,-38.71419143676758
5375.0,5,1.5-2.5 kHz,0.003808603622019291,-39.484352111816406,0.5481232404708862,0.022934291511774063,-45.123756408691406
5375.0,6,2.5-4 kHz,0.018407991155982018,-32.641944885253906,0.5576856732368469,0.04177335649728775,-39.91547393798828
5375.0,7,>4 kHz,0.5545884370803833,-17.85230255126953,0.6747625470161438,0.3139965832233429,-22.39496421813965
5400.0,0,<250 Hz,0.017873317003250122,-32.76995849609375,0.5577089786529541,0.039275918155908585,-40.45093536376953
5400.0,1,250-500 Hz,0.004539518617093563,-38.7219123840332,0.550316333770752,0.022963695228099823,-45.11262893676758
5400.0,2,500-750 Hz,0.014621955342590809,-33.6419563293457,0.5478273630142212,0.059967994689941406,-36.77507400512695
5400.0,3,750-1000 Hz,0.04518842324614525,-28.741737365722656,0.5451680421829224,0.06568242609500885,-35.98448181152344
5400.0,4,1-1.5 kHz,0.007087317295372486,-36.78718948364258,0.530500054359436,0.024578489363193512,-44.522361755371094
5400.0,5,1.5-2.5 kHz,0.006604859139770269,-37.09337615966797,0.5489563941955566,0.028080102056264877,-43.36549377441406
5400.0,6,2.5-4 kHz,0.010259894654154778,-35.180580139160156,0.5555031299591064,0.03150918334722519,-42.364723205566406
5400.0,7,>4 kHz,0.4932194948196411,-18.36160659790039,0.6641495227813721,0.28872060775756836,-23.12390899658203
5425.0,0,<250 Hz,0.038568831980228424,-29.429645538330078,0.5627087950706482,0.05848423019051552,-36.9926872253418
5425.0,1,250-500 Hz,0.0035576974041759968,-39.78031921386719,0.5500397086143494,0.0209287628531456,-45.91859436035156
5425.0,2,500-750 Hz,0.024314219132065773,-31.433406829833984,0.5505174994468689,0.07005278021097183,-35.424957275390625
5425.0,3,750-1000 Hz,0.03210703283548355,-30.22600555419922,0.5415349006652832,0.055120937526226044,-37.50712966918945
5425.0,4,1-1.5 kHz,0.0006220624782145023,-47.353668212890625,0.5285139083862305,0.009564663283526897,-52.720069885253906
5425.0,5,1.5-2.5 kHz,0.015498719178140163,-33.3890495300293,0.5515890717506409,0.04050353169441223,-40.1836051940918
5425.0,6,2.5-4 kHz,0.005488825961947441,-37.897216796875,0.5542159080505371,0.02370458096265793,-44.836814880371094
5425.0,7,>4 kHz,0.440105676651001,-18.8564395904541,0.6544618606567383,0.26639407873153687,-23.822973251342773
5450.0,0,<250 Hz,0.05977894365787506,-27.526527404785156,0.5677177906036377,0.07398319244384766,-34.950801849365234
5450.0,1,250-500 Hz,0.0031020198948681355,-40.37556076049805,0.5499112010002136,0.01991640403866768,-46.3492431640625
5450.0,2,500-750 Hz,0.03733700141310692,-29.570615768432617,0.5540875792503357,0.08198072016239166,-34.059226989746094
5450.0,3,750-1000 Hz,0.013899818062782288,-33.86191940307617,0.5363931655883789,0.03675158694386482,-41.0279426574707
5450.0,4,1-1.5 kHz,0.005917392671108246,-37.57070541381836,0.5301417112350464,0.022590328007936478,-45.25501251220703
5450.0,5,1.5-2.5 kHz,0.02541063353419304,-31.241853713989258,0.5544927716255188,0.051194142550230026,-38.1490592956543
5450.0,6,2.5-4 kHz,0.0027704446110874414,-40.866512298583984,0.5534794330596924,0.017875252291560173,-47.288421630859375
5450.0,7,>4 kHz,0.4059697389602661,-19.207073211669922,0.6479732990264893,0.25179779529571533,-24.312423706054688
5475.0,0,<250 Hz,0.07166077941656113,-26.739194869995117,0.57047438621521,0.08173342794179916,-34.08546829223633
5475.0,1,250-500 Hz,0.002077950630337,-42.11565399169922,0.5496221780776978,0.017435207962989807,-47.504920959472656
5475.0,2,500-750 Hz,0.05062031000852585,-28.248760223388672,0.5576776266098022,0.09290477633476257,-32.97270202636719
5475.0,3,750-1000 Hz,0.0026323082856833935,-41.08864212036133,0.5331608057022095,0.018911948427557945,-46.79874038696289
5475.0,4,1-1.5 kHz,0.014213752932846546,-33.764923095703125,0.5326735377311707,0.03441008925437927,-41.59975051879883
5475.0,5,1.5-2.5 kHz,0.030368374660611153,-30.46779441833496,0.5559332370758057,0.055886637419462204,-37.387306213378906
5475.0,6,2.5-4 kHz,0.0012090234085917473,-44.4676628112793,0.553055465221405,0.013466037809848785,-49.7486686706543
5475.0,7,>4 kHz,0.3977479934692383,-19.295928955078125,0.6463785171508789,0.2482496052980423,-24.435691833496094
5500.0,0,<250 Hz,0.06895545870065689,-26.906322479248047,0.5698497891426086,0.08001235127449036,-34.27032470703125
5500.0,1,250-500 Hz,0.0010237805545330048,-45.189937591552734,0.5493243336677551,0.014454626478254795,-49.133331298828125
5500.0,2,500-750 Hz,0.059604521840810776,-27.539216995239258,0.5600767135620117,0.09979002177715302,-32.351722717285156
5500.0,3,750-1000 Hz,0.007183277979493141,-36.728782653808594,0.5344710350036621,0.02745983749628067,-43.55950164794922
5500.0,4,1-1.5 kHz,0.017486725002527237,-32.86492156982422,0.5336662530899048,0.0381539911031723,-40.70266342163086
5500.0,5,1.5-2.5 kHz,0.0285885538905859,-30.730087280273438,0.555417001247406,0.05424012988805771,-37.64704895019531
5500.0,6,2.5-4 kHz,0.0007554080802947283,-46.51019287109375,0.5529321432113647,0.011888151988387108,-50.831180572509766
5500.0,7,>4 kHz,0.4179302453994751,-19.080970764160156,0.650270938873291,0.25693297386169434,-24.137067794799805
5525.0,0,<250 Hz,0.05421826243400574,-27.95055389404297,0.5664156675338745,0.0701618641614914,-35.411441802978516
5525.0,1,250-500 Hz,0.0015011315699666739,-43.52782440185547,0.5494592785835266,0.015872523188591003,-48.3205451965332
5525.0,2,500-750 Hz,0.0603676438331604,-27.483966827392578,0.5602794885635376,0.10035944730043411,-32.30229949951172
5525.0,3,750-1000 Hz,0.027740057557821274,-30.860937118530273,0.5403107404708862,0.051226552575826645,-38.14356231689453
5525.0,4,1-1.5 kHz,0.013839094899594784,-33.88093185424805,0.5325596332550049,0.03395842760801315,-41.71451187133789
5525.0,5,1.5-2.5 kHz,0.023564999923110008,-31.5693359375,0.5539544820785522,0.04935464262962341,-38.46690368652344
5525.0,6,2.5-4 kHz,0.0017364099621772766,-42.89548873901367,0.5531987547874451,0.015097206458449364,-48.755531311035156
5525.0,7,>4 kHz,0.4639854431152344,-18.626964569091797,0.6588773727416992,0.27648627758026123,-23.49999237060547
5550.0,0,<250 Hz,0.03517527878284454,-29.829633712768555,0.5618966221809387,0.05571375787258148,-37.414215087890625
5550.0,1,250-500 Hz,0.0043730102479457855,-38.88420486450195,0.5502694249153137,0.022630823776125908,-45.23945617675781
5550.0,2,500-750 Hz,0.05186180770397186,-28.143531799316406,0.5580105185508728,0.09387750923633575,-32.882232666015625
5550.0,3,750-1000 Hz,0.055386532098054886,-27.857969284057617,0.5479658246040344,0.07311171293258667,-35.05372619628906
5550.0,4,1-1.5 kHz,0.007292189635336399,-36.663429260253906,0.5305627584457397,0.02490968443453312,-44.406097412109375
5550.0,5,1.5-2.5 kHz,0.020437998697161674,-32.187625885009766,0.5530400276184082,0.04609835892915726,-39.059757232666016
5550.0,6,2.5-4 kHz,0.004223957192152739,-39.034812927246094,0.5538735389709473,0.021185865625739098,-45.812538146972656
5550.0,7,>4 kHz,0.5279710292816162,-18.065908432006836,0.670232892036438,0.3031008839607239,-22.701719284057617
5575.0,0,<250 Hz,0.01896807923913002,-32.511775970458984,0.557976245880127,0.04048231989145279,-40.18815612792969
5575.0,1,250-500 Hz,0.008582502603530884,-35.95587158203125,0.5514522790908813,0.029971379786729813,-42.79933166503906
5575.0,2,500-750 Hz,0.036842815577983856,-29.628482818603516,0.5539530515670776,0.08155354112386703,-34.10460662841797
5575.0,3,750-1000 Hz,0.07703043520450592,-26.425384521484375,0.5538051128387451,0.08741036057472229,-33.50220489501953
5575.0,4,1-1.5 kHz,0.0032314618583768606,-40.198020935058594,0.5293171405792236,0.017227044329047203,-47.609249114990234
5575.0,5,1.5-2.5 kHz,0.02113400585949421,-32.04219055175781,0.55324387550354,0.04683947563171387,-38.921226501464844
5575.0,6,2.5-4 kHz,0.007996068336069584,-36.26324462890625,0.5548932552337646,0.028062066063284874,-43.371070861816406
5575.0,7,>4 kHz,0.5970286130905151,-17.532058715820312,0.6817617416381836,0.3311805725097656,-21.932167053222656
5600.0,0,<250 Hz,0.00834655947983265,-36.076934814453125,0.5553690195083618,0.026830017566680908,-43.761043548583984
5600.0,1,250-500 Hz,0.011632159352302551,-34.635406494140625,0.5523058176040649,0.03437334671616554,-41.609031677246094
5600.0,2,500-750 Hz,0.020751243457198143,-32.12156677246094,0.5495318174362183,0.06649499386548996,-35.877685546875
5600.0,3,750-1000 Hz,0.08261673152446747,-26.12133026123047,0.5552908182144165,0.0908648669719696,-33.16554260253906
5600.0,4,1-1.5 kHz,0.0039210245013237,-39.35801315307617,0.5295290946960449,0.01874537579715252,-46.875579833984375
5600.0,5,1.5-2.5 kHz,0.022778231650590897,-31.716808319091797,0.5537247061729431,0.04855223745107651,-38.60927963256836
5600.0,6,2.5-4 kHz,0.013115578331053257,-34.1141357421875,0.5562702417373657,0.03541337698698044,-41.35011672973633
5600.0,7,>4 kHz,0.6554246544837952,-17.126781463623047,0.6909677982330322,0.35444775223731995,-21.34242057800293
5625.0,0,<250 Hz,0.0024605870712548494,-41.381622314453125,0.553911030292511,0.014989009127020836,-48.81800842285156
5625.0,1,250-500 Hz,0.011441431008279324,-34.70720672607422,0.5522525310516357,0.03411342203617096,-41.674957275390625
5625.0,2,500-750 Hz,0.00908705499023199,-35.7077751159668,0.5462782382965088,0.053499072790145874,-37.76654052734375
5625.0,3,750-1000 Hz,0.07033747434616089,-26.82014274597168,0.5520135164260864,0.08315856754779816,-33.935325622558594
5625.0,4,1-1.5 kHz,0.007545144762843847,-36.51533508300781,0.530640184879303,0.02531477063894272,-44.26598358154297
5625.0,5,1.5-2.5 kHz,0.020801624283194542,-32.11103820800781,0.553146481513977,0.046486031264066696,-38.98701477050781
5625.0,6,2.5-4 kHz,0.020349783822894096,-32.20641326904297,0.558202862739563,0.04390089958906174,-39.48399353027344
5625.0,7,>4 kHz,0.688152551651001,-16.9151611328125,0.6959236860275269,0.36730968952178955,-21.032817840576172
5650.0,0,<250 Hz,0.00041232473449781537,-49.13961410522461,0.5534014105796814,0.007396753877401352,-54.952640533447266
5650.0,1,250-500 Hz,0.008128782734274864,-36.19175338745117,0.5513250827789307,0.029264245182275772,-43.0067138671875
5650.0,2,500-750 Hz,0.004753733053803444,-38.52165985107422,0.5450589656829834,0.0479058176279068,-38.7256965637207
5650.0,3,750-1000 Hz,0.046935200691223145,-28.577022552490234,0.5456494092941284,0.06699550896883011,-35.81254959106445
5650.0,4,1-1.5 kHz,0.010676300153136253,-35.0078010559082,0.5315967202186584,0.029902832582592964,-42.819217681884766
5650.0,5,1.5-2.5 kHz,0.013848926872015,-33.877845764160156,0.5511026382446289,0.038477230817079544,-40.62938690185547
5650.0,6,2.5-4 kHz,0.030639519914984703,-30.429189682006836,0.560925304889679,0.05396930128335953,-37.690528869628906
5650.0,7,>4 kHz,0.68516606092453,-16.934051513671875,0.6954772472381592,0.36614322662353516,-21.06044578552246
5675.0,0,<250 Hz,0.0033354447223246098,-40.06047058105469,0.5541283488273621,0.017252391204237938,-47.59647750854492
5675.0,1,250-500 Hz,0.004189562983810902,-39.0703239440918,0.5502177476882935,0.022259023040533066,-45.38334274291992
5675.0,2,500-750 Hz,0.006958463229238987,-36.866878509521484,0.545680046081543,0.05082027614116669,-38.21272277832031
5675.0,3,750-1000 Hz,0.02331417240202427,-31.61581039428711,0.5390642285346985,0.047015950083732605,-38.88855743408203
5675.0,4,1-1.5 kHz,0.011277105659246445,-34.77003479003906,0.5317798852920532,0.03071046993136406,-42.58773422241211
5675.0,5,1.5-2.5 kHz,0.005858493968844414,-37.61415100097656,0.5487342476844788,0.026798777282238007,-43.77116775512695
5675.0,6,2.5-4 kHz,0.0436386913061142,-28.893291473388672,0.5643208026885986,0.06484061479568481,-36.096519470214844
5675.0,7,>4 kHz,0.6446504592895508,-17.198766708374023,0.6893048286437988,0.3501882553100586,-21.447431564331055
5700.0,0,<250 Hz,0.01269897073507309,-34.25432586669922,0.556441068649292,0.03305273503065109,-41.94931411743164
5700.0,1,250-500 Hz,0.0028544897213578224,-40.736724853515625,0.5498414039611816,0.019345775246620178,-46.60174560546875
5700.0,2,500-750 Hz,0.012153434567153454,-34.44501876831055,0.5471376180648804,0.05716164782643318,-37.191368103027344
5700.0,3,750-1000 Hz,0.008430076763033867,-36.033695220947266,0.5348289012908936,0.02938961423933506,-42.96958541870117
5700.0,4,1-1.5 kHz,0.009624316357076168,-35.458309173583984,0.531275749206543,0.028437957167625427,-43.255496978759766
5700.0,5,1.5-2.5 kHz,0.0031329281628131866,-40.33250427246094,0.5479215383529663,0.021516256034374237,-45.678131103515625
5700.0,6,2.5-4 kHz,0.056449465453624725,-27.77541160583496,0.5676201581954956,0.07435178011655807,-34.90763854980469
5700.0,7,>4 kHz,0.5739909410476685,-17.702959060668945,0.6779956817626953,0.32188141345977783,-22.179546356201172
5725.0,0,<250 Hz,0.02679116651415825,-31.012094497680664,0.5598772764205933,0.04833865538239479,-38.6475715637207
5725.0,1,250-500 Hz,0.005806799978017807,-37.65264129638672,0.5506728887557983,0.02535870485007763,-44.25092315673828
5725.0,2,500-750 Hz,0.01632785052061081,-33.1627197265625,0.5483028888702393,0.06184293329715729,-36.50766372680664
5725.0,3,750-1000 Hz,0.00513638649135828,-38.18543243408203,0.5338824987411499,0.023978233337402344,-44.73712158203125
5725.0,4,1-1.5 kHz,0.007038724608719349,-36.81707000732422,0.530485212802887,0.0244976244866848,-44.550987243652344
5725.0,5,1.5-2.5 kHz,0.008734358474612236,-35.87969970703125,0.5495890974998474,0.03146614134311676,-42.37659454345703
5725.0,6,2.5-4 kHz,0.06399814039468765,-27.230337142944336,0.5695428848266602,0.07957349717617035,-34.31809616088867
5725.0,7,>4 kHz,0.4878848195075989,-18.408836364746094,0.6631982326507568,0.2864939272403717,-23.1911563873291
5750.0,0,<250 Hz,0.03963793069124222,-29.310897827148438,0.5629640221595764,0.059337422251701355,-36.86688995361328
5750.0,1,250-500 Hz,0.011950347572565079,-34.51820373535156,0.552394688129425,0.03480317071080208,-41.5010871887207
5750.0,2,500-750 Hz,0.017109384760260582,-32.95966720581055,0.5485204458236694,0.06268586218357086,-36.390071868896484
5750.0,3,750-1000 Hz,0.01007844228297472,-35.25807571411133,0.5353012681007385,0.031772445887327194,-42.292449951171875
5750.0,4,1-1.5 kHz,0.004406335297971964,-38.851234436035156,0.5296781063079834,0.019745752215385437,-46.423988342285156
5750.0,5,1.5-2.5 kHz,0.0191044844686985,-32.480655670166016,0.5526490211486816,0.044647350907325745,-39.337547302246094
5750.0,6,2.5-4 kHz,0.06152936816215515,-27.40118408203125,0.5689157247543335,0.07789164781570435,-34.50364685058594
5750.0,7,>4 kHz,0.4043411612510681,-19.224529266357422,0.6476584076881409,0.25109168887138367,-24.336816787719727
5775.0,0,<250 Hz,0.044575199484825134,-28.801076889038086,0.5641388893127441,0.06315653026103973,-36.32509994506836
5775.0,1,250-500 Hz,0.01809697411954403,-32.71595001220703,0.5541056394577026,0.04232840985059738,-39.80082702636719
5775.0,2,500-750 Hz,0.014513636939227581,-33.67424774169922,0.5477970838546753,0.05984697863459587,-36.79261779785156
5775.0,3,750-1000 Hz,0.01701129600405693,-32.98463439941406,0.537278950214386,0.04039579629898071,-40.20674133300781
5775.0,4,1-1.5 kHz,0.002164489822462201,-41.938453674316406,0.5289889574050903,0.01457895152270794,-49.058937072753906
5775.0,5,1.5-2.5 kHz,0.026218630373477936,-31.10590934753418,0.5547280311584473,0.051982369273900986,-38.01634216308594
5775.0,6,2.5-4 kHz,0.048002153635025024,-28.479402542114258,0.5654497146606445,0.06818696856498718,-35.65943908691406
5775.0,7,>4 kHz,0.34000980854034424,-19.977094650268555,0.6348129510879517,0.2229575216770172,-25.369022369384766
5800.0,0,<250 Hz,0.04001235216856003,-29.270069122314453,0.5630533695220947,0.05963335186243057,-36.82368087768555
5800.0,1,250-500 Hz,0.021017519757151604,-32.06619644165039,0.5549144744873047,0.04551566392183304,-39.17024612426758
5800.0,2,500-750 Hz,0.010237905196845531,-35.18989944458008,0.5466011762619019,0.054898448288440704,-37.54226303100586
5800.0,3,750-1000 Hz,0.020960688591003418,-32.07795333862305,0.5383990406990051,0.04464305192232132,-39.33838653564453
5800.0,4,1-1.5 kHz,0.001405543414875865,-43.813568115234375,0.5287553071975708,0.012364120222628117,-50.490196228027344
5800.0,5,1.5-2.5 kHz,0.02389570139348507,-31.50881004333496,0.5540510416030884,0.04968812316656113,-38.40841293334961
5800.0,6,2.5-4 kHz,0.028021078556776047,-30.817161560058594,0.5602354407310486,0.05156365782022476,-38.08658981323242
5800.0,7,>4 kHz,0.30645573139190674,-20.42833137512207,0.6277838945388794,0.20791253447532654,-25.975852966308594
5825.0,0,<250 Hz,0.03208020329475403,-30.229637145996094,0.5611532926559448,0.05308931693434715,-37.83332061767578
5825.0,1,250-500 Hz,0.019376732409000397,-32.41920471191406,0.5544604063034058,0.04374982416629791,-39.513938903808594
5825.0,2,500-750 Hz,0.006409644614905119,-37.223670959472656,0.5455255508422852,0.050108879804611206,-38.33517074584961
5825.0,3,750-1000 Hz,0.02055734023451805,-32.16233825683594,0.5382848381996155,0.044225748628377914,-39.419960021972656
5825.0,4,1-1.5 kHz,0.0042814454063773155,-38.976104736328125,0.5296397805213928,0.019493818283081055,-46.535526275634766
5825.0,5,1.5-2.5 kHz,0.013239536434412003,-34.073280334472656,0.5509228110313416,0.03770415484905243,-40.80567932128906
5825.0,6,2.5-4 kHz,0.010440956801176071,-35.10460662841797,0.5555517673492432,0.03177080303430557,-42.29290008544922
5825.0,7,>4 kHz,0.3083190619945526,-20.40200424194336,0.6281805038452148,0.208754301071167,-25.940757751464844
5850.0,0,<250 Hz,0.030835621058940887,-30.40148162841797,0.5608537197113037,0.05200449377298355,-38.01264953613281
5850.0,1,250-500 Hz,0.014303307048976421,-33.73764419555664,0.5530509948730469,0.03784224018454552,-40.77392578125
5850.0,2,500-750 Hz,0.004862481262534857,-38.423431396484375,0.545089602470398,0.04805327206850052,-38.699005126953125
5850.0,3,750-1000 Hz,0.01752655766904354,-32.85504150390625,0.5374253988265991,0.04097217321395874,-40.08368682861328
5850.0,4,1-1.5 kHz,0.012544538825750351,-34.307464599609375,0.5321659445762634,0.032354213297367096,-42.134849548339844
5850.0,5,1.5-2.5 kHz,0.0025599836371839046,-41.20963668823242,0.5477504134178162,0.020238567143678665,-46.209869384765625
5850.0,6,2.5-4 kHz,0.0038492996245622635,-39.438194274902344,0.5537720322608948,0.02038523554801941,-46.147151947021484
5850.0,7,>4 kHz,0.3433506190776825,-19.93463134765625,0.6355001330375671,0.22443905472755432,-25.31149673461914
5875.0,0,<250 Hz,0.042188964784145355,-29.040019989013672,0.5635719299316406,0.06133410334587097,-36.57942199707031
5875.0,1,250-500 Hz,0.00846337154507637,-36.01657485961914,0.5514189004898071,0.02978755347430706,-42.85276794433594
5875.0,2,500-750 Hz,0.007290615700185299,-36.66436767578125,0.5457735061645508,0.05124671012163162,-38.14014434814453
5875.0,3,750-1000 Hz,0.014335168525576591,-33.72798156738281,0.5365172624588013,0.03728102147579193,-40.90370559692383
5875.0,4,1-1.5 kHz,0.02525578998029232,-31.26839828491211,0.5360087752342224,0.04597625508904457,-39.08279037475586
5875.0,5,1.5-2.5 kHz,0.0014743307838216424,-43.60606384277344,0.5474258065223694,0.01757410168647766,-47.436004638671875
5875.0,6,2.5-4 kHz,0.011457335203886032,-34.701171875,0.5558251142501831,0.033198192715644836,-41.91117858886719
5875.0,7,>4 kHz,0.403695285320282,-19.231473922729492,0.6475334167480469,0.2508147656917572,-24.34640121459961
5900.0,0,<250 Hz,0.06196335703134537,-27.37066078186035,0.5682271718978882,0.07544879615306854,-34.780418395996094
5900.0,1,250-500 Hz,0.004473390523344278,-38.785640716552734,0.5502976775169373,0.022832605987787247,-45.162353515625
5900.0,2,500-750 Hz,0.015644434839487076,-33.348411560058594,0.5481125116348267,0.06109802424907684,-36.61292266845703
5900.0,3,750-1000 Hz,0.012069059535861015,-34.47527313232422,0.5358706116676331,0.034448087215423584,-41.59016036987305
5900.0,4,1-1.5 kHz,0.03799417242407799,-29.49483871459961,0.5398081541061401,0.05686367303133011,-37.23676681518555
5900.0,5,1.5-2.5 kHz,0.013570948503911495,-33.96590805053711,0.551020622253418,0.0381263829767704,-40.708953857421875
5900.0,6,2.5-4 kHz,0.028711095452308655,-30.71151351928711,0.5604174137115479,0.05220646411180496,-37.97897720336914
5900.0,7,>4 kHz,0.4776439666748047,-18.500965118408203,0.6613585948944092,0.2822192311286926,-23.321731567382812
5925.0,0,<250 Hz,0.07752624899148941,-26.39752197265625,0.5718222856521606,0.08538958430290222,-33.70536422729492
5925.0,1,250-500 Hz,0.0037920475006103516,-39.503273010253906,0.5501056909561157,0.021432077512145042,-45.712181091308594
5925.0,2,500-750 Hz,0.03181380406022072,-30.265853881835938,0.5525795817375183,0.0771007388830185,-34.59229278564453
5925.0,3,750-1000 Hz,0.010048658587038517,-35.27092742919922,0.5352927446365356,0.03173067420721054,-42.30387878417969
5925.0,4,1-1.5 kHz,0.04492609202861786,-28.76702308654785,0.541854202747345,0.062161095440387726,-36.46309280395508
5925.0,5,1.5-2.5 kHz,0.03328613191843033,-30.069374084472656,0.5567773580551147,0.05850449949502945,-36.98967742919922
5925.0,6,2.5-4 kHz,0.04551664739847183,-28.71030616760254,0.5648072957992554,0.06629662215709686,-35.90363311767578
5925.0,7,>4 kHz,0.5514722466468811,-17.876773834228516,0.674237847328186,0.3127279281616211,-22.430131912231445
5950.0,0,<250 Hz,0.07653830945491791,-26.45322036743164,0.5715959072113037,0.08478105068206787,-33.767486572265625
5950.0,1,250-500 Hz,0.006504273973405361,-37.16001892089844,0.5508689880371094,0.02658890374004841,-43.839454650878906
5950.0,2,500-750 Hz,0.05621089041233063,-27.793806076049805,0.5591732263565063,0.09722940623760223,-32.577510833740234
5950.0,3,750-1000 Hz,0.0071660359390079975,-36.739219665527344,0.5344660878181458,0.027430929243564606,-43.56865310668945
5950.0,4,1-1.5 kHz,0.042525943368673325,-29.005470275878906,0.5411474704742432,0.06036549061536789,-36.717689514160156
5950.0,5,1.5-2.5 kHz,0.0494418703019619,-28.35106086730957,0.5614023804664612,0.07163781672716141,-35.23061752319336
5950.0,6,2.5-4 kHz,0.05197818577289581,-28.13379669189453,0.5664738416671753,0.07113692164421082,-35.29156494140625
5950.0,7,>4 kHz,0.6114329099655151,-17.42852020263672,0.6840772032737732,0.33695870637893677,-21.781930923461914
5975.0,0,<250 Hz,0.05643829330801964,-27.776269912719727,0.5669364929199219,0.07170502096414566,-35.22247314453125
5975.0,1,250-500 Hz,0.011709221638739109,-34.606727600097656,0.5523273348808289,0.03447795659303665,-41.58263397216797
5975.0,2,500-750 Hz,0.08604060113430023,-25.944974899291992,0.5670038461685181,0.11841665208339691,-30.865209579467773
5975.0,3,750-1000 Hz,0.00357971154153347,-39.7535285949707,0.5334340333938599,0.02096596360206604,-45.903167724609375
5975.0,4,1-1.5 kHz,0.03204747661948204,-30.23406982421875,0.538040816783905,0.05200482904911041,-38.01258850097656
5975.0,5,1.5-2.5 kHz,0.052795492112636566,-28.066041946411133,0.562352180480957,0.07414557784795761,-34.931758880615234
5975.0,6,2.5-4 kHz,0.04420142620801926,-28.837646484375,0.564466655254364,0.06527957320213318,-36.03791809082031
5975.0,7,>4 kHz,0.6460999250411987,-17.18901252746582,0.6895294785499573,0.35076063871383667,-21.433246612548828
6000.0,0,<250 Hz,0.027227656915783882,-30.941905975341797,0.5599828362464905,0.048744089901447296,-38.57502365112305
6000.0,1,250-500 Hz,0.017895149067044258,-32.76465606689453,0.5540496110916138,0.0421004518866539,-39.84772872924805
6000.0,2,500-750 Hz,0.11473556607961655,-24.695030212402344,0.574306070804596,0.13675890862941742,-29.614351272583008
6000.0,3,750-1000 Hz,0.0012645816896110773,-44.27254104614258,0.5327657461166382,0.015482444316148758,-48.53667449951172
6000.0,4,1-1.5 kHz,0.018661241978406906,-32.582603454589844,0.5340216159820557,0.039420753717422485,-40.418968200683594
6000.0,5,1.5-2.5 kHz,0.04200748726725578,-29.05874252319336,0.5592842102050781,0.065839022397995,-35.96379852294922
6000.0,6,2.5-4 kHz,0.026507074013352394,-31.058391571044922,0.5598356127738953,0.050129763782024384,-38.33155059814453
6000.0,7,>4 kHz,0.6488140821456909,-17.170806884765625,0.6899492740631104,0.35189709067344666,-21.4051513671875
6025.0,0,<250 Hz,0.005152893252670765,-38.1714973449707,0.5545790791511536,0.02121356502175331,-45.80119323730469
6025.0,1,250-500 Hz,0.023097198456525803,-31.656415939331055,0.5554889440536499,0.04767289012670517,-38.768035888671875
6025.0,2,500-750 Hz,0.13362878561019897,-24.033010482788086,0.5789951086044312,0.14810676872730255,-28.921966552734375
6025.0,3,750-1000 Hz,0.0028867179062217474,-40.687965393066406,0.533234179019928,0.019483014941215515,-46.540340423583984
6025.0,4,1-1.5 kHz,0.00797936413437128,-36.27232360839844,0.5307730436325073,0.025996245443820953,-44.035255432128906
6025.0,5,1.5-2.5 kHz,0.023877087980508804,-31.512195587158203,0.554045557975769,0.04966910183429718,-38.411739349365234
6025.0,6,2.5-4 kHz,0.00870073027908802,-35.89645004272461,0.555083155632019,0.02917620725929737,-43.03289031982422
6025.0,7,>4 kHz,0.6195218563079834,-17.371442794799805,0.6853644251823425,0.34019166231155396,-21.698991775512695
6050.0,0,<250 Hz,0.001936442800797522,-42.421958923339844,0.553780734539032,0.01346033625304699,-49.75234603881836
6050.0,1,250-500 Hz,0.025165468454360962,-31.283958435058594,0.5560588836669922,0.04973910376429558,-38.399505615234375
6050.0,2,500-750 Hz,0.13555775582790375,-23.970766067504883,0.5794686079025269,0.14923924207687378,-28.855802536010742
6050.0,3,750-1000 Hz,0.009827133268117905,-35.367740631103516,0.5352293252944946,0.03141980245709419,-42.3893928527832
6050.0,4,1-1.5 kHz,0.00280511612072587,-40.8125,0.5291861295700073,0.016220249235630035,-48.13231658935547
6050.0,5,1.5-2.5 kHz,0.008138751611113548,-36.186431884765625,0.5494122505187988,0.03055441752076149,-42.63198471069336
6050.0,6,2.5-4 kHz,0.0002276831364724785,-51.71870422363281,0.5527886152267456,0.009745676070451736,-52.55722427368164
6050.0,7,>4 kHz,0.5650264024734497,-17.77132225036621,0.6765089631080627,0.31824588775634766,-22.278209686279297
6075.0,0,<250 Hz,0.017512725666165352,-32.85847091674805,0.5576208233833313,0.03887101262807846,-40.54094696044922
6075.0,1,250-500 Hz,0.022573409602046013,-31.756038665771484,0.5553443431854248,0.04713749513030052,-38.86613464355469
6075.0,2,500-750 Hz,0.1186610609292984,-24.548927307128906,0.575287938117981,0.13915789127349854,-29.463308334350586
6075.0,3,750-1000 Hz,0.02082992158830166,-32.105133056640625,0.5383620262145996,0.04450782388448715,-39.3647346496582
6075.0,4,1-1.5 kHz,0.0025691420305520296,-41.194129943847656,0.5291135311126709,0.01563515141606331,-48.45142364501953
6075.0,5,1.5-2.5 kHz,0.0010237140813842416,-45.190223693847656,0.5472909212112427,0.016343144699931145,-48.06675338745117
6075.0,6,2.5-4 kHz,0.00492944335564971,-38.36403274536133,0.5540645718574524,0.022625725716352463,-45.24141311645508
6075.0,7,>4 kHz,0.4971819221973419,-18.32685661315918,0.6648531556129456,0.2903697192668915,-23.07443618774414
6100.0,0,<250 Hz,0.04124443233013153,-29.138355255126953,0.5633469820022583,0.06059907376766205,-36.68414306640625
6100.0,1,250-500 Hz,0.015660952776670456,-33.34382629394531,0.5534288883209229,0.03949970752000809,-40.401588439941406
6100.0,2,500-750 Hz,0.08811448514461517,-25.841537475585938,0.5675390362739563,0.11979765444993973,-30.76449966430664
6100.0,3,750-1000 Hz,0.032306499779224396,-30.19911003112793,0.541590690612793,0.05529332533478737,-37.480010986328125
6100.0,4,1-1.5 kHz,0.005326702259480953,-38.02742385864258,0.529960572719574,0.021521292626857758,-45.67609786987305
6100.0,5,1.5-2.5 kHz,0.002179692965000868,-41.90805435180664,0.5476367473602295,0.019344717264175415,-46.60221481323242
6100.0,6,2.5-4 kHz,0.019512707367539406,-32.38883590698242,0.5579800605773926,0.04299513250589371,-39.665077209472656
6100.0,7,>4 kHz,0.4294617772102356,-18.962764739990234,0.6524614095687866,0.2618626058101654,-23.971994400024414
6125.0,0,<250 Hz,0.05986805632710457,-27.520057678222656,0.5677386522293091,0.07404394447803497,-34.94367218017578
6125.0,1,250-500 Hz,0.007526660803705454,-36.52598571777344,0.5511561036109924,0.02830100990831852,-43.29742431640625
6125.0,2,500-750 Hz,0.05450064688920975,-27.92799186706543,0.5587166547775269,0.09592161327600479,-32.69513702392578
6125.0,3,750-1000 Hz,0.04013471305370331,-29.25680923461914,0.543770432472229,0.06176513433456421,-36.51859664916992
6125.0,4,1-1.5 kHz,0.009953055530786514,-35.31244659423828,0.5313760638237,0.02890312857925892,-43.114566802978516
6125.0,5,1.5-2.5 kHz,0.006535705178976059,-37.13908386230469,0.5489357709884644,0.027962813153862953,-43.40184783935547
6125.0,6,2.5-4 kHz,0.03623843938112259,-29.700315475463867,0.5623936653137207,0.05884355679154396,-36.939483642578125
6125.0,7,>4 kHz,0.37323203682899475,-19.572219848632812,0.6415470838546753,0.23759305477142334,-24.816789627075195
6150.0,0,<250 Hz,0.06562338769435883,-27.121421813964844,0.5690780878067017,0.07786031067371368,-34.50714111328125
6150.0,1,250-500 Hz,0.0036039690021425486,-39.72420120239258,0.5500527620315552,0.021031495183706284,-45.876060485839844
6150.0,2,500-750 Hz,0.029384469613432884,-30.610830307006836,0.5519134402275085,0.07487747818231583,-34.846439361572266
6150.0,3,750-1000 Hz,0.04178577661514282,-29.081724166870117,0.5442278385162354,0.06306454539299011,-36.33776092529297
6150.0,4,1-1.5 kHz,0.01631699874997139,-33.16560745239258,0.5333118438720703,0.036854393780231476,-41.00368118286133
6150.0,5,1.5-2.5 kHz,0.008887632749974728,-35.80414581298828,0.549634575843811,0.03169625625014305,-42.31330490112305
6150.0,6,2.5-4 kHz,0.04765670374035835,-28.51076889038086,0.5653605461120605,0.06792661547660828,-35.692665100097656
6150.0,7,>4 kHz,0.33521726727485657,-20.038745880126953,0.6338232755661011,0.2208232432603836,-25.45256805419922
6175.0,0,<250 Hz,0.05887085944414139,-27.59300422668457,0.5675057172775269,0.073369599878788,-35.02313995361328
6175.0,1,250-500 Hz,0.009610510431230068,-35.46454620361328,0.5517403483390808,0.031520944088697433,-42.361480712890625
6175.0,2,500-750 Hz,0.020199788734316826,-32.23854064941406,0.5493789911270142,0.06593175232410431,-35.95157241821289
6175.0,3,750-1000 Hz,0.03743835538625717,-29.558841705322266,0.5430216789245605,0.0595974437892437,-36.82891082763672
6175.0,4,1-1.5 kHz,0.0235883928835392,-31.565025329589844,0.5355076789855957,0.04439610242843628,-39.386566162109375
6175.0,5,1.5-2.5 kHz,0.007416697684675455,-36.58990478515625,0.549197793006897,0.02941322885453701,-42.962608337402344
6175.0,6,2.5-4 kHz,0.05028175190091133,-28.277904510498047,0.5660374164581299,0.06988868117332458,-35.44532775878906
6175.0,7,>4 kHz,0.31697049736976624,-20.28182029724121,0.630011796951294,0.2126540094614029,-25.779993057250977
6200.0,0,<250 Hz,0.04477183520793915,-28.781959533691406,0.5641855597496033,0.0633046105504036,-36.30475616455078
6200.0,1,250-500 Hz,0.02865682542324066,-30.719728469848633,0.5570180416107178,0.05307374149560928,-37.83586883544922
6200.0,2,500-750 Hz,0.027107806876301765,-30.9610652923584,0.5512875318527222,0.07274318486452103,-35.097618103027344
6200.0,3,750-1000 Hz,0.029504556208848953,-30.59311866760254,0.5408060550689697,0.0528281070291996,-37.876163482666016
6200.0,4,1-1.5 kHz,0.028985142707824707,-30.67025375366211,0.5371264219284058,0.04936004430055618,-38.4659538269043
6200.0,5,1.5-2.5 kHz,0.003885295707732439,-39.397769927978516,0.54814612865448,0.023089108988642693,-45.06532287597656
6200.0,6,2.5-4 kHz,0.04528339207172394,-28.732620239257812,0.5647469758987427,0.06611640006303787,-35.92728042602539
6200.0,7,>4 kHz,0.31614163517951965,-20.293193817138672,0.6298370361328125,0.21228057146072388,-25.795259475708008
6225.0,0,<250 Hz,0.02845590189099312,-30.750286102294922,0.5602796673774719,0.04987291619181633,-38.37616729736328
6225.0,1,250-500 Hz,0.05904816836118698,-27.579944610595703,0.5652143359184265,0.07722398638725281,-34.57841873168945
6225.0,2,500-750 Hz,0.04333663731813431,-28.9234561920166,0.5557154417037964,0.0870414674282074,-33.5389404296875
6225.0,3,750-1000 Hz,0.02104736492037773,-32.06003189086914,0.5384235382080078,0.04473227262496948,-39.321044921875
6225.0,4,1-1.5 kHz,0.02894822135567665,-30.675790786743164,0.5371153354644775,0.04932752996683121,-38.471675872802734
6225.0,5,1.5-2.5 kHz,0.0011960814008489251,-44.514404296875,0.5473425388336182,0.016823094338178635,-47.815345764160156
6225.0,6,2.5-4 kHz,0.03652205690741539,-29.666458129882812,0.5624678134918213,0.059082139283418655,-36.90433883666992
6225.0,7,>4 kHz,0.32845184206962585,-20.12729263305664,0.632418155670166,0.21780265867710114,-25.572200775146484
6250.0,0,<250 Hz,0.013342912308871746,-34.03950119018555,0.5565992593765259,0.033882901072502136,-41.73385238647461
6250.0,1,250-500 Hz,0.09413808584213257,-25.55435562133789,0.5743478536605835,0.09979493916034698,-32.351295471191406
6250.0,2,500-750 Hz,0.0587480328977108,-27.60207748413086,0.5598490238189697,0.09914834797382355,-32.40775680541992
6250.0,3,750-1000 Hz,0.014208102598786354,-33.76664733886719,0.5364810228347778,0.037126850336790085,-40.93970489501953
6250.0,4,1-1.5 kHz,0.022171929478645325,-31.833974838256836,0.5350812673568726,0.04301580786705017,-39.66090393066406
6250.0,5,1.5-2.5 kHz,0.000875739089678973,-45.868263244628906,0.5472466945648193,0.01591799035668373,-48.29570007324219
6250.0,6,2.5-4 kHz,0.02780793234705925,-30.850322723388672,0.5601791739463806,0.05136403068900108,-38.12028121948242
6250.0,7,>4 kHz,0.34932100772857666,-19.85976219177246,0.6367225050926208,0.2270808070898056,-25.209856033325195
6275.0,0,<250 Hz,0.0031340315472334623,-40.33097839355469,0.5540783405303955,0.016760647296905518,-47.84764862060547
6275.0,1,250-500 Hz,0.12451839447021484,-24.33967399597168,0.581983208656311,0.11717600375413895,-30.956689834594727
6275.0,2,500-750 Hz,0.06470649689435959,-27.182531356811523,0.5614289045333862,0.10355624556541443,-32.029937744140625
6275.0,3,750-1000 Hz,0.009573709219694138,-35.48120880126953,0.5351567268371582,0.0310603529214859,-42.48933792114258
6275.0,4,1-1.5 kHz,0.011588389053940773,-34.65177917480469,0.5318747758865356,0.031121648848056793,-42.47221374511719
6275.0,5,1.5-2.5 kHz,0.002463209442794323,-41.37699508666992,0.5477215051651001,0.020013924688100815,-46.306819915771484
6275.0,6,2.5-4 kHz,0.021213525906205177,-32.02587890625,0.5584325790405273,0.044819217175245285,-39.30418014526367
6275.0,7,>4 kHz,0.374653697013855,-19.555709838867188,0.6418304443359375,0.238213449716568,-24.794139862060547
6300.0,0,<250 Hz,0.003704612608999014,-39.60457992553711,0.5542199611663818,0.018128879368305206,-47.166046142578125
6300.0,1,250-500 Hz,0.1415809839963913,-23.781959533691406,0.5861650705337524,0.12638992071151733,-30.29921531677246
6300.0,2,500-750 Hz,0.057847823947668076,-27.669139862060547,0.5596094131469727,0.09847058355808258,-32.46733474731445
6300.0,3,750-1000 Hz,0.006651642732322216,-37.062721252441406,0.5343183279037476,0.026595760136842728,-43.83721923828125
6300.0,4,1-1.5 kHz,0.002883872017264366,-40.6922492980957,0.5292103290557861,0.016410749405622482,-48.0308952331543
6300.0,5,1.5-2.5 kHz,0.004754476714879274,-38.52098083496094,0.5484053492546082,0.024788079783320427,-44.448604583740234
6300.0,6,2.5-4 kHz,0.017002522945404053,-32.986873626708984,0.5573105812072754,0.0401722751557827,-40.25493621826172
6300.0,7,>4 kHz,0.4010815918445587,-19.259681701660156,0.6470266580581665,0.2496875375509262,-24.385526657104492
6325.0,0,<250 Hz,0.02097659558057785,-32.07465744018555,0.5584658980369568,0.04261832311749458,-39.741539001464844
6325.0,1,250-500 Hz,0.14074403047561646,-23.807708740234375,0.5859616994857788,0.12594521045684814,-30.329830169677734
6325.0,2,500-750 Hz,0.04103926196694374,-29.16001319885254,0.5550933480262756,0.0851302519440651,-33.731788635253906
6325.0,3,750-1000 Hz,0.004857632331550121,-38.427764892578125,0.5338022708892822,0.023464974015951157,-44.9250602722168
6325.0,4,1-1.5 kHz,0.00027303126989863813,-50.92988586425781,0.5284062623977661,0.00800812616944313,-54.262847900390625
6325.0,5,1.5-2.5 kHz,0.0072503769770264626,-36.68840408325195,0.5491483211517334,0.02914474532008171,-43.042259216308594
6325.0,6,2.5-4 kHz,0.014498461969196796,-33.67878723144531,0.5566408634185791,0.03716928884387016,-40.929779052734375
6325.0,7,>4 kHz,0.42619380354881287,-18.99593734741211,0.6518430709838867,0.26046785712242126,-24.018383026123047
6350.0,0,<250 Hz,0.055131375789642334,-27.878021240234375,0.5666300058364868,0.07079844176769257,-35.33298873901367
6350.0,1,250-500 Hz,0.12292927503585815,-24.395456314086914,0.5815898776054382,0.11630052328109741,-31.021831512451172
6350.0,2,500-750 Hz,0.021349111571907997,-31.998212814331055,0.5496975183486938,0.06710255146026611,-35.798683166503906
6350.0,3,750-1000 Hz,0.00418280903249979,-39.07733154296875,0.5336079001426697,0.02217898890376091,-45.41462707519531
6350.0,4,1-1.5 kHz,0.0031972089782357216,-40.24429702758789,0.5293066501617432,0.017147857695817947,-47.649269104003906
6350.0,5,1.5-2.5 kHz,0.010342339053750038,-35.14582061767578,0.5500658750534058,0.03381337970495224,-41.75169372558594
6350.0,6,2.5-4 kHz,0.012923230417072773,-34.17829895019531,0.5562186241149902,0.03516317531466484,-41.411705017089844
6350.0,7,>4 kHz,0.44900935888290405,-18.769454956054688,0.6561199426651001,0.27016681432724,-23.700824737548828
6375.0,0,<250 Hz,0.09622354805469513,-25.459196090698242,0.5760636925697327,0.09645596891641617,-32.646881103515625
6375.0,1,250-500 Hz,0.0937931016087532,-25.57029914855957,0.5742597579956055,0.09958852082490921,-32.36927795410156
6375.0,2,500-750 Hz,0.006278868764638901,-37.313194274902344,0.545488715171814,0.049938324838876724,-38.364784240722656
6375.0,3,750-1000 Hz,0.005090026184916496,-38.22480773925781,0.5338691473007202,0.023892512544989586,-44.768226623535156
6375.0,4,1-1.5 kHz,0.007312375120818615,-36.651424407958984,0.5305689573287964,0.024942029267549515,-44.39482879638672
6375.0,5,1.5-2.5 kHz,0.014261556789278984,-33.75033950805664,0.551224410533905,0.0389927513897419,-40.51378631591797
6375.0,6,2.5-4 kHz,0.011827968060970306,-34.56290817260742,0.555924654006958,0.03370477631688118,-41.77963638305664
6375.0,7,>4 kHz,0.4703527092933655,-18.567773818969727,0.6600379943847656,0.2791628837585449,-23.416311264038086
6400.0,0,<250 Hz,0.12658458948135376,-24.268199920654297,0.582775890827179,0.11307162046432495,-31.26639175415039
6400.0,1,250-500 Hz,0.06130656972527504,-27.41693878173828,0.5658125877380371,0.078797347843647,-34.40323257446289
6400.0,2,500-750 Hz,0.00024073607346508652,-51.47659683227539,0.5437828302383423,0.041367966681718826,-40.00018310546875
6400.0,3,750-1000 Hz,0.007829517126083374,-36.35466003417969,0.5346565842628479,0.02847418747842312,-43.24443817138672
6400.0,4,1-1.5 kHz,0.009357213042676449,-35.580543518066406,0.5311941504478455,0.02805483341217041,-43.37330627441406
6400.0,5,1.5-2.5 kHz,0.01807076297700405,-32.72224426269531,0.5523456335067749,0.04349461570382118,-39.564754486083984
6400.0,6,2.5-4 kHz,0.011356859467923641,-34.73942565917969,0.5557980537414551,0.033059556037187576,-41.9475212097168
6400.0,7,>4 kHz,0.4925850033760071,-18.367197036743164,0.6640366315841675,0.28844916820526123,-23.132078170776367
6425.0,0,<250 Hz,0.13039475679397583,-24.139408111572266,0.5836033225059509,0.11506824195384979,-31.11435317993164
6425.0,1,250-500 Hz,0.032848894596099854,-30.126802444458008,0.5581648349761963,0.05686379596590996,-37.23674774169922
6425.0,2,500-750 Hz,0.002939131110906601,-40.60981750488281,0.5445466041564941,0.04538065940141678,-39.196048736572266
6425.0,3,750-1000 Hz,0.011796730570495129,-34.57439041137695,0.5357928276062012,0.03409310430288315,-41.68013000488281
6425.0,4,1-1.5 kHz,0.011508637107908726,-34.68177032470703,0.5318504571914673,0.031017359346151352,-42.50136947631836
6425.0,5,1.5-2.5 kHz,0.0198868028819561,-32.306358337402344,0.5528784990310669,0.045502759516239166,-39.17271041870117
6425.0,6,2.5-4 kHz,0.012527849525213242,-34.3132438659668,0.55611252784729,0.03464357554912567,-41.54100799560547
6425.0,7,>4 kHz,0.5184847116470337,-18.144649505615234,0.6685916781425476,0.2991926372051239,-22.81444549560547
6450.0,0,<250 Hz,0.10431307554244995,-25.10862159729004,0.5778729915618896,0.10102340579032898,-32.24502182006836
6450.0,1,250-500 Hz,0.013007350265979767,-34.15011978149414,0.5526896715164185,0.03619801998138428,-41.159767150878906
6450.0,2,500-750 Hz,0.010270076803863049,-35.176273345947266,0.5466101765632629,0.05493716523051262,-37.53614044189453
6450.0,3,750-1000 Hz,0.015493744984269142,-33.390445709228516,0.5368472933769226,0.038656555116176605,-40.58899688720703
6450.0,4,1-1.5 kHz,0.02051841840147972,-32.170570373535156,0.5345826148986816,0.04135676845908165,-40.002532958984375
6450.0,5,1.5-2.5 kHz,0.018237153068184853,-32.682437896728516,0.5523945093154907,0.04368184506893158,-39.527442932128906
6450.0,6,2.5-4 kHz,0.017173493281006813,-32.943424224853516,0.5573562383651733,0.04037049412727356,-40.212181091308594
6450.0,7,>4 kHz,0.5496971607208252,-17.890775680541992,0.6739383339881897,0.31200191378593445,-22.4503173828125
6475.0,0,<250 Hz,0.060973525047302246,-27.440595626831055,0.5679965615272522,0.07478565722703934,-34.85709762573242
6475.0,1,250-500 Hz,0.0027540260925889015,-40.892330169677734,0.5498130321502686,0.019110817462205887,-46.70787811279297
6475.0,2,500-750 Hz,0.017011743038892746,-32.984519958496094,0.5484932661056519,0.06258111447095871,-36.404598236083984
6475.0,3,750-1000 Hz,0.017194101586937904,-32.93821334838867,0.5373308658599854,0.040600940585136414,-40.16273880004883
6475.0,4,1-1.5 kHz,0.04126686602830887,-29.13599395751953,0.5407760143280029,0.05940830707550049,-36.85652160644531
6475.0,5,1.5-2.5 kHz,0.013357246294617653,-34.03483963012695,0.5509575605392456,0.03785454481840134,-40.77110290527344
6475.0,6,2.5-4 kHz,0.02693716436624527,-30.98849105834961,0.5599492788314819,0.05054086819291115,-38.2606086730957
6475.0,7,>4 kHz,0.5856238603591919,-17.615821838378906,0.6799072027206421,0.3265833556652069,-22.0535831451416
6500.0,0,<250 Hz,0.021722694858908653,-31.92287254333496,0.5586475133895874,0.0433880016207695,-39.5860710144043
6500.0,1,250-500 Hz,5.8925405028276145e-05,-57.58898162841797,0.5490514039993286,0.011058488860726357,-51.45954513549805
6500.0,2,500-750 Hz,0.019751861691474915,-32.33592987060547,0.5492546558380127,0.06546798348426819,-36.01288604736328
6500.0,3,750-1000 Hz,0.015902306884527206,-33.277408599853516,0.5369635820388794,0.039131540805101395,-40.48292541503906
6500.0,4,1-1.5 kHz,0.06984277069568634,-26.85079574584961,0.5490865111351013,0.07908305525779724,-34.371795654296875
6500.0,5,1.5-2.5 kHz,0.007237962447106838,-36.69584655761719,0.5491446256637573,0.0291246697306633,-43.04824447631836
6500.0,6,2.5-4 kHz,0.041406404227018356,-29.121334075927734,0.5637410879135132,0.06307727843523026,-36.33600616455078
6500.0,7,>4 kHz,0.6234060525894165,-17.34429931640625,0.6859792470932007,0.3417392373085022,-21.65956687927246
6525.0,0,<250 Hz,0.0031609907746315002,-40.29377365112305,0.5540850162506104,0.016827421262860298,-47.813114166259766
6525.0,1,250-500 Hz,0.0014630776131525636,-43.63933563232422,0.5494484901428223,0.015764648094773293,-48.37977981567383
6525.0,2,500-750 Hz,0.01845191791653633,-32.631595611572266,0.5488937497138977,0.064112089574337,-36.194664001464844
6525.0,3,750-1000 Hz,0.011994107626378536,-34.5023307800293,0.5358492136001587,0.03435048088431358,-41.61480712890625
6525.0,4,1-1.5 kHz,0.09289485216140747,-25.612091064453125,0.5556114315986633,0.09294193238019943,-32.96923065185547
6525.0,5,1.5-2.5 kHz,0.0023638084530830383,-41.555885314941406,0.547691822052002,0.019781988114118576,-46.40806579589844
6525.0,6,2.5-4 kHz,0.056637395173311234,-27.760974884033203,0.5676681995391846,0.07448427379131317,-34.892173767089844
6525.0,7,>4 kHz,0.6590070724487305,-17.103107452392578,0.691517174243927,0.3558579087257385,-21.307933807373047
6550.0,0,<250 Hz,0.007096945308148861,-36.78129577636719,0.5550602674484253,0.024776114150881767,-44.45280075073242
6550.0,1,250-500 Hz,0.0038384883664548397,-39.450408935546875,0.5501188039779663,0.021529752761125565,-45.67268371582031
6550.0,2,500-750 Hz,0.015888303518295288,-33.28123474121094,0.5481804609298706,0.0613645538687706,-36.575111389160156
6550.0,3,750-1000 Hz,0.007116218097507954,-36.76951599121094,0.5344518423080444,0.027351154014468193,-43.59394836425781
6550.0,4,1-1.5 kHz,0.09559124708175659,-25.48782730102539,0.5563644766807556,0.09448806941509247,-32.825923919677734
6550.0,5,1.5-2.5 kHz,0.00017881381791085005,-52.76799774169922,0.5470379590988159,0.013749000616371632,-49.56804275512695
6550.0,6,2.5-4 kHz,0.06583616137504578,-27.107364654541016,0.5700086355209351,0.08081002533435822,-34.18415832519531
6550.0,7,>4 kHz,0.6887340545654297,-16.9114933013916,0.6960104703903198,0.36753129959106445,-21.027576446533203
6575.0,0,<250 Hz,0.02127399668097496,-32.013519287109375,0.5585383176803589,0.042926155030727386,-39.67902374267578
6575.0,1,250-500 Hz,0.005567764863371849,-37.835201263427734,0.5506057143211365,0.024923546239733696,-44.401268005371094
6575.0,2,500-750 Hz,0.015469620935618877,-33.397212982177734,0.5480637550354004,0.06090591102838516,-36.64027404785156
6575.0,3,750-1000 Hz,0.003389577381312847,-39.99055480957031,0.5333792567253113,0.020569264888763428,-46.069087982177734
6575.0,4,1-1.5 kHz,0.07309618592262268,-26.65306282043457,0.5500169396400452,0.08112082630395889,-34.15081787109375
6575.0,5,1.5-2.5 kHz,0.00044108915608376265,-48.846744537353516,0.5471165180206299,0.014602361246943474,-49.04499816894531
6575.0,6,2.5-4 kHz,0.0628674328327179,-27.307750701904297,0.5692558288574219,0.0788060650229454,-34.40227127075195
6575.0,7,>4 kHz,0.7103614211082458,-16.77721405029297,0.6992073059082031,0.3759608864784241,-20.830610275268555
6600.0,0,<250 Hz,0.030015412718057632,-30.518566131591797,0.5606560111045837,0.05127784609794617,-38.13486862182617
6600.0,1,250-500 Hz,0.006710893474519253,-37.024208068847656,0.5509270429611206,0.026943029835820198,-43.72453689575195
6600.0,2,500-750 Hz,0.018836162984371185,-32.542083740234375,0.5490005016326904,0.06451550871133804,-36.14018249511719
6600.0,3,750-1000 Hz,0.0023433673195540905,-41.593605041503906,0.5330773591995239,0.018238062039017677,-47.1138916015625
6600.0,4,1-1.5 kHz,0.036443062126636505,-29.675861358642578,0.5393481850624084,0.055627837777137756,-37.42761993408203
6600.0,5,1.5-2.5 kHz,0.0017983878497034311,-42.74317932128906,0.5475227236747742,0.018407005816698074,-47.0338020324707
6600.0,6,2.5-4 kHz,0.047019656747579575,-28.5692138671875,0.5651960372924805,0.06744465231895447,-35.754512786865234
6600.0,7,>4 kHz,0.7234192490577698,-16.698108673095703,0.7011086940765381,0.3810243308544159,-20.71440887451172
6625.0,0,<250 Hz,0.026328930631279945,-31.087677001953125,0.5597653985023499,0.04790518060326576,-38.72581481933594
6625.0,1,250-500 Hz,0.00821028370410204,-36.1484260559082,0.5513479113578796,0.029392823576927185,-42.9686393737793
6625.0,2,500-750 Hz,0.02474195696413517,-31.357669830322266,0.5506355166435242,0.07047004997730255,-35.373374938964844
6625.0,3,750-1000 Hz,0.0041649602353572845,-39.09590148925781,0.5336027145385742,0.022144000977277756,-45.4283447265625
6625.0,4,1-1.5 kHz,0.006894303951412439,-36.9071044921875,0.5304409861564636,0.024263259023427963,-44.63447952270508
6625.0,5,1.5-2.5 kHz,0.002908595371991396,-40.655174255371094,0.5478545427322388,0.02102373167872429,-45.879268646240234
6625.0,6,2.5-4 kHz,0.02567780390381813,-31.196430206298828,0.5596163868904114,0.04933185875415802,-38.47091293334961
6625.0,7,>4 kHz,0.7287639379501343,-16.666141510009766,0.7018808126449585,0.3830902874469757,-20.66744041442871
6650.0,0,<250 Hz,0.01610657200217247,-33.22197723388672,0.5572768449783325,0.03725641220808029,-40.90944290161133
6650.0,1,250-500 Hz,0.010746520012617111,-34.979331970214844,0.552058219909668,0.033151015639305115,-41.923526763916016
6650.0,2,500-750 Hz,0.029844477772712708,-30.54336929321289,0.5520397424697876,0.07530130445957184,-34.79741668701172
6650.0,3,750-1000 Hz,0.007641264237463474,-36.460357666015625,0.5346025824546814,0.028181832283735275,-43.33407974243164
6650.0,4,1-1.5 kHz,0.0017218472203239799,-42.93206024169922,0.5288527011871338,0.013336294330656528,-49.832759857177734
6650.0,5,1.5-2.5 kHz,0.0032113147899508476,-40.225181579589844,0.547944962978363,0.02168421447277069,-45.61058807373047
6650.0,6,2.5-4 kHz,0.012116141617298126,-34.45836639404297,0.5560020208358765,0.034100018441677094,-41.67837142944336
6650.0,7,>4 kHz,0.7278794050216675,-16.67141342163086,0.7017533183097839,0.3827478587627411,-20.675209045410156
6675.0,0,<250 Hz,0.011570485308766365,-34.65849304199219,0.5561636090278625,0.03154965117573738,-42.353572845458984
6675.0,1,250-500 Hz,0.013985946774482727,-33.83509063720703,0.5529625415802002,0.037445493042469025,-40.865474700927734
6675.0,2,500-750 Hz,0.030848268419504166,-30.399702072143555,0.5523149967193604,0.07622265815734863,-34.69178009033203
6675.0,3,750-1000 Hz,0.01080478448420763,-34.955848693847656,0.5355092287063599,0.032771676778793335,-42.02349090576172
6675.0,4,1-1.5 kHz,0.021665038540959358,-31.93441390991211,0.5349285006523132,0.04251258075237274,-39.76311492919922
6675.0,5,1.5-2.5 kHz,0.0029836450703442097,-40.54454040527344,0.5478769540786743,0.021189549937844276,-45.81102752685547
6675.0,6,2.5-4 kHz,0.018563877791166306,-32.60531997680664,0.5577272176742554,0.04195287078619003,-39.878231048583984
6675.0,7,>4 kHz,0.7222472429275513,-16.705150604248047,0.7009389400482178,0.3805693984031677,-20.724788665771484
6700.0,0,<250 Hz,0.019801262766122818,-32.32508087158203,0.558179497718811,0.041380226612091064,-39.99760437011719
6700.0,1,250-500 Hz,0.016681501641869545,-33.06965637207031,0.5537126064300537,0.04070586711168289,-40.140323638916016
6700.0,2,500-750 Hz,0.026530371978878975,-31.054574966430664,0.5511285662651062,0.07219287008047104,-35.163578033447266
6700.0,3,750-1000 Hz,0.01194288581609726,-34.52091598510742,0.535834550857544,0.03428391367197037,-41.631656646728516
6700.0,4,1-1.5 kHz,0.050053395330905914,-28.29767417907715,0.5433579683303833,0.06588016450405121,-35.958370208740234
6700.0,5,1.5-2.5 kHz,0.0030025476589798927,-40.517112731933594,0.547882616519928,0.0212312713265419,-45.7939453125
6700.0,6,2.5-4 kHz,0.04829641059041023,-28.452861785888672,0.5655256509780884,0.0684092566370964,-35.631168365478516
6700.0,7,>4 kHz,0.7128587961196899,-16.761974334716797,0.6995725631713867,0.3769301474094391,-20.808246612548828
6725.0,0,<250 Hz,0.03602883964776993,-29.725505828857422,0.5621011853218079,0.05642151087522507,-37.304569244384766
6725.0,1,250-500 Hz,0.017513208091259003,-32.85835266113281,0.5539436340332031,0.041665855795145035,-39.93785858154297
6725.0,2,500-750 Hz,0.018413465470075607,-32.640655517578125,0.5488830804824829,0.06407149881124496,-36.200164794921875
6725.0,3,750-1000 Hz,0.010477123782038689,-35.0895881652832,0.5354154109954834,0.03232431784272194,-42.14287567138672
6725.0,4,1-1.5 kHz,0.06501474976539612,-27.16189193725586,0.5476999282836914,0.07600194215774536,-34.71697235107422
6725.0,5,1.5-2.5 kHz,0.004233773332089186,-39.02473449707031,0.548250138759613,0.023784780874848366,-44.80747985839844
6725.0,6,2.5-4 kHz,0.09199663996696472,-25.65428924560547,0.5765388607978821,0.09729217737913132,-32.571903228759766
6725.0,7,>4 kHz,0.6997844576835632,-16.84236717224121,0.6976513266563416,0.3718452453613281,-20.926219940185547
6750.0,0,<250 Hz,0.04725205898284912,-28.547801971435547,0.5647733211517334,0.06515724211931229,-36.0542106628418
6750.0,1,250-500 Hz,0.016022924333810806,-33.244590759277344,0.5535296201705933,0.03993108868598938,-40.3072395324707
6750.0,2,500-750 Hz,0.00972816627472639,-35.41169738769531,0.5464581847190857,0.054282329976558685,-37.640296936035156
6750.0,3,750-1000 Hz,0.007301763631403446,-36.65773010253906,0.5345050692558289,0.027647368609905243,-43.500389099121094
6750.0,4,1-1.5 kHz,0.055976949632167816,-27.81191635131836,0.5450851917266846,0.07000288367271423,-35.43114471435547
6750.0,5,1.5-2.5 kHz,0.00754319503903389,-36.516456604003906,0.5492353439331055,0.029616596177220345,-42.90275955200195
6750.0,6,2.5-4 kHz,0.13149894773960114,-24.102785110473633,0.5860601663589478,0.11956232041120529,-30.78157615661621
6750.0,7,>4 kHz,0.681899905204773,-16.954801559448242,0.6949877738952637,0.3648574948310852,-21.090999603271484
6775.0,0,<250 Hz,0.04317305237054825,-28.93988037109375,0.563805878162384,0.06209062784910202,-36.47294235229492
6775.0,1,250-500 Hz,0.012941990979015827,-34.1719970703125,0.552671492099762,0.03611215576529503,-41.180397033691406
6775.0,2,500-750 Hz,0.0035006029065698385,-39.850582122802734,0.5447052717208862,0.046175163239240646,-39.04529571533203
6775.0,3,750-1000 Hz,0.004427878186106682,-38.83005142211914,0.5336785316467285,0.02265421859920025,-45.23048400878906
6775.0,4,1-1.5 kHz,0.03184805437922478,-30.261180877685547,0.537981390953064,0.05183672904968262,-38.04071044921875
6775.0,5,1.5-2.5 kHz,0.0131892254576087,-34.08981704711914,0.5509079694747925,0.037640027701854706,-40.820465087890625
6775.0,6,2.5-4 kHz,0.14932182431221008,-23.550777435302734,0.5902279615402222,0.1289542317390442,-30.124752044677734
6775.0,7,>4 kHz,0.6570817828178406,-17.115814208984375,0.691222071647644,0.35509827733039856,-21.326492309570312
6800.0,0,<250 Hz,0.02537669613957405,-31.247657775878906,0.5595347881317139,0.04700090363621712,-38.89133834838867
6800.0,1,250-500 Hz,0.00970388762652874,-35.422550201416016,0.5517664551734924,0.03165607154369354,-42.32432556152344
6800.0,2,500-750 Hz,0.0010705357417464256,-44.99599838256836,0.5440179705619812,0.04263853281736374,-39.73741912841797
6800.0,3,750-1000 Hz,0.0040840813890099525,-39.18106460571289,0.5335794687271118,0.021985134109854698,-45.49087905883789
6800.0,4,1-1.5 kHz,0.014268247410655022,-33.7483024597168,0.5326900482177734,0.034478560090065,-41.58248519897461
6800.0,5,1.5-2.5 kHz,0.020117854699492455,-32.256195068359375,0.5529462099075317,0.04575299844145775,-39.12507247924805
6800.0,6,2.5-4 kHz,0.13838255405426025,-23.881196975708008,0.5876790881156921,0.1232287660241127,-30.519222259521484
6800.0,7,>4 kHz,0.6230822801589966,-17.346555709838867,0.6859280467033386,0.3416095972061157,-21.66286277770996
6825.0,0,<250 Hz,0.007059750612825155,-36.804115295410156,0.5550510883331299,0.02471281960606575,-44.47501754760742
6825.0,1,250-500 Hz,0.0075177098624408245,-36.531150817871094,0.5511536002159119,0.028286060318350792,-43.30201721191406
6825.0,2,500-750 Hz,0.001936742221005261,-42.421295166015625,0.5442631244659424,0.04392906650900841,-39.478424072265625
6825.0,3,750-1000 Hz,0.007682153955101967,-36.43717956542969,0.5346143245697021,0.028245847672224045,-43.314369201660156
6825.0,4,1-1.5 kHz,0.020857203751802444,-32.099449157714844,0.5346848964691162,0.041702933609485626,-39.93013000488281
6825.0,5,1.5-2.5 kHz,0.025773536413908005,-31.180269241333008,0.5545984506607056,0.05154934525489807,-38.0890007019043
6825.0,6,2.5-4 kHz,0.10575387626886368,-25.049047470092773,0.5799002647399902,0.10532772541046143,-31.882610321044922
6825.0,7,>4 kHz,0.5789061784744263,-17.66592788696289,0.6788058280944824,0.323869913816452,-22.126052856445312
6850.0,0,<250 Hz,0.003266568761318922,-40.151092529296875,0.5541112422943115,0.017085453495383263,-47.68093490600586
6850.0,1,250-500 Hz,0.006701030768454075,-37.03059387207031,0.5509243011474609,0.02692617103457451,-43.72997283935547
6850.0,2,500-750 Hz,0.004736738279461861,-38.53721618652344,0.5450541377067566,0.04788226634263992,-38.7299690246582
6850.0,3,750-1000 Hz,0.015066936612129211,-33.51176071166992,0.5367257595062256,0.038154784590005875,-40.702484130859375
6850.0,4,1-1.5 kHz,0.05119672045111656,-28.199586868286133,0.5436922311782837,0.06668847799301147,-35.852447509765625
6850.0,5,1.5-2.5 kHz,0.027190662920475006,-30.947811126708984,0.5550108551979065,0.0529179684817791,-37.86140060424805
6850.0,6,2.5-4 kHz,0.06810207664966583,-26.960407257080078,0.5705815553665161,0.08231893926858902,-34.023468017578125
6850.0,7,>4 kHz,0.5260276794433594,-18.081924438476562,0.6698978543281555,0.30230021476745605,-22.724695205688477
6875.0,0,<250 Hz,0.01923380047082901,-32.451358795166016,0.5580410957336426,0.04076985642313957,-40.12668228149414
6875.0,1,250-500 Hz,0.00676107220351696,-36.991851806640625,0.5509411692619324,0.027028251439332962,-43.697105407714844
6875.0,2,500-750 Hz,0.008446255698800087,-36.025367736816406,0.5460983514785767,0.05270492285490036,-37.89643859863281
6875.0,3,750-1000 Hz,0.024419913068413734,-31.414567947387695,0.5393761396408081,0.04809662327170372,-38.6911735534668
6875.0,4,1-1.5 kHz,0.08638094365596771,-25.92782974243164,0.5537835359573364,0.08915107697248459,-33.3309326171875
6875.0,5,1.5-2.5 kHz,0.02329237014055252,-31.619873046875,0.5538748502731323,0.0490778349339962,-38.51575469970703
6875.0,6,2.5-4 kHz,0.0418233647942543,-29.07781982421875,0.5638494491577148,0.06341210007667542,-36.29001998901367
6875.0,7,>4 kHz,0.46865665912628174,-18.58346176147461,0.659729540348053,0.27845048904418945,-23.43850326538086
6900.0,0,<250 Hz,0.04600759223103523,-28.663713455200195,0.5644786357879639,0.06423225998878479,-36.178401947021484
6900.0,1,250-500 Hz,0.007008610293269157,-36.835689544677734,0.5510106682777405,0.02744561806321144,-43.564002990722656
6900.0,2,500-750 Hz,0.012819021008908749,-34.213462829589844,0.5473238229751587,0.057929713279008865,-37.075435638427734
6900.0,3,750-1000 Hz,0.032870616763830185,-30.123929977416992,0.5417483448982239,0.05577915906906128,-37.40402603149414
6900.0,4,1-1.5 kHz,0.10255681723356247,-25.182363510131836,0.5583000183105469,0.09842387586832047,-32.47145462036133
6900.0,5,1.5-2.5 kHz,0.01690455712378025,-33.01197052001953,0.5520028471946716,0.04216241091489792,-39.83495330810547
6900.0,6,2.5-4 kHz,0.034265387803316116,-29.943450927734375,0.5618772506713867,0.05716638267040253,-37.190650939941406
6900.0,7,>4 kHz,0.41286012530326843,-19.13397979736328,0.6493001580238342,0.2547580897808075,-24.21090316772461
6925.0,0,<250 Hz,0.06675762683153152,-27.047000885009766,0.5693410634994507,0.07859881967306137,-34.42514419555664
6925.0,1,250-500 Hz,0.0071790399961173534,-36.731346130371094,0.5510585308074951,0.027729585766792297,-43.4745979309082
6925.0,2,500-750 Hz,0.017866168171167374,-32.77169418334961,0.5487309694290161,0.06349312514066696,-36.2789306640625
6925.0,3,750-1000 Hz,0.0375884510576725,-29.54146385192871,0.5430634021759033,0.059719644486904144,-36.811119079589844
6925.0,4,1-1.5 kHz,0.0882030501961708,-25.837173461914062,0.5542961359024048,0.09022058546543121,-33.227352142333984
6925.0,5,1.5-2.5 kHz,0.014510481618344784,-33.67518997192383,0.5512977838516235,0.039302702993154526,-40.44501876831055
6925.0,6,2.5-4 kHz,0.041393689811229706,-29.12266731262207,0.5637377500534058,0.06306909769773483,-36.33713150024414
6925.0,7,>4 kHz,0.3649756908416748,-19.669368743896484,0.6398939490318298,0.23397724330425262,-24.94999122619629
6950.0,0,<250 Hz,0.06889958679676056,-26.90984344482422,0.5698368549346924,0.07997915148735046,-34.27392578125
6950.0,1,250-500 Hz,0.007487195078283548,-36.5488166809082,0.551145076751709,0.02823614701628685,-43.31735610961914
6950.0,2,500-750 Hz,0.023017607629299164,-31.67140769958496,0.550159215927124,0.06877541542053223,-35.584800720214844
6950.0,3,750-1000 Hz,0.036904629319906235,-29.621200561523438,0.542873203754425,0.05916115641593933,-36.892730712890625
6950.0,4,1-1.5 kHz,0.052208758890628815,-28.11457633972168,0.5439877510070801,0.06739841401576996,-35.76047134399414
6950.0,5,1.5-2.5 kHz,0.02295924536883831,-31.68243408203125,0.5537775754928589,0.04873916134238243,-38.575904846191406
6950.0,6,2.5-4 kHz,0.05262255668640137,-28.080289840698242,0.5666393637657166,0.07160711288452148,-35.23434066772461
6950.0,7,>4 kHz,0.33019009232521057,-20.1043701171875,0.6327800750732422,0.21857939660549164,-25.541278839111328
6975.0,0,<250 Hz,0.05279164761304855,-28.066356658935547,0.5660803318023682,0.06915924698114395,-35.53645706176758
6975.0,1,250-500 Hz,0.008131221868097782,-36.19044876098633,0.5513257384300232,0.029268154874444008,-43.005558013916016
6975.0,2,500-750 Hz,0.02686181105673313,-31.000656127929688,0.5512198209762573,0.07250849902629852,-35.12568664550781
6975.0,3,750-1000 Hz,0.03097810409963131,-30.381460189819336,0.5412189960479736,0.05413571745157242,-37.663787841796875
6975.0,4,1-1.5 kHz,0.01704595610499382,-32.97579574584961,0.5335327386856079,0.037669140845537186,-40.813751220703125
6975.0,5,1.5-2.5 kHz,0.044665440917015076,-28.792293548583984,0.5600435137748718,0.06795360147953033,-35.68921661376953
6975.0,6,2.5-4 kHz,0.05874139070510864,-27.602567672729492,0.5682055950164795,0.07596384733915329,-34.7213249206543
6975.0,7,>4 kHz,0.31188681721687317,-20.352039337158203,0.6289376020431519,0.21036101877689362,-25.87415885925293
7000.0,0,<250 Hz,0.030664417892694473,-30.425662994384766,0.5608124732971191,0.0518522635102272,-38.038108825683594
7000.0,1,250-500 Hz,0.008765134960412979,-35.86442184448242,0.5515034794807434,0.030251678079366684,-42.718475341796875
7000.0,2,500-750 Hz,0.027836289256811142,-30.84589385986328,0.5514880418777466,0.07343024760484695,-35.01596450805664
7000.0,3,750-1000 Hz,0.021708045154809952,-31.92580223083496,0.5386104583740234,0.04540781304240227,-39.190853118896484
7000.0,4,1-1.5 kHz,0.0026517705991864204,-41.0566520690918,0.5291389226913452,0.015846138820052147,-48.33499526977539
7000.0,5,1.5-2.5 kHz,0.0745704174041748,-26.566343307495117,0.568435788154602,0.08922388404607773,-33.3238410949707
7000.0,6,2.5-4 kHz,0.05723878741264343,-27.715106964111328,0.5678219199180603,0.07490985840559006,-34.84268569946289
7000.0,7,>4 kHz,0.3115714490413666,-20.356433868408203,0.6288707852363586,0.21021835505962372,-25.880050659179688
7025.0,0,<250 Hz,0.017093949019908905,-32.963584899902344,0.557518482208252,0.03839775174856186,-40.6473503112793
7025.0,1,250-500 Hz,0.00854410044848919,-35.975345611572266,0.5514415502548218,0.02991212159395218,-42.81652069091797
7025.0,2,500-750 Hz,0.025363890454173088,-31.249849319458008,0.5508070588111877,0.07107288390398026,-35.29938507080078
7025.0,3,750-1000 Hz,0.01195027120411396,-34.51823425292969,0.5358366966247559,0.034293510019779205,-41.62922286987305
7025.0,4,1-1.5 kHz,0.013244923204183578,-34.07151412963867,0.5323790311813354,0.033231012523174286,-41.90259552001953
7025.0,5,1.5-2.5 kHz,0.1015239879488945,-25.2263240814209,0.5757700204849243,0.10595200955867767,-31.831281661987305
7025.0,6,2.5-4 kHz,0.05186862871050835,-28.142963409423828,0.5664456486701965,0.07105670124292374,-35.30136489868164
7025.0,7,>4 kHz,0.3287816047668457,-20.12293243408203,0.6324868202209473,0.21794895827770233,-25.566368103027344
7050.0,0,<250 Hz,0.01854262501001358,-32.61029815673828,0.5578724145889282,0.04001788794994354,-40.28838348388672
7050.0,1,250-500 Hz,0.006845125928521156,-36.938194274902344,0.5509647727012634,0.027170535176992416,-43.6515007019043
7050.0,2,500-750 Hz,0.020489521324634552,-32.176692962646484,0.5494593381881714,0.06622704863548279,-35.912757873535156
7050.0,3,750-1000 Hz,0.0043972209095954895,-38.860225677490234,0.5336697101593018,0.022595450282096863,-45.25304412841797
7050.0,4,1-1.5 kHz,0.036312829703092575,-29.691408157348633,0.5393096208572388,0.0555235892534256,-37.44391632080078
7050.0,5,1.5-2.5 kHz,0.11388273537158966,-24.72743034362793,0.5790623426437378,0.11314700543880463,-31.260602951049805
7050.0,6,2.5-4 kHz,0.04779476672410965,-28.498207092285156,0.5653961896896362,0.06803189963102341,-35.6792106628418
7050.0,7,>4 kHz,0.36048105359077454,-19.72318458557129,0.6389883756637573,0.23200172185897827,-25.023639678955078
7075.0,0,<250 Hz,0.029714692384004593,-30.56229591369629,0.5605834722518921,0.05100913345813751,-38.18050765991211
7075.0,1,250-500 Hz,0.004141333047300577,-39.12060546875,0.5502041578292847,0.0221601203083992,-45.422019958496094
7075.0,2,500-750 Hz,0.015402953140437603,-33.41596984863281,0.5480451583862305,0.060832440853118896,-36.650760650634766
7075.0,3,750-1000 Hz,0.0006434692186303437,-47.206729888916016,0.5325860977172852,0.013651380315423012,-49.62993240356445
7075.0,4,1-1.5 kHz,0.05338797718286514,-28.017576217651367,0.5443316698074341,0.06822162866592407,-35.655025482177734
7075.0,5,1.5-2.5 kHz,0.10606652498245239,-25.036224365234375,0.576985239982605,0.10862485319375992,-31.614879608154297
7075.0,6,2.5-4 kHz,0.04670514911413193,-28.59836196899414,0.5651147365570068,0.06720606982707977,-35.78529357910156
7075.0,7,>4 kHz,0.4003235399723053,-19.267898559570312,0.6468794345855713,0.2493593990802765,-24.396949768066406
7100.0,0,<250 Hz,0.03881678357720375,-29.40181541442871,0.5627679824829102,0.058684300631284714,-36.96302795410156
7100.0,1,250-500 Hz,0.002227096352726221,-41.81461715698242,0.549664318561554,0.017818141728639603,-47.31621551513672
7100.0,2,500-750 Hz,0.012109803035855293,-34.460636138916016,0.5471253991127014,0.057110875844955444,-37.19908905029297
7100.0,3,750-1000 Hz,0.0008102701976895332,-46.205711364746094,0.5326343774795532,0.014165692031383514,-49.30870819091797
7100.0,4,1-1.5 kHz,0.05361318960785866,-27.99929428100586,0.544397234916687,0.06837760657072067,-35.63518524169922
7100.0,5,1.5-2.5 kHz,0.08167558908462524,-26.171085357666016,0.5703899264335632,0.09379950165748596,-32.88945388793945
7100.0,6,2.5-4 kHz,0.045704059302806854,-28.692462921142578,0.5648558139801025,0.06644044071435928,-35.88481521606445
7100.0,7,>4 kHz,0.4387472867965698,-18.86986541748047,0.654207706451416,0.2658155858516693,-23.841856002807617
7125.0,0,<250 Hz,0.037036240100860596,-29.605741500854492,0.5623424053192139,0.057247407734394073,-37.178348541259766
7125.0,1,250-500 Hz,0.0034185254480689764,-39.95362091064453,0.5500004291534424,0.020625371485948563,-46.04542541503906
7125.0,2,500-750 Hz,0.011205322109162807,-34.797767639160156,0.5468722581863403,0.056051380932331085,-37.36174011230469
7125.0,3,750-1000 Hz,0.0037952461279928684,-39.499610900878906,0.5334962010383606,0.02140696719288826,-45.72235870361328
7125.0,4,1-1.5 kHz,0.04002084955573082,-29.269145965576172,0.5404078364372253,0.05844980850815773,-36.997802734375
7125.0,5,1.5-2.5 kHz,0.05109386518597603,-28.208322525024414,0.5618706941604614,0.07287973165512085,-35.081329345703125
7125.0,6,2.5-4 kHz,0.040412988513708115,-29.22679901123047,0.5634827017784119,0.06228090450167656,-36.44636535644531
7125.0,7,>4 kHz,0.46474355459213257,-18.619876861572266,0.659015953540802,0.2768065929412842,-23.48993492126465
7150.0,0,<250 Hz,0.024825263768434525,-31.34307098388672,0.5594010353088379,0.04647117108106613,-38.98979187011719
7150.0,1,250-500 Hz,0.0091011431068182,-35.7010498046875,0.5515977144241333,0.030761469155550003,-42.57332229614258
7150.0,2,500-750 Hz,0.011651797220110893,-34.628082275390625,0.5469972491264343,0.0565764494240284,-37.2807502746582
7150.0,3,750-1000 Hz,0.007895910181105137,-36.31798553466797,0.534675657749176,0.028576578944921494,-43.2132568359375
7150.0,4,1-1.5 kHz,0.02494657039642334,-31.3218994140625,0.5359159111976624,0.04568810015916824,-39.13740158081055
7150.0,5,1.5-2.5 kHz,0.025215990841388702,-31.275249481201172,0.5544360280036926,0.05100307613611221,-38.18153762817383
7150.0,6,2.5-4 kHz,0.029285535216331482,-30.625476837158203,0.5605688095092773,0.05273650586605072,-37.891239166259766
7150.0,7,>4 kHz,0.4690544903278351,-18.579776763916016,0.6598019599914551,0.2786191701889038,-23.433244705200195
7175.0,0,<250 Hz,0.010678932070732117,-35.00672912597656,0.5559441447257996,0.0303118247538805,-42.70122146606445
7175.0,1,250-500 Hz,0.01857711933553219,-32.60222625732422,0.5542387962341309,0.04286652058362961,-39.69110107421875
7175.0,2,500-750 Hz,0.011689716950058937,-34.61396789550781,0.5470078587532043,0.05662080645561218,-37.27394485473633
7175.0,3,750-1000 Hz,0.011439796537160873,-34.70782470703125,0.5356907844543457,0.0336231030523777,-41.80070877075195
7175.0,4,1-1.5 kHz,0.0194825641810894,-32.39554977416992,0.5342698097229004,0.04028817266225815,-40.22991180419922
7175.0,5,1.5-2.5 kHz,0.009667853824794292,-35.4387092590332,0.5498660206794739,0.03284888714551926,-42.0030517578125
7175.0,6,2.5-4 kHz,0.015415090136229992,-33.41254806518555,0.5568862557411194,0.038292646408081055,-40.67115783691406
7175.0,7,>4 kHz,0.44744521379470825,-18.784610748291016,0.655829668045044,0.26950615644454956,-23.722091674804688
7200.0,0,<250 Hz,0.004071209114044905,-39.19477462768555,0.5543109178543091,0.01895139180123806,-46.780643463134766
7200.0,1,250-500 Hz,0.029043113812804222,-30.661579132080078,0.5571238994598389,0.05343171954154968,-37.77748107910156
7200.0,2,500-750 Hz,0.010153044946491718,-35.22604751586914,0.5465773344039917,0.05479620397090912,-37.55845642089844
7200.0,3,750-1000 Hz,0.013200628571212292,-34.086063385009766,0.5361937284469604,0.035887595266103745,-41.234580993652344
7200.0,4,1-1.5 kHz,0.025578685104846954,-31.213226318359375,0.536105751991272,0.046278215944767,-39.02593231201172
7200.0,5,1.5-2.5 kHz,0.0033110561780631542,-40.09234619140625,0.547974705696106,0.021898910403251648,-45.5250129699707
7200.0,6,2.5-4 kHz,0.004397158045321703,-38.860286712646484,0.5539204478263855,0.021547425538301468,-45.66555404663086
7200.0,7,>4 kHz,0.4023325741291046,-19.246156692504883,0.6472693681716919,0.25022730231285095,-24.366769790649414
7225.0,0,<250 Hz,0.008400453254580498,-36.048980712890625,0.5553823113441467,0.026914572343230247,-43.73371505737305
7225.0,1,250-500 Hz,0.03681328147649765,-29.63196563720703,0.5592445135116577,0.060272037982940674,-36.73114776611328
7225.0,2,500-750 Hz,0.007194632198661566,-36.721923828125,0.5457465052604675,0.05112321302294731,-38.161102294921875
7225.0,3,750-1000 Hz,0.012613288126885891,-34.28372573852539,0.5360260605812073,0.035146936774253845,-41.415714263916016
7225.0,4,1-1.5 kHz,0.03619613125920296,-29.70538902282715,0.5392749309539795,0.055429454892873764,-37.45865249633789
7225.0,5,1.5-2.5 kHz,0.0014843493700027466,-43.57664489746094,0.5474287867546082,0.017599327489733696,-47.423545837402344
7225.0,6,2.5-4 kHz,0.0001231622591149062,-54.387229919433594,0.552760124206543,0.009255791082978249,-53.00519561767578
7225.0,7,>4 kHz,0.3419579863548279,-19.952281951904297,0.6352139711380005,0.22381839156150818,-25.335548400878906
7250.0,0,<250 Hz,0.019118240103125572,-32.47753143310547,0.5580129623413086,0.04064515233039856,-40.153289794921875
7250.0,1,250-500 Hz,0.03907623142004013,-29.372882843017578,0.5598587989807129,0.06215158477425575,-36.464420318603516
7250.0,2,500-750 Hz,0.003965209238231182,-39.309349060058594,0.5448364019393921,0.04682326316833496,-38.924232482910156
7250.0,3,750-1000 Hz,0.009946121834218502,-35.31547164916992,0.5352634191513062,0.03158704191446304,-42.343284606933594
7250.0,4,1-1.5 kHz,0.04204182326793671,-29.055194854736328,0.5410046577453613,0.059998899698257446,-36.770599365234375
7250.0,5,1.5-2.5 kHz,0.0008940891711972654,-45.778202056884766,0.5472521185874939,0.015972111374139786,-48.26621627807617
7250.0,6,2.5-4 kHz,0.0019875112920999527,-42.30891418457031,0.5532669425010681,0.01581481285393238,-48.3521842956543
7250.0,7,>4 kHz,0.2777494192123413,-20.85547637939453,0.6215807795524597,0.19478777050971985,-26.54222869873047
7275.0,0,<250 Hz,0.027809979394078255,-30.85000228881836,0.56012362241745,0.04928271472454071,-38.47957229614258
7275.0,1,250-500 Hz,0.03517570346593857,-29.829580307006836,0.558799147605896,0.05888304114341736,-36.93366241455078
7275.0,2,500-750 Hz,0.0016087274998426437,-43.22718811035156,0.5441703200340271,0.04344436526298523,-39.57479476928711
7275.0,3,750-1000 Hz,0.006463246885687113,-37.187503814697266,0.5342642068862915,0.026283778250217438,-43.9397087097168
7275.0,4,1-1.5 kHz,0.03874068334698677,-29.410335540771484,0.5400291681289673,0.05745180696249008,-37.14739227294922
7275.0,5,1.5-2.5 kHz,0.0021052940282970667,-42.05888366699219,0.5476145148277283,0.019166449084877968,-46.6826286315918
7275.0,6,2.5-4 kHz,0.005728486925363541,-37.71160888671875,0.5542807579040527,0.024152439087629318,-44.67424392700195
7275.0,7,>4 kHz,0.2214534729719162,-21.839183807373047,0.6088793277740479,0.16825154423713684,-27.81428337097168
7300.0,0,<250 Hz,0.028509482741355896,-30.742115020751953,0.5602926015853882,0.04992244392633438,-38.36754608154297
7300.0,1,250-500 Hz,0.026724552735686302,-31.022903442382812,0.5564876794815063,0.051250047981739044,-38.13957977294922
7300.0,2,500-750 Hz,0.00048003392294049263,-48.47929000854492,0.5438506603240967,0.041737452149391174,-39.92294692993164
7300.0,3,750-1000 Hz,0.004385464824736118,-38.87185287475586,0.5336662530899048,0.022573068737983704,-45.26165008544922
7300.0,4,1-1.5 kHz,0.029011379927396774,-30.666324615478516,0.5371342897415161,0.049383509904146194,-38.46182632446289
7300.0,5,1.5-2.5 kHz,0.007868640124797821,-36.333011627197266,0.5493320226669312,0.030132710933685303,-42.75270080566406
7300.0,6,2.5-4 kHz,0.007074479479342699,-36.795066833496094,0.5546444654464722,0.026538584381341934,-43.85591125488281
7300.0,7,>4 kHz,0.1833096444606781,-22.66015625,0.5998457670211792,0.14946137368679047,-28.842885971069336
7325.0,0,<250 Hz,0.021405432373285294,-31.98676872253418,0.5585702657699585,0.04306163266301155,-39.65165328979492
7325.0,1,250-500 Hz,0.01666325330734253,-33.07441329956055,0.5537075996398926,0.0406845360994339,-40.14487838745117
7325.0,2,500-750 Hz,0.00018391884805168957,-52.64574432373047,0.5437667369842529,0.04127885028719902,-40.01891326904297
7325.0,3,750-1000 Hz,0.006320462096482515,-37.284523010253906,0.5342231392860413,0.026045335456728935,-44.018863677978516
7325.0,4,1-1.5 kHz,0.019209548830986023,-32.45683670043945,0.5341873168945312,0.040001098066568375,-40.292022705078125
7325.0,5,1.5-2.5 kHz,0.01909814402461052,-32.48209762573242,0.5526472330093384,0.044640298932790756,-39.33892059326172
7325.0,6,2.5-4 kHz,0.005182203371077776,-38.14686584472656,0.5541329383850098,0.023117270320653915,-45.05473327636719
7325.0,7,>4 kHz,0.17124547064304352,-22.95581817626953,0.5969129800796509,0.14333871006965637,-29.206195831298828
7350.0,0,<250 Hz,0.011665786616504192,-34.62287139892578,0.556187093257904,0.03167780116200447,-42.318363189697266
7350.0,1,250-500 Hz,0.007908889092504978,-36.31085205078125,0.5512633919715881,0.02891591191291809,-43.1107292175293
7350.0,2,500-750 Hz,0.0003117529267910868,-50.353904724121094,0.5438029766082764,0.04147743433713913,-39.97722625732422
7350.0,3,750-1000 Hz,0.014092343859374523,-33.80217742919922,0.5364481210708618,0.03698641434311867,-40.972618103027344
7350.0,4,1-1.5 kHz,0.013995607383549213,-33.83209228515625,0.5326071977615356,0.03414846211671829,-41.666038513183594
7350.0,5,1.5-2.5 kHz,0.03231113404035568,-30.198488235473633,0.5564955472946167,0.05764005333185196,-37.11897659301758
7350.0,6,2.5-4 kHz,0.003092570696026087,-40.38881301879883,0.5535669326782227,0.01865742728114128,-46.91642761230469
7350.0,7,>4 kHz,0.1900741010904312,-22.50278091430664,0.6014740467071533,0.15285469591617584,-28.647890090942383
7375.0,0,<250 Hz,0.005022455006837845,-38.2828483581543,0.5545467734336853,0.02095070108771324,-45.90949249267578
7375.0,1,250-500 Hz,0.002336570993065834,-41.60622024536133,0.5496951341629028,0.018093589693307877,-47.18296813964844
7375.0,2,500-750 Hz,0.0011421905364841223,-44.714622497558594,0.5440382361412048,0.04274654760956764,-39.7154426574707
7375.0,3,750-1000 Hz,0.0273894052952528,-30.916183471679688,0.5402121543884277,0.050903528928756714,-38.19850540161133
7375.0,4,1-1.5 kHz,0.013553726486861706,-33.97142028808594,0.5324729084968567,0.033611051738262177,-41.8038215637207
7375.0,5,1.5-2.5 kHz,0.041067641228437424,-29.157011032104492,0.5590152144432068,0.06507895141839981,-36.06465148925781
7375.0,6,2.5-4 kHz,0.004939055070281029,-38.355567932128906,0.5540671348571777,0.022642506286501884,-45.23497772216797
7375.0,7,>4 kHz,0.23979641497135162,-21.49358367919922,0.6130983829498291,0.17703422904014587,-27.3723201751709
7400.0,0,<250 Hz,0.0038289872463792562,-39.4611701965332,0.5542508363723755,0.01840808428823948,-47.03329086303711
7400.0,1,250-500 Hz,0.0004217817331664264,-49.041133880615234,0.5491541028022766,0.012442518956959248,-50.435298919677734
7400.0,2,500-750 Hz,0.0036463462747633457,-39.673431396484375,0.5447463989257812,0.046379394829273224,-39.006961822509766
7400.0,3,750-1000 Hz,0.04309574142098427,-28.94766616821289,0.5445902347564697,0.064081110060215,-36.1988639831543
7400.0,4,1-1.5 kHz,0.014829553663730621,-33.580726623535156,0.5328605771064758,0.03514149412512779,-41.41706085205078
7400.0,5,1.5-2.5 kHz,0.040555793792009354,-29.21148109436035,0.5588686466217041,0.0646623969078064,-36.12042999267578
7400.0,6,2.5-4 kHz,0.012237991206347942,-34.41490936279297,0.5560348033905029,0.03425673767924309,-41.638545989990234
7400.0,7,>4 kHz,0.3135124444961548,-20.32946014404297,0.6292816996574402,0.21109294891357422,-25.843990325927734
7425.0,0,<250 Hz,0.006313630845397711,-37.289215087890625,0.5548665523529053,0.023401718586683273,-44.948509216308594
7425.0,1,250-500 Hz,0.00144391565117985,-43.696590423583984,0.5494431257247925,0.015709038823843002,-48.41047286987305
7425.0,2,500-750 Hz,0.008775530382990837,-35.859275817871094,0.5461907982826233,0.05311417207121849,-37.829254150390625
7425.0,3,750-1000 Hz,0.056047841906547546,-27.806419372558594,0.5481461882591248,0.07357512414455414,-34.998844146728516
7425.0,4,1-1.5 kHz,0.014791728928685188,-33.591819763183594,0.5328490734100342,0.03509688004851341,-41.42809295654297
7425.0,5,1.5-2.5 kHz,0.031666211783885956,-30.286046981811523,0.5563089847564697,0.05706298351287842,-37.20637512207031
7425.0,6,2.5-4 kHz,0.022239886224269867,-31.820682525634766,0.5587053298950195,0.04588930308818817,-39.09923553466797
7425.0,7,>4 kHz,0.3967541456222534,-19.306795120239258,0.6461848020553589,0.24781696498394012,-24.450843811035156
7450.0,0,<250 Hz,0.008898305706679821,-35.79893493652344,0.5555052161216736,0.02769004926085472,-43.48699188232422
7450.0,1,250-500 Hz,0.003959351219236851,-39.31576919555664,0.5501528978347778,0.02178311161696911,-45.57106399536133
7450.0,2,500-750 Hz,0.016637608408927917,-33.08110046386719,0.5483891367912292,0.062178194522857666,-36.46070098876953
7450.0,3,750-1000 Hz,0.061230890452861786,-27.422304153442383,0.5495556592941284,0.07714150100946426,-34.587703704833984
7450.0,4,1-1.5 kHz,0.012632547877728939,-34.277099609375,0.5321927070617676,0.032465510070323944,-42.10502243041992
7450.0,5,1.5-2.5 kHz,0.0210857056081295,-32.052127838134766,0.5532296895980835,0.04678839445114136,-38.930702209472656
7450.0,6,2.5-4 kHz,0.029637111350893974,-30.573650360107422,0.5606614351272583,0.053058817982673645,-37.838314056396484
7450.0,7,>4 kHz,0.4700617492198944,-18.570459365844727,0.6599851846694946,0.2790420353412628,-23.42007064819336
7475.0,0,<250 Hz,0.009215697646141052,-35.646728515625,0.5555835366249084,0.028174027800559998,-43.33648681640625
7475.0,1,250-500 Hz,0.0063648708164691925,-37.254112243652344,0.5508297681808472,0.02634691633284092,-43.91886901855469
7475.0,2,500-750 Hz,0.026271849870681763,-31.097103118896484,0.5510573387145996,0.07194587588310242,-35.19334411621094
7475.0,3,750-1000 Hz,0.05640575289726257,-27.778776168823242,0.5482437610626221,0.07382507622241974,-34.96938705444336
7475.0,4,1-1.5 kHz,0.009533446282148361,-35.49951171875,0.5312479734420776,0.028308330103754997,-43.2951774597168
7475.0,5,1.5-2.5 kHz,0.0169424619525671,-33.00224304199219,0.5520139932632446,0.042206380516290665,-39.82590103149414
7475.0,6,2.5-4 kHz,0.03026374988257885,-30.48278045654297,0.5608264207839966,0.05362938344478607,-37.74540710449219
7475.0,7,>4 kHz,0.5147902369499207,-18.17570686340332,0.6679486036300659,0.29767024517059326,-22.858755111694336
7500.0,0,<250 Hz,0.007433528546243906,-36.58005905151367,0.5551434755325317,0.025344308465719223,-44.255859375
7500.0,1,250-500 Hz,0.007508670911192894,-36.536376953125,0.5511510372161865,0.028271004557609558,-43.306640625
7500.0,2,500-750 Hz,0.036193378269672394,-29.705717086791992,0.5537760853767395,0.08098898828029633,-34.16494369506836
7500.0,3,750-1000 Hz,0.04362131655216217,-28.89501953125,0.5447354316711426,0.0644858181476593,-36.14418029785156
7500.0,4,1-1.5 kHz,0.007095310837030411,-36.78229522705078,0.5305025577545166,0.02459043264389038,-44.51814270019531
7500.0,5,1.5-2.5 kHz,0.023048507049679756,-31.66558074951172,0.5538036823272705,0.04882948473095894,-38.55982208251953
7500.0,6,2.5-4 kHz,0.023972418159246445,-31.494892120361328,0.5591648817062378,0.04764944687485695,-38.772308349609375
7500.0,7,>4 kHz,0.5198017954826355,-18.13363265991211,0.6688203811645508,0.2997400462627411,-22.798568725585938
7525.0,0,<250 Hz,0.005293119233101606,-38.054893493652344,0.5546138286590576,0.02148650772869587,-45.690147399902344
7525.0,1,250-500 Hz,0.0072557320818305016,-36.68519592285156,0.5510801076889038,0.027856430038809776,-43.43495178222656
7525.0,2,500-750 Hz,0.04522831365466118,-28.737905502319336,0.5562265515327454,0.08859127759933472,-33.385643005371094
7525.0,3,750-1000 Hz,0.028467223048210144,-30.748558044433594,0.5405149459838867,0.051891639828681946,-38.031517028808594
7525.0,4,1-1.5 kHz,0.00629793293774128,-37.30002975463867,0.530258297920227,0.02325441688299179,-45.00335693359375
7525.0,5,1.5-2.5 kHz,0.03601480647921562,-29.72719955444336,0.5575642585754395,0.0608726441860199,-36.64501953125
7525.0,6,2.5-4 kHz,0.014617267064750195,-33.643348693847656,0.5566726922988892,0.03731636330485344,-40.895477294921875
7525.0,7,>4 kHz,0.4855431318283081,-18.429731369018555,0.6627791523933411,0.28552520275115967,-23.2205753326416
7550.0,0,<250 Hz,0.004184301942586899,-39.07577896118164,0.5543389916419983,0.019198982045054436,-46.66790008544922
7550.0,1,250-500 Hz,0.006707848981022835,-37.02617645263672,0.5509262084960938,0.02693774178624153,-43.72623825073242
7550.0,2,500-750 Hz,0.05293593928217888,-28.054502487182617,0.5582981705665588,0.09471312165260315,-32.805259704589844
7550.0,3,750-1000 Hz,0.017244497314095497,-32.92550277709961,0.5373452305793762,0.04065782576799393,-40.15058135986328
7550.0,4,1-1.5 kHz,0.007764508947730064,-36.390869140625,0.5307072997093201,0.025661032646894455,-44.14798355102539
7550.0,5,1.5-2.5 kHz,0.04748765006661415,-28.526203155517578,0.560847282409668,0.0701480507850647,-35.41315460205078
7550.0,6,2.5-4 kHz,0.0073260171338915825,-36.64332962036133,0.5547124147415161,0.026963071897625923,-43.718074798583984
7550.0,7,>4 kHz,0.4232044517993927,-19.026506423950195,0.6512757539749146,0.2591927647590637,-24.06100845336914
7575.0,0,<250 Hz,0.004042818211019039,-39.22516632080078,0.5543038845062256,0.018887829035520554,-46.80982208251953
7575.0,1,250-500 Hz,0.007731880992650986,-36.409156799316406,0.5512136816978455,0.02863255701959133,-43.19626235961914
7575.0,2,500-750 Hz,0.0593549869954586,-27.557437896728516,0.5600104331970215,0.09960316121578217,-32.368003845214844
7575.0,3,750-1000 Hz,0.01358124427497387,-33.962615966796875,0.5363023281097412,0.03636074438691139,-41.120811462402344
7575.0,4,1-1.5 kHz,0.01233633141964674,-34.380149841308594,0.5321025848388672,0.03208939731121063,-42.206233978271484
7575.0,5,1.5-2.5 kHz,0.04995410889387131,-28.306297302246094,0.5615477561950684,0.07202541828155518,-35.18375015258789
7575.0,6,2.5-4 kHz,0.005179899279028177,-38.14879608154297,0.554132342338562,0.023113764822483063,-45.056053161621094
7575.0,7,>4 kHz,0.3495849072933197,-19.856483459472656,0.6367763876914978,0.22719883918762207,-25.20534324645996
7600.0,0,<250 Hz,0.0038193578366190195,-39.47210693359375,0.5542484521865845,0.01838599517941475,-47.04372024536133
7600.0,1,250-500 Hz,0.011774446815252304,-34.582603454589844,0.5523455142974854,0.03456640988588333,-41.56037902832031
7600.0,2,500-750 Hz,0.06445710361003876,-27.199302673339844,0.5613629817962646,0.10337384790182114,-32.045249938964844
7600.0,3,750-1000 Hz,0.016564909368753433,-33.100120544433594,0.5371520519256592,0.03989138454198837,-40.315879821777344
7600.0,4,1-1.5 kHz,0.020710457116365433,-32.13011169433594,0.5346406102180481,0.04155133664608002,-39.96176528930664
7600.0,5,1.5-2.5 kHz,0.04202937334775925,-29.056480407714844,0.5592905282974243,0.06585705280303955,-35.96141815185547
7600.0,6,2.5-4 kHz,0.00764224911108613,-36.45979690551758,0.5547977685928345,0.02748657390475273,-43.551055908203125
7600.0,7,>4 kHz,0.2809285521507263,-20.806049346923828,0.6222766041755676,0.19625376164913177,-26.47710418701172
7625.0,0,<250 Hz,0.002763592405244708,-40.87726974487305,0.5539863109588623,0.015807297080755234,-48.35631561279297
7625.0,1,250-500 Hz,0.018517691642045975,-32.61614227294922,0.5542223453521729,0.04280047118663788,-39.70449447631836
7625.0,2,500-750 Hz,0.06793729960918427,-26.970928192138672,0.5622813701629639,0.10589301586151123,-31.836118698120117
7625.0,3,750-1000 Hz,0.021604474633932114,-31.94657325744629,0.538581132888794,0.04530264437198639,-39.21099090576172
7625.0,4,1-1.5 kHz,0.03209948167204857,-30.22702980041504,0.5380563735961914,0.052048832178115845,-38.005245208740234
7625.0,5,1.5-2.5 kHz,0.029402075335383415,-30.608230590820312,0.5556530952453613,0.05499770864844322,-37.526573181152344
7625.0,6,2.5-4 kHz,0.011556165292859077,-34.66387176513672,0.5558516383171082,0.03333292901515961,-41.87599563598633
7625.0,7,>4 kHz,0.22924906015396118,-21.688934326171875,0.6106821298599243,0.17200249433517456,-27.62276840209961
7650.0,0,<250 Hz,0.0012266053818166256,-44.40496063232422,0.5536041259765625,0.011049238033592701,-51.466819763183594
7650.0,1,250-500 Hz,0.02536800131201744,-31.2491455078125,0.5561145544052124,0.049937669187784195,-38.364898681640625
7650.0,2,500-750 Hz,0.06961164623498917,-26.865192413330078,0.5627219676971436,0.10709083080291748,-31.738418579101562
7650.0,3,750-1000 Hz,0.02350413240492344,-31.58056640625,0.5391178131103516,0.047203321009874344,-38.85401153564453
7650.0,4,1-1.5 kHz,0.04335601627826691,-28.92151641845703,0.5413920879364014,0.06099056079983711,-36.628211975097656
7650.0,5,1.5-2.5 kHz,0.02090718410909176,-32.089054107666016,0.5531774163246155,0.046599216759204865,-38.96589279174805
7650.0,6,2.5-4 kHz,0.013657036237418652,-33.93844223022461,0.5564154386520386,0.036109570413827896,-41.18101501464844
7650.0,7,>4 kHz,0.20252016186714172,-22.227327346801758,0.6044400930404663,0.1590251922607422,-28.30414581298828
7675.0,0,<250 Hz,0.00027514449902810156,-50.896400451660156,0.5533672571182251,0.006581892725080252,-55.96644973754883
7675.0,1,250-500 Hz,0.028471294790506363,-30.74793815612793,0.5569671392440796,0.052900832146406174,-37.86421203613281
7675.0,2,500-750 Hz,0.06999778747558594,-26.84116554260254,0.562823474407196,0.10736595094203949,-31.71613311767578
7675.0,3,750-1000 Hz,0.019771678373217583,-32.331573486328125,0.538062334060669,0.04340231418609619,-39.58320617675781
7675.0,4,1-1.5 kHz,0.049939751625061035,-28.307544708251953,0.5433247089385986,0.06579765677452087,-35.96925735473633
7675.0,5,1.5-2.5 kHz,0.022487346082925797,-31.772628784179688,0.5536397099494934,0.04825378581881523,-38.662837982177734
7675.0,6,2.5-4 kHz,0.012644411064684391,-34.27302551269531,0.5561438798904419,0.03479638695716858,-41.50278091430664
7675.0,7,>4 kHz,0.20689503848552704,-22.134510040283203,0.6054736375808716,0.1611749827861786,-28.187511444091797
7700.0,0,<250 Hz,0.0006256161723285913,-47.32892990112305,0.5534545183181763,0.008503061719238758,-53.7419548034668
7700.0,1,250-500 Hz,0.025037622079253197,-31.30607795715332,0.5560237169265747,0.04961349070072174,-38.421470642089844
7700.0,2,500-750 Hz,0.07029345631599426,-26.822860717773438,0.5629011392593384,0.10757631063461304,-31.69913101196289
7700.0,3,750-1000 Hz,0.011994883418083191,-34.50204849243164,0.5358494520187378,0.03435149043798447,-41.61455154418945
7700.0,4,1-1.5 kHz,0.04854267090559006,-28.430770874023438,0.5429157018661499,0.06479883193969727,-36.10211944580078
7700.0,5,1.5-2.5 kHz,0.033225204795598984,-30.077333450317383,0.5567597150802612,0.058451198041439056,-36.997596740722656
7700.0,6,2.5-4 kHz,0.009529843926429749,-35.50115203857422,0.5553065538406372,0.030436735600233078,-42.66550064086914
7700.0,7,>4 kHz,0.24769936501979828,-21.352760314941406,0.614891767501831,0.18077704310417175,-27.19059944152832
7725.0,0,<250 Hz,0.0019292902434244752,-42.43803405761719,0.5537789463996887,0.013431965373456478,-49.77067565917969
7725.0,1,250-500 Hz,0.015674367547035217,-33.34010696411133,0.5534326434135437,0.039515674114227295,-40.39807891845703
7725.0,2,500-750 Hz,0.07146824896335602,-26.750877380371094,0.5632096529006958,0.10840897262096405,-31.632158279418945
7725.0,3,750-1000 Hz,0.00444799242541194,-38.81037139892578,0.533684253692627,0.022692732512950897,-45.215728759765625
7725.0,4,1-1.5 kHz,0.03946381434798241,-29.33001708984375,0.5402431488037109,0.05801648646593094,-37.062435150146484
7725.0,5,1.5-2.5 kHz,0.04602186754345894,-28.66236686706543,0.5604301691055298,0.06901448965072632,-35.55466079711914
7725.0,6,2.5-4 kHz,0.006407019216567278,-37.22544860839844,0.5544641613960266,0.025382278487086296,-44.242855072021484
7725.0,7,>4 kHz,0.3270479142665863,-20.14589500427246,0.6321253180503845,0.21717454493045807,-25.597286224365234
7750.0,0,<250 Hz,0.0030880575068295,-40.39515686035156,0.5540668964385986,0.016641216352581978,-47.909767150878906
7750.0,1,250-500 Hz,0.0050883181393146515,-38.22626495361328,0.5504708290100098,0.024029050022363663,-44.71873474121094
7750.0,2,500-750 Hz,0.07301147282123566,-26.658098220825195,0.5636142492294312,0.10949638485908508,-31.545469284057617
7750.0,3,750-1000 Hz,0.000973075395449996,-45.41054153442383,0.5326814651489258,0.014650794677436352,-49.01624298095703
7750.0,4,1-1.5 kHz,0.026725731790065765,-31.02271270751953,0.5364498496055603,0.04733368754386902,-38.830055236816406
7750.0,5,1.5-2.5 kHz,0.05222141742706299,-28.113521575927734,0.5621898770332336,0.07372087240219116,-34.98165512084961
7750.0,6,2.5-4 kHz,0.004881208762526512,-38.406734466552734,0.5540515184402466,0.022527944296598434,-45.27903747558594
7750.0,7,>4 kHz,0.43926355242729187,-18.864757537841797,0.6543043851852417,0.26603373885154724,-23.834728240966797
7775.0,0,<250 Hz,0.0032327985391020775,-40.196224212646484,0.5541028380393982,0.01700037345290184,-47.72429656982422
7775.0,1,250-500 Hz,0.00015709488070569932,-53.330387115478516,0.549079179763794,0.0114502077922225,-51.157196044921875
7775.0,2,500-750 Hz,0.07249663770198822,-26.688831329345703,0.5634793043136597,0.10913428664207458,-31.57423973083496
7775.0,3,750-1000 Hz,0.0023643060121685266,-41.554969787597656,0.533083438873291,0.018287403509020805,-47.090423583984375
7775.0,4,1-1.5 kHz,0.01562638022005558,-33.35342788696289,0.5331023931503296,0.036068592220544815,-41.190879821777344
7775.0,5,1.5-2.5 kHz,0.04702601581811905,-28.568628311157227,0.5607159733772278,0.06979261338710785,-35.457275390625
7775.0,6,2.5-4 kHz,0.005284464452415705,-38.0620002746582,0.5541606545448303,0.023314785212278366,-44.9808349609375
7775.0,7,>4 kHz,0.5677933096885681,-17.750106811523438,0.6769691109657288,0.31936684250831604,-22.24766731262207
7800.0,0,<250 Hz,0.0024784491397440434,-41.3502082824707,0.5539154410362244,0.015036914497613907,-48.790287017822266
7800.0,1,250-500 Hz,0.0061551658436656,-37.39961242675781,0.5507708787918091,0.025980347767472267,-44.040565490722656
7800.0,2,500-750 Hz,0.06672324985265732,-27.049236297607422,0.5619614124298096,0.10501883924007416,-31.90812110900879
7800.0,3,750-1000 Hz,0.006085040047764778,-37.44937515258789,0.5341554284095764,0.025646189227700233,-44.15300750732422
7800.0,4,1-1.5 kHz,0.009516170248389244,-35.507389068603516,0.5312427282333374,0.02828424610197544,-43.302574157714844
7800.0,5,1.5-2.5 kHz,0.03226234391331673,-30.205049514770508,0.5564814805984497,0.057597290724515915,-37.125423431396484
7800.0,6,2.5-4 kHz,0.007026258856058121,-36.82476806640625,0.5546314716339111,0.02645682357251644,-43.88270950317383
7800.0,7,>4 kHz,0.6871509552001953,-16.92148780822754,0.6957740783691406,0.3669126331806183,-21.042211532592773
7825.0,0,<250 Hz,0.0017597796395421028,-42.837425231933594,0.5537368059158325,0.012897083535790443,-50.123634338378906
7825.0,1,250-500 Hz,0.02311510033905506,-31.653051376342773,0.5554938316345215,0.04769069328904152,-38.764793395996094
7825.0,2,500-750 Hz,0.05397621542215347,-27.969985961914062,0.5585764646530151,0.09551751613616943,-32.73180389404297
7825.0,3,750-1000 Hz,0.008368948474526405,-36.06529998779297,0.5348113775253296,0.02929670736193657,-42.99708938598633
7825.0,4,1-1.5 kHz,0.008178049698472023,-36.16551208496094,0.5308338403701782,0.026302192360162735,-43.933624267578125
7825.0,5,1.5-2.5 kHz,0.015089675784111023,-33.505210876464844,0.551468551158905,0.040009692311286926,-40.2901611328125
7825.0,6,2.5-4 kHz,0.009437681175768375,-35.543357849121094,0.5552817583084106,0.030298899859189987,-42.704925537109375
7825.0,7,>4 kHz,0.7704249024391174,-16.424705505371094,0.7077804207801819,0.3990936279296875,-20.311967849731445
7850.0,0,<250 Hz,0.0019321613945066929,-42.43157196044922,0.5537796020507812,0.013440907001495361,-49.764892578125
7850.0,1,250-500 Hz,0.0448019802570343,-28.779037475585938,0.561406135559082,0.06672506779432297,-35.84768295288086
7850.0,2,500-750 Hz,0.03592192381620407,-29.738414764404297,0.5537020564079285,0.0807524174451828,-34.19035339355469
7850.0,3,750-1000 Hz,0.007117455825209618,-36.768760681152344,0.5344521403312683,0.0273530725389719,-43.59333801269531
7850.0,4,1-1.5 kHz,0.008841579779982567,-35.82670974731445,0.5310366153717041,0.02730117365717888,-43.609840393066406
7850.0,5,1.5-2.5 kHz,0.0038719959557056427,-39.41265869140625,0.54814213514328,0.023063527420163155,-45.074951171875
7850.0,6,2.5-4 kHz,0.012342367321252823,-34.37802505493164,0.5560628175735474,0.03439588099718094,-41.603336334228516
7850.0,7,>4 kHz,0.799128532409668,-16.26584243774414,0.7117258310317993,0.4100094735622406,-20.077587127685547
7875.0,0,<250 Hz,0.002956097712740302,-40.58482360839844,0.5540341138839722,0.016307059675455093,-48.08595275878906
7875.0,1,250-500 Hz,0.06130991131067276,-27.416704177856445,0.5658135414123535,0.07880143821239471,-34.40277862548828
7875.0,2,500-750 Hz,0.017505092546343803,-32.86036682128906,0.5486304759979248,0.06310954689979553,-36.33156204223633
7875.0,3,750-1000 Hz,0.0033730873838067055,-40.01173400878906,0.5333744883537292,0.02053436078131199,-46.083839416503906
7875.0,4,1-1.5 kHz,0.008682815358042717,-35.90540313720703,0.5309880971908569,0.02706514112651348,-43.68526077270508
7875.0,5,1.5-2.5 kHz,0.0039049903862178326,-39.37580871582031,0.548151969909668,0.023130368441343307,-45.0498161315918
7875.0,6,2.5-4 kHz,0.01596866175532341,-33.25932312011719,0.5570343136787415,0.03895677253603935,-40.52180480957031
7875.0,7,>4 kHz,0.77023845911026,-16.425758361816406,0.7077544927597046,0.39902356266975403,-20.313493728637695
7900.0,0,<250 Hz,0.0039041717536747456,-39.3767204284668,0.5542694330215454,0.018577901646494865,-46.953529357910156
7900.0,1,250-500 Hz,0.06422480940818787,-27.214981079101562,0.5665835738182068,0.08080204576253891,-34.185020446777344
7900.0,2,500-750 Hz,0.004544121213257313,-38.71751022338867,0.5449998378753662,0.04762063920497894,-38.777557373046875
7900.0,3,750-1000 Hz,0.00034870850504375994,-49.86738204956055,0.5325008630752563,0.012691689655184746,-50.26307678222656
7900.0,4,1-1.5 kHz,0.00674752052873373,-37.00056838989258,0.530396044254303,0.024016069248318672,-44.723426818847656
7900.0,5,1.5-2.5 kHz,0.015340935438871384,-33.43349075317383,0.5515426397323608,0.04031318426132202,-40.224525451660156
7900.0,6,2.5-4 kHz,0.020461123436689377,-32.182716369628906,0.5582325458526611,0.044019632041454315,-39.46053695678711
7900.0,7,>4 kHz,0.6968950629234314,-16.860336303710938,0.6972237825393677,0.3707176446914673,-20.952598571777344
7925.0,0,<250 Hz,0.0037800332065671682,-39.517051696777344,0.5542386770248413,0.018296189606189728,-47.08625411987305
7925.0,1,250-500 Hz,0.05150054395198822,-28.17388916015625,0.5632040500640869,0.07179853320121765,-35.211151123046875
7925.0,2,500-750 Hz,0.0003584652440622449,-49.74753952026367,0.5438162088394165,0.04155026376247406,-39.96199035644531
7925.0,3,750-1000 Hz,0.0007992471219040453,-46.26519775390625,0.5326311588287354,0.014132064767181873,-49.32935333251953
7925.0,4,1-1.5 kHz,0.003935005981475115,-39.34255599975586,0.5295333862304688,0.018774520605802536,-46.86208724975586
7925.0,5,1.5-2.5 kHz,0.0338716022670269,-29.993650436401367,0.5569463968276978,0.05901818722486496,-36.91374969482422
7925.0,6,2.5-4 kHz,0.02547641471028328,-31.23062515258789,0.5595631003379822,0.04913344979286194,-38.50592041015625
7925.0,7,>4 kHz,0.602853000164032,-17.48989486694336,0.682701587677002,0.3335137963294983,-21.871187210083008
7950.0,0,<250 Hz,0.002435065573081374,-41.426902770996094,0.55390465259552,0.01491627562791109,-48.860252380371094
7950.0,1,250-500 Hz,0.029142562299966812,-30.646732330322266,0.557151198387146,0.053523171693086624,-37.76262664794922
7950.0,2,500-750 Hz,0.0036941564176231623,-39.61685562133789,0.5447598695755005,0.04644615948200226,-38.994468688964844
7950.0,3,750-1000 Hz,0.004791960120201111,-38.48687744140625,0.5337833762168884,0.02334263175725937,-44.9704704284668
7950.0,4,1-1.5 kHz,0.0016155734192579985,-43.208740234375,0.5288200378417969,0.013013460673391819,-50.04560852050781
7950.0,5,1.5-2.5 kHz,0.05315229669213295,-28.036788940429688,0.5624530911445618,0.07440756261348724,-34.901123046875
7950.0,6,2.5-4 kHz,0.0301729254424572,-30.495834350585938,0.5608025193214417,0.053546659648418427,-37.758819580078125
7950.0,7,>4 kHz,0.5141599178314209,-18.181026458740234,0.6678385734558105,0.297410249710083,-22.866344451904297
